task	commit	axis	build	scope	arm	size	instrument	value_median	value_min	value_max	value_rounds
7-M2-control	ced6c209	varlookup	head	arm_ratio	ir/tw	small	instructions:u	1.021182	1.021182	1.021182	5
7-M2-control	ced6c209	varlookup	head	absolute	tw	small	instructions:u	72656654173.000000	72656653707.000000	72656654256.000000	5
7-M2-control	ced6c209	varlookup	head	absolute	ir	small	instructions:u	74195661250.000000	74195660880.000000	74195661879.000000	5
7-M2-control	ced6c209	varlookup	head	arm_ratio	ir/tw	large	instructions:u	1.021182	1.021182	1.021182	5
7-M2-control	ced6c209	varlookup	head	absolute	tw	large	instructions:u	145312693879.000000	145312693268.000000	145312694929.000000	5
7-M2-control	ced6c209	varlookup	head	absolute	ir	large	instructions:u	148390701147.000000	148390700796.000000	148390702046.000000	5
7-M2-control	ced6c209	varlookup	head	per_pass	tw	-	instructions:u	3824.002098	3824.002058	3824.002141	5
7-M2-control	ced6c209	varlookup	head	fixed	tw	-	instructions:u	614058.000000	613535.000000	615078.000000	5
7-M2-control	ced6c209	varlookup	head	per_pass	ir	-	instructions:u	3905.002081	3905.002064	3905.002158	5
7-M2-control	ced6c209	varlookup	head	fixed	ir	-	instructions:u	621704.000000	620030.000000	622663.000000	5
7-M2-control	ced6c209	varlookup	head	per_pass_gap	ir-tw	-	instructions:u	81.000005	80.999970	81.000024	5
7-M2-control	ced6c209	varlookup	head	arm_ratio	ir/tw	small	cycles:u	1.008124	1.006562	1.014682	5
7-M2-control	ced6c209	varlookup	head	absolute	tw	small	cycles:u	15470448753.000000	15360578373.000000	15504943639.000000	5
7-M2-control	ced6c209	varlookup	head	absolute	ir	small	cycles:u	15606692302.000000	15544646034.000000	15697580098.000000	5
7-M2-control	ced6c209	varlookup	head	arm_ratio	ir/tw	large	cycles:u	1.011126	1.007319	1.019753	5
7-M2-control	ced6c209	varlookup	head	absolute	tw	large	cycles:u	30855040379.000000	30712483031.000000	30884698906.000000	5
7-M2-control	ced6c209	varlookup	head	absolute	ir	large	cycles:u	31147832287.000000	31110745960.000000	31489330393.000000	5
7-M2-control	ced6c209	varlookup	head	per_pass	tw	-	cycles:u	809.460804	807.994982	811.473171	5
7-M2-control	ced6c209	varlookup	head	fixed	tw	-	cycles:u	61525840.000000	8673715.000000	125188372.000000	5
7-M2-control	ced6c209	varlookup	head	per_pass	ir	-	cycles:u	821.073543	816.002824	831.144752	5
7-M2-control	ced6c209	varlookup	head	fixed	ir	-	cycles:u	-52962355.000000	-109032588.000000	102638644.000000	5
7-M2-control	ced6c209	varlookup	head	per_pass_gap	ir-tw	-	cycles:u	12.404651	6.542021	20.148810	5
7-M2-control	ced6c209	varlookup	control	arm_ratio	ir/tw	small	instructions:u	1.037395	1.037395	1.037395	5
7-M2-control	ced6c209	varlookup	control	absolute	tw	small	instructions:u	72656654220.000000	72656653793.000000	72656654765.000000	5
7-M2-control	ced6c209	varlookup	control	absolute	ir	small	instructions:u	75373661302.000000	75373661270.000000	75373661644.000000	5
7-M2-control	ced6c209	varlookup	control	arm_ratio	ir/tw	large	instructions:u	1.037395	1.037395	1.037395	5
7-M2-control	ced6c209	varlookup	control	absolute	tw	large	instructions:u	145312693726.000000	145312693324.000000	145312694352.000000	5
7-M2-control	ced6c209	varlookup	control	absolute	ir	large	instructions:u	150746701749.000000	150746701430.000000	150746701993.000000	5
7-M2-control	ced6c209	varlookup	control	per_pass	tw	-	instructions:u	3824.002081	3824.002056	3824.002112	5
7-M2-control	ced6c209	varlookup	control	fixed	tw	-	instructions:u	614262.000000	614088.000000	615698.000000	5
7-M2-control	ced6c209	varlookup	control	per_pass	ir	-	instructions:u	3967.002120	3967.002111	3967.002142	5
7-M2-control	ced6c209	varlookup	control	fixed	ir	-	instructions:u	621054.000000	620585.000000	621539.000000	5
7-M2-control	ced6c209	varlookup	control	per_pass_gap	ir-tw	-	instructions:u	143.000047	142.999999	143.000072	5
7-M2-control	ced6c209	varlookup	control	arm_ratio	ir/tw	small	cycles:u	1.046999	1.019322	1.050564	5
7-M2-control	ced6c209	varlookup	control	absolute	tw	small	cycles:u	15221691117.000000	15177128161.000000	15670482056.000000	5
7-M2-control	ced6c209	varlookup	control	absolute	ir	small	cycles:u	15950353538.000000	15882563752.000000	15973272451.000000	5
7-M2-control	ced6c209	varlookup	control	arm_ratio	ir/tw	large	cycles:u	1.047966	1.046159	1.052639	5
7-M2-control	ced6c209	varlookup	control	absolute	tw	large	cycles:u	30416321100.000000	30405866791.000000	30558624430.000000	5
7-M2-control	ced6c209	varlookup	control	absolute	ir	large	cycles:u	31873433213.000000	31829473892.000000	32167201292.000000	5
7-M2-control	ced6c209	varlookup	control	per_pass	tw	-	cycles:u	799.717368	776.004268	808.207429	5
7-M2-control	ced6c209	varlookup	control	fixed	tw	-	cycles:u	27061134.000000	-153257864.000002	926400955.000000	5
7-M2-control	ced6c209	varlookup	control	per_pass	ir	-	cycles:u	840.397065	835.743177	852.410798	5
7-M2-control	ced6c209	varlookup	control	fixed	ir	-	cycles:u	-77100285.000000	-224409020.000000	73111689.000002	5
7-M2-control	ced6c209	varlookup	control	per_pass_gap	ir-tw	-	cycles:u	44.203369	36.025809	60.846298	5
7-M2-control	ced6c209	varlookup	head>control	across_builds	tw	small	instructions:u	1.000000	1.000000	1.000000	5
7-M2-control	ced6c209	varlookup	head>control	across_builds	ir	small	instructions:u	1.015877	1.015877	1.015877	5
7-M2-control	ced6c209	varlookup	head>control	across_builds	tw	large	instructions:u	1.000000	1.000000	1.000000	5
7-M2-control	ced6c209	varlookup	head>control	across_builds	ir	large	instructions:u	1.015877	1.015877	1.015877	5
7-M2-control	ced6c209	varlookup	head>control	across_builds	tw	small	cycles:u	0.990958	0.981040	1.010676	5
7-M2-control	ced6c209	varlookup	head>control	across_builds	ir	small	cycles:u	1.023253	1.012286	1.025915	5
7-M2-control	ced6c209	varlookup	head>control	across_builds	tw	large	cycles:u	0.986171	0.984778	0.990815	5
7-M2-control	ced6c209	varlookup	head>control	across_builds	ir	large	cycles:u	1.023707	1.011707	1.033214	5
7-M2-control	ced6c209	emptyloop	head	arm_ratio	ir/tw	small	instructions:u	1.065962	1.065962	1.065962	5
7-M2-control	ced6c209	emptyloop	head	absolute	tw	small	instructions:u	37900660109.000000	37900659137.000000	37900660375.000000	5
7-M2-control	ced6c209	emptyloop	head	absolute	ir	small	instructions:u	40400668841.000000	40400668682.000000	40400669043.000000	5
7-M2-control	ced6c209	emptyloop	head	arm_ratio	ir/tw	large	instructions:u	1.065963	1.065963	1.065963	5
7-M2-control	ced6c209	emptyloop	head	absolute	tw	large	instructions:u	75800710365.000000	75800710073.000000	75800710598.000000	5
7-M2-control	ced6c209	emptyloop	head	absolute	ir	large	instructions:u	80800719502.000000	80800718718.000000	80800720157.000000	5
7-M2-control	ced6c209	emptyloop	head	per_pass	tw	-	instructions:u	1516.002009	1516.001991	1516.002053	5
7-M2-control	ced6c209	emptyloop	head	fixed	tw	-	instructions:u	610145.000000	607804.000000	610590.000000	5
7-M2-control	ced6c209	emptyloop	head	per_pass	ir	-	instructions:u	1616.002030	1616.001997	1616.002053	5
7-M2-control	ced6c209	emptyloop	head	fixed	ir	-	instructions:u	618103.000000	617525.000000	619048.000000	5
7-M2-control	ced6c209	emptyloop	head	per_pass_gap	ir-tw	-	instructions:u	100.000003	99.999955	100.000061	5
7-M2-control	ced6c209	emptyloop	head	arm_ratio	ir/tw	small	cycles:u	1.040421	1.038721	1.056679	5
7-M2-control	ced6c209	emptyloop	head	absolute	tw	small	cycles:u	8234677054.000000	8225255561.000000	8251725725.000000	5
7-M2-control	ced6c209	emptyloop	head	absolute	ir	small	cycles:u	8570360280.000000	8561792209.000000	8698157636.000000	5
7-M2-control	ced6c209	emptyloop	head	arm_ratio	ir/tw	large	cycles:u	1.040495	1.037630	1.060863	5
7-M2-control	ced6c209	emptyloop	head	absolute	tw	large	cycles:u	16477069118.000000	16454040107.000000	16485853339.000000	5
7-M2-control	ced6c209	emptyloop	head	absolute	ir	large	cycles:u	17145104633.000000	17102810865.000000	17455476794.000000	5
7-M2-control	ced6c209	emptyloop	head	per_pass	tw	-	cycles:u	329.915629	328.665745	330.170169	5
7-M2-control	ced6c209	emptyloop	head	fixed	tw	-	cycles:u	-13213674.999999	-26557996.000000	31821419.000001	5
7-M2-control	ced6c209	emptyloop	head	per_pass	ir	-	cycles:u	342.440524	338.211378	355.404661	5
7-M2-control	ced6c209	emptyloop	head	fixed	ir	-	cycles:u	10229031.000000	-314756234.000000	242873175.000001	5
7-M2-control	ced6c209	emptyloop	head	per_pass_gap	ir-tw	-	cycles:u	13.204906	8.041209	26.738916	5
7-M2-control	ced6c209	emptyloop	control	arm_ratio	ir/tw	small	instructions:u	1.065962	1.065962	1.065962	5
7-M2-control	ced6c209	emptyloop	control	absolute	tw	small	instructions:u	37900660010.000000	37900659719.000000	37900660301.000000	5
7-M2-control	ced6c209	emptyloop	control	absolute	ir	small	instructions:u	40400668757.000000	40400668376.000000	40400669067.000000	5
7-M2-control	ced6c209	emptyloop	control	arm_ratio	ir/tw	large	instructions:u	1.065963	1.065963	1.065963	5
7-M2-control	ced6c209	emptyloop	control	absolute	tw	large	instructions:u	75800710603.000000	75800710402.000000	75800710659.000000	5
7-M2-control	ced6c209	emptyloop	control	absolute	ir	large	instructions:u	80800719521.000000	80800719045.000000	80800720967.000000	5
7-M2-control	ced6c209	emptyloop	control	per_pass	tw	-	instructions:u	1516.002023	1516.002014	1516.002027	5
7-M2-control	ced6c209	emptyloop	control	fixed	tw	-	instructions:u	609417.000000	609036.000000	609943.000000	5
7-M2-control	ced6c209	emptyloop	control	per_pass	ir	-	instructions:u	1616.002037	1616.002018	1616.002088	5
7-M2-control	ced6c209	emptyloop	control	fixed	ir	-	instructions:u	617727.000000	616547.000000	618613.000000	5
7-M2-control	ced6c209	emptyloop	control	per_pass_gap	ir-tw	-	instructions:u	100.000014	99.999991	100.000074	5
7-M2-control	ced6c209	emptyloop	control	arm_ratio	ir/tw	small	cycles:u	1.069953	1.064917	1.076041	5
7-M2-control	ced6c209	emptyloop	control	absolute	tw	small	cycles:u	8208335651.000000	8199664061.000000	8230403895.000000	5
7-M2-control	ced6c209	emptyloop	control	absolute	ir	small	cycles:u	8773817212.000000	8757761858.000000	8847316681.000000	5
7-M2-control	ced6c209	emptyloop	control	arm_ratio	ir/tw	large	cycles:u	1.064839	1.050483	1.069427	5
7-M2-control	ced6c209	emptyloop	control	absolute	tw	large	cycles:u	16447493938.000000	16382575702.000000	16860606403.000000	5
7-M2-control	ced6c209	emptyloop	control	absolute	ir	large	cycles:u	17544519097.000000	17480238594.000000	17711775331.000000	5
7-M2-control	ced6c209	emptyloop	control	per_pass	tw	-	cycles:u	328.683602	326.419081	346.090830	5
7-M2-control	ced6c209	emptyloop	control	fixed	tw	-	cycles:u	-7885783.000000	-443935101.000000	61621670.000000	5
7-M2-control	ced6c209	emptyloop	control	per_pass	ir	-	cycles:u	350.787556	345.316877	358.160539	5
7-M2-control	ced6c209	emptyloop	control	fixed	ir	-	cycles:u	5141305.000000	-196251615.000000	214394768.000000	5
7-M2-control	ced6c209	emptyloop	control	per_pass_gap	ir-tw	-	cycles:u	19.784228	12.069709	22.597808	5
7-M2-control	ced6c209	emptyloop	head>control	across_builds	tw	small	instructions:u	1.000000	1.000000	1.000000	5
7-M2-control	ced6c209	emptyloop	head>control	across_builds	ir	small	instructions:u	1.000000	1.000000	1.000000	5
7-M2-control	ced6c209	emptyloop	head>control	across_builds	tw	large	instructions:u	1.000000	1.000000	1.000000	5
7-M2-control	ced6c209	emptyloop	head>control	across_builds	ir	large	instructions:u	1.000000	1.000000	1.000000	5
7-M2-control	ced6c209	emptyloop	head>control	across_builds	tw	small	cycles:u	0.996801	0.993691	1.000626	5
7-M2-control	ced6c209	emptyloop	head>control	across_builds	ir	small	cycles:u	1.023535	1.017148	1.023858	5
7-M2-control	ced6c209	emptyloop	head>control	across_builds	tw	large	cycles:u	0.998205	0.993735	1.022936	5
7-M2-control	ced6c209	emptyloop	head>control	across_builds	ir	large	cycles:u	1.021252	1.005101	1.035606	5
7-M2-breakdown	fd0ea6d1..ced6c209	varlookup	base	arm_ratio	ir/tw	small	instructions:u	1.072513	1.072513	1.072513	5
7-M2-breakdown	fd0ea6d1..ced6c209	varlookup	base	absolute	tw	small	instructions:u	72580654008.000000	72580653590.000000	72580654582.000000	5
7-M2-breakdown	fd0ea6d1..ced6c209	varlookup	base	absolute	ir	small	instructions:u	77843660666.000000	77843660136.000000	77843661161.000000	5
7-M2-breakdown	fd0ea6d1..ced6c209	varlookup	base	arm_ratio	ir/tw	large	instructions:u	1.072513	1.072513	1.072513	5
7-M2-breakdown	fd0ea6d1..ced6c209	varlookup	base	absolute	tw	large	instructions:u	145160693849.000000	145160693542.000000	145160693922.000000	5
7-M2-breakdown	fd0ea6d1..ced6c209	varlookup	base	absolute	ir	large	instructions:u	155686700406.000000	155686700203.000000	155686700841.000000	5
7-M2-breakdown	fd0ea6d1..ced6c209	varlookup	base	per_pass	tw	-	instructions:u	3820.002081	3820.002071	3820.002110	5
7-M2-breakdown	fd0ea6d1..ced6c209	varlookup	base	fixed	tw	-	instructions:u	614474.000000	613603.000000	615242.000000	5
7-M2-breakdown	fd0ea6d1..ced6c209	varlookup	base	per_pass	ir	-	instructions:u	4097.002081	4097.002074	4097.002142	5
7-M2-breakdown	fd0ea6d1..ced6c209	varlookup	base	fixed	ir	-	instructions:u	621129.000000	619431.000000	621671.000000	5
7-M2-breakdown	fd0ea6d1..ced6c209	varlookup	base	per_pass_gap	ir-tw	-	instructions:u	277.000008	276.999981	277.000038	5
7-M2-breakdown	fd0ea6d1..ced6c209	varlookup	base	arm_ratio	ir/tw	small	cycles:u	1.076008	1.049851	1.084451	5
7-M2-breakdown	fd0ea6d1..ced6c209	varlookup	base	absolute	tw	small	cycles:u	15410449266.000000	15338187079.000000	15775934844.000000	5
7-M2-breakdown	fd0ea6d1..ced6c209	varlookup	base	absolute	ir	small	cycles:u	16581770897.000000	16562384854.000000	16685528545.000000	5
7-M2-breakdown	fd0ea6d1..ced6c209	varlookup	base	arm_ratio	ir/tw	large	cycles:u	1.077652	1.067556	1.080336	5
7-M2-breakdown	fd0ea6d1..ced6c209	varlookup	base	absolute	tw	large	cycles:u	30737735556.000000	30676277352.000000	31337062780.000000	5
7-M2-breakdown	fd0ea6d1..ced6c209	varlookup	base	absolute	ir	large	cycles:u	33133589378.000000	33087742855.000000	33454078548.000000	5
7-M2-breakdown	fd0ea6d1..ced6c209	varlookup	base	per_pass	tw	-	cycles:u	807.352656	784.228553	842.046090	5
7-M2-breakdown	fd0ea6d1..ced6c209	varlookup	base	fixed	tw	-	cycles:u	70748797.000000	-660688622.000000	875592336.000000	5
7-M2-breakdown	fd0ea6d1..ced6c209	varlookup	base	per_pass	ir	-	cycles:u	869.372623	865.214132	888.595111	5
7-M2-breakdown	fd0ea6d1..ced6c209	varlookup	base	fixed	ir	-	cycles:u	75798939.000000	-312535668.000000	246460042.000000	5
7-M2-breakdown	fd0ea6d1..ced6c209	varlookup	base	per_pass_gap	ir-tw	-	cycles:u	61.382710	46.549021	88.314007	5
7-M2-breakdown	fd0ea6d1..ced6c209	varlookup	generic	arm_ratio	ir/tw	small	instructions:u	1.031675	1.031675	1.031675	5
7-M2-breakdown	fd0ea6d1..ced6c209	varlookup	generic	absolute	tw	small	instructions:u	72580654164.000000	72580653185.000000	72580654304.000000	5
7-M2-breakdown	fd0ea6d1..ced6c209	varlookup	generic	absolute	ir	small	instructions:u	74879659727.000000	74879659607.000000	74879660313.000000	5
7-M2-breakdown	fd0ea6d1..ced6c209	varlookup	generic	arm_ratio	ir/tw	large	instructions:u	1.031675	1.031675	1.031675	5
7-M2-breakdown	fd0ea6d1..ced6c209	varlookup	generic	absolute	tw	large	instructions:u	145160693310.000000	145160692915.000000	145160693706.000000	5
7-M2-breakdown	fd0ea6d1..ced6c209	varlookup	generic	absolute	ir	large	instructions:u	149758699810.000000	149758698868.000000	149758700414.000000	5
7-M2-breakdown	fd0ea6d1..ced6c209	varlookup	generic	per_pass	tw	-	instructions:u	3820.002079	3820.002032	3820.002127	5
7-M2-breakdown	fd0ea6d1..ced6c209	varlookup	generic	fixed	tw	-	instructions:u	614706.000000	612777.000000	615693.000000	5
7-M2-breakdown	fd0ea6d1..ced6c209	varlookup	generic	per_pass	ir	-	instructions:u	3941.002110	3941.002042	3941.002121	5
7-M2-breakdown	fd0ea6d1..ced6c209	varlookup	generic	fixed	ir	-	instructions:u	619728.000000	619316.000000	621254.000000	5
7-M2-breakdown	fd0ea6d1..ced6c209	varlookup	generic	per_pass_gap	ir-tw	-	instructions:u	121.000026	120.999964	121.000071	5
7-M2-breakdown	fd0ea6d1..ced6c209	varlookup	generic	arm_ratio	ir/tw	small	cycles:u	1.003533	0.998393	1.012921	5
7-M2-breakdown	fd0ea6d1..ced6c209	varlookup	generic	absolute	tw	small	cycles:u	15541049799.000000	15456959970.000000	15563232811.000000	5
7-M2-breakdown	fd0ea6d1..ced6c209	varlookup	generic	absolute	ir	small	cycles:u	15618222354.000000	15510923168.000000	15737215630.000000	5
7-M2-breakdown	fd0ea6d1..ced6c209	varlookup	generic	arm_ratio	ir/tw	large	cycles:u	1.009794	0.999268	1.013067	5
7-M2-breakdown	fd0ea6d1..ced6c209	varlookup	generic	absolute	tw	large	cycles:u	30871308598.000000	30767621180.000000	31083869348.000000	5
7-M2-breakdown	fd0ea6d1..ced6c209	varlookup	generic	absolute	ir	large	cycles:u	31119394065.000000	31059351124.000000	31274708319.000000	5
7-M2-breakdown	fd0ea6d1..ced6c209	varlookup	generic	per_pass	tw	-	cycles:u	808.781548	801.398494	816.875607	5
7-M2-breakdown	fd0ea6d1..ced6c209	varlookup	generic	fixed	tw	-	cycles:u	114323624.000000	42596273.999998	314478418.000000	5
7-M2-breakdown	fd0ea6d1..ced6c209	varlookup	generic	per_pass	ir	-	cycles:u	814.154882	806.428184	829.672903	5
7-M2-breakdown	fd0ea6d1..ced6c209	varlookup	generic	fixed	ir	-	cycles:u	175332453.000000	-252861983.000000	415080136.000000	5
7-M2-breakdown	fd0ea6d1..ced6c209	varlookup	generic	per_pass_gap	ir-tw	-	cycles:u	5.373334	-4.091928	19.829016	5
7-M2-breakdown	fd0ea6d1..ced6c209	varlookup	m7head	arm_ratio	ir/tw	small	instructions:u	1.062565	1.062565	1.062565	5
7-M2-breakdown	fd0ea6d1..ced6c209	varlookup	m7head	absolute	tw	small	instructions:u	72580653892.000000	72580653036.000000	72580654081.000000	5
7-M2-breakdown	fd0ea6d1..ced6c209	varlookup	m7head	absolute	ir	small	instructions:u	77121660682.000000	77121660127.000000	77121661393.000000	5
7-M2-breakdown	fd0ea6d1..ced6c209	varlookup	m7head	arm_ratio	ir/tw	large	instructions:u	1.062565	1.062565	1.062565	5
7-M2-breakdown	fd0ea6d1..ced6c209	varlookup	m7head	absolute	tw	large	instructions:u	145160693751.000000	145160693564.000000	145160694313.000000	5
7-M2-breakdown	fd0ea6d1..ced6c209	varlookup	m7head	absolute	ir	large	instructions:u	154242700146.000000	154242699991.000000	154242700919.000000	5
7-M2-breakdown	fd0ea6d1..ced6c209	varlookup	m7head	per_pass	tw	-	instructions:u	3820.002117	3820.002092	3820.002167	5
7-M2-breakdown	fd0ea6d1..ced6c209	varlookup	m7head	fixed	tw	-	instructions:u	613849.000000	611872.000000	614183.000000	5
7-M2-breakdown	fd0ea6d1..ced6c209	varlookup	m7head	per_pass	ir	-	instructions:u	4059.002085	4059.002031	4059.002102	5
7-M2-breakdown	fd0ea6d1..ced6c209	varlookup	m7head	fixed	ir	-	instructions:u	621218.000000	620197.000000	622795.000000	5
7-M2-breakdown	fd0ea6d1..ced6c209	varlookup	m7head	per_pass_gap	ir-tw	-	instructions:u	238.999980	238.999865	239.000008	5
7-M2-breakdown	fd0ea6d1..ced6c209	varlookup	m7head	arm_ratio	ir/tw	small	cycles:u	1.040613	1.038419	1.043236	5
7-M2-breakdown	fd0ea6d1..ced6c209	varlookup	m7head	absolute	tw	small	cycles:u	15155940229.000000	15087787625.000000	15275558129.000000	5
7-M2-breakdown	fd0ea6d1..ced6c209	varlookup	m7head	absolute	ir	small	cycles:u	15771467293.000000	15731149233.000000	15863706188.000000	5
7-M2-breakdown	fd0ea6d1..ced6c209	varlookup	m7head	arm_ratio	ir/tw	large	cycles:u	1.038735	0.952101	1.041077	5
7-M2-breakdown	fd0ea6d1..ced6c209	varlookup	m7head	absolute	tw	large	cycles:u	30299262787.000000	30253294842.000000	33063529820.000000	5
7-M2-breakdown	fd0ea6d1..ced6c209	varlookup	m7head	absolute	ir	large	cycles:u	31479830853.000000	31461822718.000000	31515181974.000000	5
7-M2-breakdown	fd0ea6d1..ced6c209	varlookup	m7head	per_pass	tw	-	cycles:u	797.016977	794.766109	939.726982	5
7-M2-breakdown	fd0ea6d1..ced6c209	varlookup	m7head	fixed	tw	-	cycles:u	-10930464.000000	-2646095496.000000	175002058.000000	5
7-M2-breakdown	fd0ea6d1..ced6c209	varlookup	m7head	per_pass	ir	-	cycles:u	826.390785	821.020452	830.266630	5
7-M2-breakdown	fd0ea6d1..ced6c209	varlookup	m7head	fixed	ir	-	cycles:u	70042383.000000	-34949982.000000	263045531.999998	5
7-M2-breakdown	fd0ea6d1..ced6c209	varlookup	m7head	per_pass_gap	ir-tw	-	cycles:u	29.373808	-117.825684	33.302487	5
7-M2-breakdown	fd0ea6d1..ced6c209	varlookup	c1undone	arm_ratio	ir/tw	small	instructions:u	1.070942	1.070942	1.070942	5
7-M2-breakdown	fd0ea6d1..ced6c209	varlookup	c1undone	absolute	tw	small	instructions:u	72580653789.000000	72580653422.000000	72580654433.000000	5
7-M2-breakdown	fd0ea6d1..ced6c209	varlookup	c1undone	absolute	ir	small	instructions:u	77729660940.000000	77729660186.000000	77729661271.000000	5
7-M2-breakdown	fd0ea6d1..ced6c209	varlookup	c1undone	arm_ratio	ir/tw	large	instructions:u	1.070942	1.070942	1.070942	5
7-M2-breakdown	fd0ea6d1..ced6c209	varlookup	c1undone	absolute	tw	large	instructions:u	145160694116.000000	145160693696.000000	145160694274.000000	5
7-M2-breakdown	fd0ea6d1..ced6c209	varlookup	c1undone	absolute	ir	large	instructions:u	155458701463.000000	155458700741.000000	155458701734.000000	5
7-M2-breakdown	fd0ea6d1..ced6c209	varlookup	c1undone	per_pass	tw	-	instructions:u	3820.002122	3820.002084	3820.002147	5
7-M2-breakdown	fd0ea6d1..ced6c209	varlookup	c1undone	fixed	tw	-	instructions:u	613462.000000	612633.000000	614835.000000	5
7-M2-breakdown	fd0ea6d1..ced6c209	varlookup	c1undone	per_pass	ir	-	instructions:u	4091.002146	4091.002084	4091.002181	5
7-M2-breakdown	fd0ea6d1..ced6c209	varlookup	c1undone	fixed	ir	-	instructions:u	620146.000000	618754.000000	621558.000000	5
7-M2-breakdown	fd0ea6d1..ced6c209	varlookup	c1undone	per_pass_gap	ir-tw	-	instructions:u	271.000000	270.999988	271.000058	5
7-M2-breakdown	fd0ea6d1..ced6c209	varlookup	c1undone	arm_ratio	ir/tw	small	cycles:u	1.107276	1.103619	1.109848	5
7-M2-breakdown	fd0ea6d1..ced6c209	varlookup	c1undone	absolute	tw	small	cycles:u	14890531903.000000	14841849218.000000	15081727670.000000	5
7-M2-breakdown	fd0ea6d1..ced6c209	varlookup	c1undone	absolute	ir	small	cycles:u	16511416520.000000	16460774186.000000	16661194350.000000	5
7-M2-breakdown	fd0ea6d1..ced6c209	varlookup	c1undone	arm_ratio	ir/tw	large	cycles:u	1.097252	1.092360	1.109197	5
7-M2-breakdown	fd0ea6d1..ced6c209	varlookup	c1undone	absolute	tw	large	cycles:u	29947167497.000000	29666935715.000000	30065848586.000000	5
7-M2-breakdown	fd0ea6d1..ced6c209	varlookup	c1undone	absolute	ir	large	cycles:u	32856304641.000000	32842729242.000000	32907877222.000000	5
7-M2-breakdown	fd0ea6d1..ced6c209	varlookup	c1undone	per_pass	tw	-	cycles:u	788.737426	771.454092	799.991387	5
7-M2-breakdown	fd0ea6d1..ced6c209	varlookup	c1undone	fixed	tw	-	cycles:u	-24854703.000000	-333824116.000000	424099920.000000	5
7-M2-breakdown	fd0ea6d1..ced6c209	varlookup	c1undone	per_pass	ir	-	cycles:u	862.192223	852.250559	865.557772	5
7-M2-breakdown	fd0ea6d1..ced6c209	varlookup	c1undone	fixed	ir	-	cycles:u	144572756.000000	15291934.000002	468433736.000000	5
7-M2-breakdown	fd0ea6d1..ced6c209	varlookup	c1undone	per_pass_gap	ir-tw	-	cycles:u	71.519843	62.216774	85.290062	5
7-M2-breakdown	fd0ea6d1..ced6c209	varlookup	head	arm_ratio	ir/tw	small	instructions:u	1.021182	1.021182	1.021182	5
7-M2-breakdown	fd0ea6d1..ced6c209	varlookup	head	absolute	tw	small	instructions:u	72656654283.000000	72656653516.000000	72656654747.000000	5
7-M2-breakdown	fd0ea6d1..ced6c209	varlookup	head	absolute	ir	small	instructions:u	74195661238.000000	74195661068.000000	74195661747.000000	5
7-M2-breakdown	fd0ea6d1..ced6c209	varlookup	head	arm_ratio	ir/tw	large	instructions:u	1.021182	1.021182	1.021182	5
7-M2-breakdown	fd0ea6d1..ced6c209	varlookup	head	absolute	tw	large	instructions:u	145312693672.000000	145312693474.000000	145312694259.000000	5
7-M2-breakdown	fd0ea6d1..ced6c209	varlookup	head	absolute	ir	large	instructions:u	148390701412.000000	148390700804.000000	148390701745.000000	5
7-M2-breakdown	fd0ea6d1..ced6c209	varlookup	head	per_pass	tw	-	instructions:u	3824.002080	3824.002055	3824.002120	5
7-M2-breakdown	fd0ea6d1..ced6c209	varlookup	head	fixed	tw	-	instructions:u	615092.000000	613237.000000	615540.000000	5
7-M2-breakdown	fd0ea6d1..ced6c209	varlookup	head	per_pass	ir	-	instructions:u	3905.002114	3905.002070	3905.002137	5
7-M2-breakdown	fd0ea6d1..ced6c209	varlookup	head	fixed	ir	-	instructions:u	621064.000000	620535.000000	622130.000000	5
7-M2-breakdown	fd0ea6d1..ced6c209	varlookup	head	per_pass_gap	ir-tw	-	instructions:u	81.000017	80.999988	81.000064	5
7-M2-breakdown	fd0ea6d1..ced6c209	varlookup	head	arm_ratio	ir/tw	small	cycles:u	1.010907	1.004860	1.023257	5
7-M2-breakdown	fd0ea6d1..ced6c209	varlookup	head	absolute	tw	small	cycles:u	15398034053.000000	15365115295.000000	15508480888.000000	5
7-M2-breakdown	fd0ea6d1..ced6c209	varlookup	head	absolute	ir	small	cycles:u	15576125178.000000	15539053008.000000	15739691040.000000	5
7-M2-breakdown	fd0ea6d1..ced6c209	varlookup	head	arm_ratio	ir/tw	large	cycles:u	1.014435	1.011101	1.093505	5
7-M2-breakdown	fd0ea6d1..ced6c209	varlookup	head	absolute	tw	large	cycles:u	30740804615.000000	30721016684.000000	30789323843.000000	5
7-M2-breakdown	fd0ea6d1..ced6c209	varlookup	head	absolute	ir	large	cycles:u	31196267140.000000	31131113079.000000	33615213354.000000	5
7-M2-breakdown	fd0ea6d1..ced6c209	varlookup	head	per_pass	tw	-	cycles:u	808.360317	800.659779	811.800450	5
7-M2-breakdown	fd0ea6d1..ced6c209	varlookup	head	fixed	tw	-	cycles:u	44813214.000000	-59093253.000000	295945092.000000	5
7-M2-breakdown	fd0ea6d1..ced6c209	varlookup	head	per_pass	ir	-	cycles:u	822.112735	820.032720	940.816964	5
7-M2-breakdown	fd0ea6d1..ced6c209	varlookup	head	fixed	ir	-	cycles:u	-53007063.000000	-2135831274.000000	3230316.000000	5
7-M2-breakdown	fd0ea6d1..ced6c209	varlookup	head	per_pass_gap	ir-tw	-	cycles:u	19.372941	8.834291	132.456647	5
7-M2-breakdown	fd0ea6d1..ced6c209	varlookup	base>generic	across_builds	tw	small	instructions:u	1.000000	1.000000	1.000000	5
7-M2-breakdown	fd0ea6d1..ced6c209	varlookup	base>generic	across_builds	ir	small	instructions:u	0.961924	0.961924	0.961924	5
7-M2-breakdown	fd0ea6d1..ced6c209	varlookup	base>generic	across_builds	tw	large	instructions:u	1.000000	1.000000	1.000000	5
7-M2-breakdown	fd0ea6d1..ced6c209	varlookup	base>generic	across_builds	ir	large	instructions:u	0.961924	0.961924	0.961924	5
7-M2-breakdown	fd0ea6d1..ced6c209	varlookup	base>generic	across_builds	tw	small	cycles:u	1.008475	0.979781	1.014672	5
7-M2-breakdown	fd0ea6d1..ced6c209	varlookup	base>generic	across_builds	ir	small	cycles:u	0.942516	0.935731	0.943769	5
7-M2-breakdown	fd0ea6d1..ced6c209	varlookup	base>generic	across_builds	tw	large	cycles:u	1.003866	0.991920	1.006358	5
7-M2-breakdown	fd0ea6d1..ced6c209	varlookup	base>generic	across_builds	ir	large	cycles:u	0.940138	0.928470	0.943695	5
7-M2-breakdown	fd0ea6d1..ced6c209	varlookup	base>m7head	across_builds	tw	small	instructions:u	1.000000	1.000000	1.000000	5
7-M2-breakdown	fd0ea6d1..ced6c209	varlookup	base>m7head	across_builds	ir	small	instructions:u	0.990725	0.990725	0.990725	5
7-M2-breakdown	fd0ea6d1..ced6c209	varlookup	base>m7head	across_builds	tw	large	instructions:u	1.000000	1.000000	1.000000	5
7-M2-breakdown	fd0ea6d1..ced6c209	varlookup	base>m7head	across_builds	ir	large	instructions:u	0.990725	0.990725	0.990725	5
7-M2-breakdown	fd0ea6d1..ced6c209	varlookup	base>m7head	across_builds	tw	small	cycles:u	0.981229	0.968282	0.988468	5
7-M2-breakdown	fd0ea6d1..ced6c209	varlookup	base>m7head	across_builds	ir	small	cycles:u	0.950746	0.947315	0.957739	5
7-M2-breakdown	fd0ea6d1..ced6c209	varlookup	base>m7head	across_builds	tw	large	cycles:u	0.985456	0.966883	1.075666	5
7-M2-breakdown	fd0ea6d1..ced6c209	varlookup	base>m7head	across_builds	ir	large	cycles:u	0.950346	0.940779	0.951894	5
7-M2-breakdown	fd0ea6d1..ced6c209	varlookup	base>c1undone	across_builds	tw	small	instructions:u	1.000000	1.000000	1.000000	5
7-M2-breakdown	fd0ea6d1..ced6c209	varlookup	base>c1undone	across_builds	ir	small	instructions:u	0.998536	0.998536	0.998536	5
7-M2-breakdown	fd0ea6d1..ced6c209	varlookup	base>c1undone	across_builds	tw	large	instructions:u	1.000000	1.000000	1.000000	5
7-M2-breakdown	fd0ea6d1..ced6c209	varlookup	base>c1undone	across_builds	ir	large	instructions:u	0.998536	0.998536	0.998536	5
7-M2-breakdown	fd0ea6d1..ced6c209	varlookup	base>c1undone	across_builds	tw	small	cycles:u	0.969216	0.940790	0.978669	5
7-M2-breakdown	fd0ea6d1..ced6c209	varlookup	base>c1undone	across_builds	ir	small	cycles:u	0.993872	0.989565	1.004790	5
7-M2-breakdown	fd0ea6d1..ced6c209	varlookup	base>c1undone	across_builds	tw	large	cycles:u	0.967129	0.959434	0.975983	5
7-M2-breakdown	fd0ea6d1..ced6c209	varlookup	base>c1undone	across_builds	ir	large	cycles:u	0.992933	0.981726	0.993188	5
7-M2-breakdown	fd0ea6d1..ced6c209	varlookup	base>head	across_builds	tw	small	instructions:u	1.001047	1.001047	1.001047	5
7-M2-breakdown	fd0ea6d1..ced6c209	varlookup	base>head	across_builds	ir	small	instructions:u	0.953137	0.953137	0.953137	5
7-M2-breakdown	fd0ea6d1..ced6c209	varlookup	base>head	across_builds	tw	large	instructions:u	1.001047	1.001047	1.001047	5
7-M2-breakdown	fd0ea6d1..ced6c209	varlookup	base>head	across_builds	ir	large	instructions:u	0.953137	0.953137	0.953137	5
7-M2-breakdown	fd0ea6d1..ced6c209	varlookup	base>head	across_builds	tw	small	cycles:u	0.998633	0.976963	1.003902	5
7-M2-breakdown	fd0ea6d1..ced6c209	varlookup	base>head	across_builds	ir	small	cycles:u	0.939364	0.931289	0.949217	5
7-M2-breakdown	fd0ea6d1..ced6c209	varlookup	base>head	across_builds	tw	large	cycles:u	0.999733	0.980416	1.003387	5
7-M2-breakdown	fd0ea6d1..ced6c209	varlookup	base>head	across_builds	ir	large	cycles:u	0.941328	0.939819	1.015942	5
7-M2-axes	fd0ea6d1,132c3395,ced6c209	emptyloop	base	arm_ratio	ir/tw	small	instructions:u	1.065388	1.065388	1.065388	5
7-M2-axes	fd0ea6d1,132c3395,ced6c209	emptyloop	base	absolute	tw	small	instructions:u	18925634979.000000	18925634662.000000	18925635312.000000	5
7-M2-axes	fd0ea6d1,132c3395,ced6c209	emptyloop	base	absolute	ir	small	instructions:u	20163142996.000000	20163142787.000000	20163143412.000000	5
7-M2-axes	fd0ea6d1,132c3395,ced6c209	emptyloop	base	arm_ratio	ir/tw	large	instructions:u	1.065389	1.065389	1.065389	5
7-M2-axes	fd0ea6d1,132c3395,ced6c209	emptyloop	base	absolute	tw	large	instructions:u	37850659840.000000	37850659476.000000	37850661595.000000	5
7-M2-axes	fd0ea6d1,132c3395,ced6c209	emptyloop	base	absolute	ir	large	instructions:u	40325668486.000000	40325668067.000000	40325668979.000000	5
7-M2-axes	fd0ea6d1,132c3395,ced6c209	emptyloop	base	per_pass	tw	-	instructions:u	1514.001986	1514.001933	1514.002138	5
7-M2-axes	fd0ea6d1,132c3395,ced6c209	emptyloop	base	fixed	tw	-	instructions:u	610155.000000	608155.000000	611148.000000	5
7-M2-axes	fd0ea6d1,132c3395,ced6c209	emptyloop	base	per_pass	ir	-	instructions:u	1613.002039	1613.002010	1613.002056	5
7-M2-axes	fd0ea6d1,132c3395,ced6c209	emptyloop	base	fixed	ir	-	instructions:u	617516.000000	617486.000000	617845.000000	5
7-M2-axes	fd0ea6d1,132c3395,ced6c209	emptyloop	base	per_pass_gap	ir-tw	-	instructions:u	99.000053	98.999918	99.000112	5
7-M2-axes	fd0ea6d1,132c3395,ced6c209	emptyloop	base	arm_ratio	ir/tw	small	cycles:u	1.000492	0.997887	1.002082	5
7-M2-axes	fd0ea6d1,132c3395,ced6c209	emptyloop	base	absolute	tw	small	cycles:u	4252512536.000000	4247690373.000000	4261594822.000000	5
7-M2-axes	fd0ea6d1,132c3395,ced6c209	emptyloop	base	absolute	ir	small	cycles:u	4254966729.000000	4243178775.000000	4257113552.000000	5
7-M2-axes	fd0ea6d1,132c3395,ced6c209	emptyloop	base	arm_ratio	ir/tw	large	cycles:u	1.001249	0.998791	1.001508	5
7-M2-axes	fd0ea6d1,132c3395,ced6c209	emptyloop	base	absolute	tw	large	cycles:u	8491614541.000000	8475790526.000000	8496056991.000000	5
7-M2-axes	fd0ea6d1,132c3395,ced6c209	emptyloop	base	absolute	ir	large	cycles:u	8488573075.000000	8481351867.000000	8506935164.000000	5
7-M2-axes	fd0ea6d1,132c3395,ced6c209	emptyloop	base	per_pass	tw	-	cycles:u	339.155923	337.440804	339.454616	5
7-M2-axes	fd0ea6d1,132c3395,ced6c209	emptyloop	base	fixed	tw	-	cycles:u	12716459.000000	9691603.000000	43584777.000000	5
7-M2-axes	fd0ea6d1,132c3395,ced6c209	emptyloop	base	per_pass	ir	-	cycles:u	339.053847	338.452206	340.157475	5
7-M2-axes	fd0ea6d1,132c3395,ced6c209	emptyloop	base	fixed	ir	-	cycles:u	5005683.000000	2998294.000000	26460978.000000	5
7-M2-axes	fd0ea6d1,132c3395,ced6c209	emptyloop	base	per_pass_gap	ir-tw	-	cycles:u	0.670677	-0.102076	1.011402	5
7-M2-axes	fd0ea6d1,132c3395,ced6c209	emptyloop	m7head	arm_ratio	ir/tw	small	instructions:u	1.065388	1.065388	1.065388	5
7-M2-axes	fd0ea6d1,132c3395,ced6c209	emptyloop	m7head	absolute	tw	small	instructions:u	18925634908.000000	18925634724.000000	18925635296.000000	5
7-M2-axes	fd0ea6d1,132c3395,ced6c209	emptyloop	m7head	absolute	ir	small	instructions:u	20163143731.000000	20163142774.000000	20163143810.000000	5
7-M2-axes	fd0ea6d1,132c3395,ced6c209	emptyloop	m7head	arm_ratio	ir/tw	large	instructions:u	1.065389	1.065389	1.065389	5
7-M2-axes	fd0ea6d1,132c3395,ced6c209	emptyloop	m7head	absolute	tw	large	instructions:u	37850659742.000000	37850659611.000000	37850660422.000000	5
7-M2-axes	fd0ea6d1,132c3395,ced6c209	emptyloop	m7head	absolute	ir	large	instructions:u	40325668875.000000	40325668478.000000	40325669690.000000	5
7-M2-axes	fd0ea6d1,132c3395,ced6c209	emptyloop	m7head	per_pass	tw	-	instructions:u	1514.002001	1514.001977	1514.002013	5
7-M2-axes	fd0ea6d1,132c3395,ced6c209	emptyloop	m7head	fixed	tw	-	instructions:u	610170.000000	609706.000000	610191.000000	5
7-M2-axes	fd0ea6d1,132c3395,ced6c209	emptyloop	m7head	per_pass	ir	-	instructions:u	1613.002014	1613.001978	1613.002084	5
7-M2-axes	fd0ea6d1,132c3395,ced6c209	emptyloop	m7head	fixed	ir	-	instructions:u	618550.000000	616723.000000	619022.000000	5
7-M2-axes	fd0ea6d1,132c3395,ced6c209	emptyloop	m7head	per_pass_gap	ir-tw	-	instructions:u	99.000004	98.999992	99.000106	5
7-M2-axes	fd0ea6d1,132c3395,ced6c209	emptyloop	m7head	arm_ratio	ir/tw	small	cycles:u	1.005164	0.998889	1.010355	5
7-M2-axes	fd0ea6d1,132c3395,ced6c209	emptyloop	m7head	absolute	tw	small	cycles:u	4141475855.000000	4133959914.000000	4145282975.000000	5
7-M2-axes	fd0ea6d1,132c3395,ced6c209	emptyloop	m7head	absolute	ir	small	cycles:u	4161231263.000000	4140676929.000000	4184359240.000000	5
7-M2-axes	fd0ea6d1,132c3395,ced6c209	emptyloop	m7head	arm_ratio	ir/tw	large	cycles:u	1.004001	1.000747	1.007930	5
7-M2-axes	fd0ea6d1,132c3395,ced6c209	emptyloop	m7head	absolute	tw	large	cycles:u	8272766416.000000	8248069999.000000	8291696876.000000	5
7-M2-axes	fd0ea6d1,132c3395,ced6c209	emptyloop	m7head	absolute	ir	large	cycles:u	8306027536.000000	8278942374.000000	8322860320.000000	5
7-M2-axes	fd0ea6d1,132c3395,ced6c209	emptyloop	m7head	per_pass	tw	-	cycles:u	330.448573	328.527532	331.713112	5
7-M2-axes	fd0ea6d1,132c3395,ced6c209	emptyloop	m7head	fixed	tw	-	cycles:u	11224047.000000	-8893906.000000	34881711.000000	5
7-M2-axes	fd0ea6d1,132c3395,ced6c209	emptyloop	m7head	per_pass	ir	-	cycles:u	331.003136	329.406263	333.404241	5
7-M2-axes	fd0ea6d1,132c3395,ced6c209	emptyloop	m7head	fixed	ir	-	cycles:u	23692063.000000	-24673678.000000	55241120.000000	5
7-M2-axes	fd0ea6d1,132c3395,ced6c209	emptyloop	m7head	per_pass_gap	ir-tw	-	cycles:u	1.514936	-1.042310	1.975935	5
7-M2-axes	fd0ea6d1,132c3395,ced6c209	emptyloop	head	arm_ratio	ir/tw	small	instructions:u	1.065961	1.065961	1.065961	5
7-M2-axes	fd0ea6d1,132c3395,ced6c209	emptyloop	head	absolute	tw	small	instructions:u	18950634313.000000	18950634146.000000	18950634627.000000	5
7-M2-axes	fd0ea6d1,132c3395,ced6c209	emptyloop	head	absolute	ir	small	instructions:u	20200643746.000000	20200643475.000000	20200644447.000000	5
7-M2-axes	fd0ea6d1,132c3395,ced6c209	emptyloop	head	arm_ratio	ir/tw	large	instructions:u	1.065962	1.065962	1.065962	5
7-M2-axes	fd0ea6d1,132c3395,ced6c209	emptyloop	head	absolute	tw	large	instructions:u	37900660044.000000	37900659912.000000	37900660377.000000	5
7-M2-axes	fd0ea6d1,132c3395,ced6c209	emptyloop	head	absolute	ir	large	instructions:u	40400668956.000000	40400668711.000000	40400669230.000000	5
7-M2-axes	fd0ea6d1,132c3395,ced6c209	emptyloop	head	per_pass	tw	-	instructions:u	1516.002058	1516.002036	1516.002089	5
7-M2-axes	fd0ea6d1,132c3395,ced6c209	emptyloop	head	fixed	tw	-	instructions:u	608582.000000	608035.000000	609012.000000	5
7-M2-axes	fd0ea6d1,132c3395,ced6c209	emptyloop	head	per_pass	ir	-	instructions:u	1616.002017	1616.001983	1616.002046	5
7-M2-axes	fd0ea6d1,132c3395,ced6c209	emptyloop	head	fixed	ir	-	instructions:u	618536.000000	617902.000000	619664.000000	5
7-M2-axes	fd0ea6d1,132c3395,ced6c209	emptyloop	head	per_pass_gap	ir-tw	-	instructions:u	99.999956	99.999927	99.999988	5
7-M2-axes	fd0ea6d1,132c3395,ced6c209	emptyloop	head	arm_ratio	ir/tw	small	cycles:u	1.038092	1.032091	1.044680	5
7-M2-axes	fd0ea6d1,132c3395,ced6c209	emptyloop	head	absolute	tw	small	cycles:u	4125096172.000000	4120867850.000000	4144676763.000000	5
7-M2-axes	fd0ea6d1,132c3395,ced6c209	emptyloop	head	absolute	ir	small	cycles:u	4286845312.000000	4277685639.000000	4309073533.000000	5
7-M2-axes	fd0ea6d1,132c3395,ced6c209	emptyloop	head	arm_ratio	ir/tw	large	cycles:u	1.041064	1.013573	1.051683	5
7-M2-axes	fd0ea6d1,132c3395,ced6c209	emptyloop	head	absolute	tw	large	cycles:u	8244918084.000000	8235506484.000000	8446003850.000000	5
7-M2-axes	fd0ea6d1,132c3395,ced6c209	emptyloop	head	absolute	ir	large	cycles:u	8578556291.000000	8560637729.000000	8679408658.000000	5
7-M2-axes	fd0ea6d1,132c3395,ced6c209	emptyloop	head	per_pass	tw	-	cycles:u	328.832825	328.374304	345.698132	5
7-M2-axes	fd0ea6d1,132c3395,ced6c209	emptyloop	head	fixed	tw	-	cycles:u	14685860.000000	-196449448.000000	36480557.000000	5
7-M2-axes	fd0ea6d1,132c3395,ced6c209	emptyloop	head	per_pass	ir	-	cycles:u	343.262536	340.125136	352.137842	5
7-M2-axes	fd0ea6d1,132c3395,ced6c209	emptyloop	head	fixed	ir	-	cycles:u	-3007101.000000	-124037380.000000	57509337.000000	5
7-M2-axes	fd0ea6d1,132c3395,ced6c209	emptyloop	head	per_pass_gap	ir-tw	-	cycles:u	14.600559	-5.572996	23.482145	5
7-M2-axes	fd0ea6d1,132c3395,ced6c209	emptyloop	base>m7head	across_builds	tw	small	instructions:u	1.000000	1.000000	1.000000	5
7-M2-axes	fd0ea6d1,132c3395,ced6c209	emptyloop	base>m7head	across_builds	ir	small	instructions:u	1.000000	1.000000	1.000000	5
7-M2-axes	fd0ea6d1,132c3395,ced6c209	emptyloop	base>m7head	across_builds	tw	large	instructions:u	1.000000	1.000000	1.000000	5
7-M2-axes	fd0ea6d1,132c3395,ced6c209	emptyloop	base>m7head	across_builds	ir	large	instructions:u	1.000000	1.000000	1.000000	5
7-M2-axes	fd0ea6d1,132c3395,ced6c209	emptyloop	base>m7head	across_builds	tw	small	cycles:u	0.973889	0.971106	0.975891	5
7-M2-axes	fd0ea6d1,132c3395,ced6c209	emptyloop	base>m7head	across_builds	ir	small	cycles:u	0.978002	0.972781	0.983458	5
7-M2-axes	fd0ea6d1,132c3395,ced6c209	emptyloop	base>m7head	across_builds	tw	large	cycles:u	0.974704	0.970950	0.978280	5
7-M2-axes	fd0ea6d1,132c3395,ced6c209	emptyloop	base>m7head	across_builds	ir	large	cycles:u	0.977733	0.973199	0.981313	5
7-M2-axes	fd0ea6d1,132c3395,ced6c209	emptyloop	base>head	across_builds	tw	small	instructions:u	1.001321	1.001321	1.001321	5
7-M2-axes	fd0ea6d1,132c3395,ced6c209	emptyloop	base>head	across_builds	ir	small	instructions:u	1.001860	1.001860	1.001860	5
7-M2-axes	fd0ea6d1,132c3395,ced6c209	emptyloop	base>head	across_builds	tw	large	instructions:u	1.001321	1.001321	1.001321	5
7-M2-axes	fd0ea6d1,132c3395,ced6c209	emptyloop	base>head	across_builds	ir	large	instructions:u	1.001860	1.001860	1.001860	5
7-M2-axes	fd0ea6d1,132c3395,ced6c209	emptyloop	base>head	across_builds	tw	small	cycles:u	0.970117	0.969043	0.975748	5
7-M2-axes	fd0ea6d1,132c3395,ced6c209	emptyloop	base>head	across_builds	ir	small	cycles:u	1.007764	1.004969	1.012716	5
7-M2-axes	fd0ea6d1,132c3395,ced6c209	emptyloop	base>head	across_builds	tw	large	cycles:u	0.972323	0.969840	0.994109	5
7-M2-axes	fd0ea6d1,132c3395,ced6c209	emptyloop	base>head	across_builds	ir	large	cycles:u	1.010163	1.006313	1.022481	5
7-M2-axes	fd0ea6d1,132c3395,ced6c209	arith	base	arm_ratio	ir/tw	small	instructions:u	1.010346	1.010346	1.010346	5
7-M2-axes	fd0ea6d1,132c3395,ced6c209	arith	base	absolute	tw	small	instructions:u	15010727632.000000	15010727031.000000	15010727793.000000	5
7-M2-axes	fd0ea6d1,132c3395,ced6c209	arith	base	absolute	ir	small	instructions:u	15166029284.000000	15166028694.000000	15166029687.000000	5
7-M2-axes	fd0ea6d1,132c3395,ced6c209	arith	base	arm_ratio	ir/tw	large	instructions:u	1.010182	1.010182	1.010182	5
7-M2-axes	fd0ea6d1,132c3395,ced6c209	arith	base	absolute	tw	large	instructions:u	30463045158.000000	30463045034.000000	30463045469.000000	5
7-M2-axes	fd0ea6d1,132c3395,ced6c209	arith	base	absolute	ir	large	instructions:u	30773216547.000000	30773216121.000000	30773217135.000000	5
7-M2-axes	fd0ea6d1,132c3395,ced6c209	arith	base	per_pass	tw	-	instructions:u	61809.270132	61809.269608	61809.272508	5
7-M2-axes	fd0ea6d1,132c3395,ced6c209	arith	base	fixed	tw	-	instructions:u	-441589883.000000	-441591096.000000	-441589770.000000	5
7-M2-axes	fd0ea6d1,132c3395,ced6c209	arith	base	per_pass	ir	-	instructions:u	62428.750776	62428.745736	62428.751404	5
7-M2-axes	fd0ea6d1,132c3395,ced6c209	arith	base	fixed	ir	-	instructions:u	-441158511.000000	-441159000.000000	-441156747.000000	5
7-M2-axes	fd0ea6d1,132c3395,ced6c209	arith	base	per_pass_gap	ir-tw	-	instructions:u	619.478268	619.475716	619.481796	5
7-M2-axes	fd0ea6d1,132c3395,ced6c209	arith	base	arm_ratio	ir/tw	small	cycles:u	1.020266	1.008149	1.026898	5
7-M2-axes	fd0ea6d1,132c3395,ced6c209	arith	base	absolute	tw	small	cycles:u	4246254758.000000	4234844467.000000	4289624524.000000	5
7-M2-axes	fd0ea6d1,132c3395,ced6c209	arith	base	absolute	ir	small	cycles:u	4327603787.000000	4320668739.000000	4364952932.000000	5
7-M2-axes	fd0ea6d1,132c3395,ced6c209	arith	base	arm_ratio	ir/tw	large	cycles:u	1.022763	1.018779	1.030534	5
7-M2-axes	fd0ea6d1,132c3395,ced6c209	arith	base	absolute	tw	large	cycles:u	8630513846.000000	8599654115.000000	8650398801.000000	5
7-M2-axes	fd0ea6d1,132c3395,ced6c209	arith	base	absolute	ir	large	cycles:u	8817445482.000000	8812841922.000000	8885449516.000000	5
7-M2-axes	fd0ea6d1,132c3395,ced6c209	arith	base	per_pass	tw	-	cycles:u	17519.583828	17330.213688	17616.576172	5
7-M2-axes	fd0ea6d1,132c3395,ced6c209	arith	base	fixed	tw	-	cycles:u	-129965181.000000	-157889285.000000	-42928898.000000	5
7-M2-axes	fd0ea6d1,132c3395,ced6c209	arith	base	per_pass	ir	-	cycles:u	17973.153420	17809.970200	18243.469696	5
7-M2-axes	fd0ea6d1,132c3395,ced6c209	arith	base	fixed	ir	-	cycles:u	-160254662.000000	-236285332.000000	-87539618.000000	5
7-M2-axes	fd0ea6d1,132c3395,ced6c209	arith	base	per_pass_gap	ir-tw	-	cycles:u	431.551112	290.386372	913.256008	5
7-M2-axes	fd0ea6d1,132c3395,ced6c209	arith	m7head	arm_ratio	ir/tw	small	instructions:u	1.008764	1.007992	1.008764	5
7-M2-axes	fd0ea6d1,132c3395,ced6c209	arith	m7head	absolute	tw	small	instructions:u	15010727744.000000	15010727034.000000	15022227967.000000	5
7-M2-axes	fd0ea6d1,132c3395,ced6c209	arith	m7head	absolute	ir	small	instructions:u	15142279961.000000	15142279720.000000	15142280226.000000	5
7-M2-axes	fd0ea6d1,132c3395,ced6c209	arith	m7head	arm_ratio	ir/tw	large	instructions:u	1.008623	1.008623	1.008623	5
7-M2-axes	fd0ea6d1,132c3395,ced6c209	arith	m7head	absolute	tw	large	instructions:u	30463045415.000000	30463045064.000000	30463045825.000000	5
7-M2-axes	fd0ea6d1,132c3395,ced6c209	arith	m7head	absolute	ir	large	instructions:u	30725716792.000000	30725716446.000000	30725717511.000000	5
7-M2-axes	fd0ea6d1,132c3395,ced6c209	arith	m7head	per_pass	tw	-	instructions:u	61809.270260	61763.269772	61809.273524	5
7-M2-axes	fd0ea6d1,132c3395,ced6c209	arith	m7head	fixed	tw	-	instructions:u	-441589642.000000	-441591347.000000	-418589476.000000	5
7-M2-axes	fd0ea6d1,132c3395,ced6c209	arith	m7head	per_pass	ir	-	instructions:u	62333.746880	62333.745644	62333.750200	5
7-M2-axes	fd0ea6d1,132c3395,ced6c209	arith	m7head	fixed	ir	-	instructions:u	-441156994.000000	-441157589.000000	-441156185.000000	5
7-M2-axes	fd0ea6d1,132c3395,ced6c209	arith	m7head	per_pass_gap	ir-tw	-	instructions:u	524.476676	524.473944	570.477108	5
7-M2-axes	fd0ea6d1,132c3395,ced6c209	arith	m7head	arm_ratio	ir/tw	small	cycles:u	1.020058	1.013276	1.030248	5
7-M2-axes	fd0ea6d1,132c3395,ced6c209	arith	m7head	absolute	tw	small	cycles:u	4261957979.000000	4237393592.000000	4285253867.000000	5
7-M2-axes	fd0ea6d1,132c3395,ced6c209	arith	m7head	absolute	ir	small	cycles:u	4347486201.000000	4342145675.000000	4381310718.000000	5
7-M2-axes	fd0ea6d1,132c3395,ced6c209	arith	m7head	arm_ratio	ir/tw	large	cycles:u	1.020783	1.016323	1.022872	5
7-M2-axes	fd0ea6d1,132c3395,ced6c209	arith	m7head	absolute	tw	large	cycles:u	8650093681.000000	8638850287.000000	8702169374.000000	5
7-M2-axes	fd0ea6d1,132c3395,ced6c209	arith	m7head	absolute	ir	large	cycles:u	8835946437.000000	8829867880.000000	8848054530.000000	5
7-M2-axes	fd0ea6d1,132c3395,ced6c209	arith	m7head	per_pass	tw	-	cycles:u	17650.800356	17440.958860	17760.681360	5
7-M2-axes	fd0ea6d1,132c3395,ced6c209	arith	m7head	fixed	tw	-	cycles:u	-170118495.000000	-178171306.000000	-74985848.000000	5
7-M2-axes	fd0ea6d1,132c3395,ced6c209	arith	m7head	per_pass	ir	-	cycles:u	17955.544760	17797.082136	18004.356596	5
7-M2-axes	fd0ea6d1,132c3395,ced6c209	arith	m7head	fixed	ir	-	cycles:u	-141825943.000000	-158943474.000000	-67959816.000000	5
7-M2-axes	fd0ea6d1,132c3395,ced6c209	arith	m7head	per_pass_gap	ir-tw	-	cycles:u	252.386456	227.238864	563.397736	5
7-M2-axes	fd0ea6d1,132c3395,ced6c209	arith	head	arm_ratio	ir/tw	small	instructions:u	1.008964	1.008964	1.008964	5
7-M2-axes	fd0ea6d1,132c3395,ced6c209	arith	head	absolute	tw	small	instructions:u	15010227294.000000	15010226696.000000	15010228514.000000	5
7-M2-axes	fd0ea6d1,132c3395,ced6c209	arith	head	absolute	ir	small	instructions:u	15144779891.000000	15144779362.000000	15144781203.000000	5
7-M2-axes	fd0ea6d1,132c3395,ced6c209	arith	head	arm_ratio	ir/tw	large	instructions:u	1.008820	1.008820	1.008820	5
7-M2-axes	fd0ea6d1,132c3395,ced6c209	arith	head	absolute	tw	large	instructions:u	30462045328.000000	30462045016.000000	30462045454.000000	5
7-M2-axes	fd0ea6d1,132c3395,ced6c209	arith	head	absolute	ir	large	instructions:u	30730717400.000000	30730716781.000000	30730717708.000000	5
7-M2-axes	fd0ea6d1,132c3395,ced6c209	arith	head	per_pass	tw	-	instructions:u	61807.271896	61807.266664	61807.274528	5
7-M2-axes	fd0ea6d1,132c3395,ced6c209	arith	head	fixed	tw	-	instructions:u	-441590599.000000	-441591936.000000	-441588152.000000	5
7-M2-axes	fd0ea6d1,132c3395,ced6c209	arith	head	per_pass	ir	-	instructions:u	62343.749272	62343.742312	62343.752152	5
7-M2-axes	fd0ea6d1,132c3395,ced6c209	arith	head	fixed	ir	-	instructions:u	-441157559.000000	-441158676.000000	-441154375.000000	5
7-M2-axes	fd0ea6d1,132c3395,ced6c209	arith	head	per_pass_gap	ir-tw	-	instructions:u	536.478964	536.467784	536.482580	5
7-M2-axes	fd0ea6d1,132c3395,ced6c209	arith	head	arm_ratio	ir/tw	small	cycles:u	1.016209	1.012461	1.020423	5
7-M2-axes	fd0ea6d1,132c3395,ced6c209	arith	head	absolute	tw	small	cycles:u	4267082313.000000	4251160776.000000	4283626917.000000	5
7-M2-axes	fd0ea6d1,132c3395,ced6c209	arith	head	absolute	ir	small	cycles:u	4337004923.000000	4333190005.000000	4338207729.000000	5
7-M2-axes	fd0ea6d1,132c3395,ced6c209	arith	head	arm_ratio	ir/tw	large	cycles:u	1.013183	1.010716	1.017417	5
7-M2-axes	fd0ea6d1,132c3395,ced6c209	arith	head	absolute	tw	large	cycles:u	8680208563.000000	8662062890.000000	8710527062.000000	5
7-M2-axes	fd0ea6d1,132c3395,ced6c209	arith	head	absolute	ir	large	cycles:u	8792058326.000000	8788762797.000000	8825362100.000000	5
7-M2-axes	fd0ea6d1,132c3395,ced6c209	arith	head	per_pass	tw	-	cycles:u	17701.618808	17513.743892	17790.733240	5
7-M2-axes	fd0ea6d1,132c3395,ced6c209	arith	head	fixed	tw	-	cycles:u	-170600841.000000	-196522534.000000	-94809056.000000	5
7-M2-axes	fd0ea6d1,132c3395,ced6c209	arith	head	per_pass	ir	-	cycles:u	17835.473284	17812.798148	17948.617484	5
7-M2-axes	fd0ea6d1,132c3395,ced6c209	arith	head	fixed	ir	-	cycles:u	-125678316.000000	-148946642.000000	-116091834.000000	5
7-M2-axes	fd0ea6d1,132c3395,ced6c209	arith	head	per_pass_gap	ir-tw	-	cycles:u	182.558604	25.565936	389.971252	5
7-M2-axes	fd0ea6d1,132c3395,ced6c209	arith	base>m7head	across_builds	tw	small	instructions:u	1.000000	1.000000	1.000766	5
7-M2-axes	fd0ea6d1,132c3395,ced6c209	arith	base>m7head	across_builds	ir	small	instructions:u	0.998434	0.998434	0.998434	5
7-M2-axes	fd0ea6d1,132c3395,ced6c209	arith	base>m7head	across_builds	tw	large	instructions:u	1.000000	1.000000	1.000000	5
7-M2-axes	fd0ea6d1,132c3395,ced6c209	arith	base>m7head	across_builds	ir	large	instructions:u	0.998456	0.998456	0.998456	5
7-M2-axes	fd0ea6d1,132c3395,ced6c209	arith	base>m7head	across_builds	tw	small	cycles:u	1.001512	0.993550	1.011903	5
7-M2-axes	fd0ea6d1,132c3395,ced6c209	arith	base>m7head	across_builds	ir	small	cycles:u	1.004971	0.996891	1.012410	5
7-M2-axes	fd0ea6d1,132c3395,ced6c209	arith	base>m7head	across_builds	tw	large	cycles:u	1.005330	0.998665	1.008334	5
7-M2-axes	fd0ea6d1,132c3395,ced6c209	arith	base>m7head	across_builds	ir	large	cycles:u	1.002013	0.994429	1.003322	5
7-M2-axes	fd0ea6d1,132c3395,ced6c209	arith	base>head	across_builds	tw	small	instructions:u	0.999967	0.999967	0.999967	5
7-M2-axes	fd0ea6d1,132c3395,ced6c209	arith	base>head	across_builds	ir	small	instructions:u	0.998599	0.998599	0.998599	5
7-M2-axes	fd0ea6d1,132c3395,ced6c209	arith	base>head	across_builds	tw	large	instructions:u	0.999967	0.999967	0.999967	5
7-M2-axes	fd0ea6d1,132c3395,ced6c209	arith	base>head	across_builds	ir	large	instructions:u	0.998619	0.998619	0.998619	5
7-M2-axes	fd0ea6d1,132c3395,ced6c209	arith	base>head	across_builds	tw	small	cycles:u	1.004905	0.991033	1.007766	5
7-M2-axes	fd0ea6d1,132c3395,ced6c209	arith	base>head	across_builds	ir	small	cycles:u	1.001291	0.993597	1.003447	5
7-M2-axes	fd0ea6d1,132c3395,ced6c209	arith	base>head	across_builds	tw	large	cycles:u	1.008892	1.002309	1.009367	5
7-M2-axes	fd0ea6d1,132c3395,ced6c209	arith	base>head	across_builds	ir	large	cycles:u	0.997642	0.989489	0.999600	5
7-M2-axes	fd0ea6d1,132c3395,ced6c209	compound	base	arm_ratio	ir/tw	small	instructions:u	1.017982	1.017936	1.018017	5
7-M2-axes	fd0ea6d1,132c3395,ced6c209	compound	base	absolute	tw	small	instructions:u	38487672515.000000	38486814820.000000	38489436718.000000	5
7-M2-axes	fd0ea6d1,132c3395,ced6c209	compound	base	absolute	ir	small	instructions:u	39179772677.000000	39179326373.000000	39180662321.000000	5
7-M2-axes	fd0ea6d1,132c3395,ced6c209	compound	base	arm_ratio	ir/tw	large	instructions:u	1.017913	1.013578	1.017971	5
7-M2-axes	fd0ea6d1,132c3395,ced6c209	compound	base	absolute	tw	large	instructions:u	77264242693.000000	77262050541.000000	77596521648.000000	5
7-M2-axes	fd0ea6d1,132c3395,ced6c209	compound	base	absolute	ir	large	instructions:u	78648753272.000000	78647451061.000000	78650532221.000000	5
7-M2-axes	fd0ea6d1,132c3395,ced6c209	compound	base	per_pass	tw	-	instructions:u	15510.971149	15509.045529	15643.526678	5
7-M2-axes	fd0ea6d1,132c3395,ced6c209	compound	base	fixed	tw	-	instructions:u	-290196496.000000	-621111742.000000	-283177105.000000	5
7-M2-axes	fd0ea6d1,132c3395,ced6c209	compound	base	per_pass	ir	-	instructions:u	15787.236380	15786.893659	15788.318824	5
7-M2-axes	fd0ea6d1,132c3395,ced6c209	compound	base	fixed	ir	-	instructions:u	-287910291.000000	-291470687.000000	-287017233.000000	5
7-M2-axes	fd0ea6d1,132c3395,ced6c209	compound	base	per_pass_gap	ir-tw	-	instructions:u	276.253025	144.792146	279.258288	5
7-M2-axes	fd0ea6d1,132c3395,ced6c209	compound	base	arm_ratio	ir/tw	small	cycles:u	1.040850	1.025675	1.067562	5
7-M2-axes	fd0ea6d1,132c3395,ced6c209	compound	base	absolute	tw	small	cycles:u	9548947148.000000	9500512328.000000	9595120064.000000	5
7-M2-axes	fd0ea6d1,132c3395,ced6c209	compound	base	absolute	ir	small	cycles:u	9920378370.000000	9794669038.000000	10142386037.000000	5
7-M2-axes	fd0ea6d1,132c3395,ced6c209	compound	base	arm_ratio	ir/tw	large	cycles:u	1.020719	0.995033	1.028249	5
7-M2-axes	fd0ea6d1,132c3395,ced6c209	compound	base	absolute	tw	large	cycles:u	19345342870.000000	19216859114.000000	19736560986.000000	5
7-M2-axes	fd0ea6d1,132c3395,ced6c209	compound	base	absolute	ir	large	cycles:u	19759725593.000000	19638523586.000000	19778804644.000000	5
7-M2-axes	fd0ea6d1,132c3395,ced6c209	compound	base	per_pass	tw	-	cycles:u	3937.932217	3863.086209	4084.156658	5
7-M2-axes	fd0ea6d1,132c3395,ced6c209	compound	base	fixed	tw	-	cycles:u	-344318214.000000	-684222304.000000	-98571932.000000	5
7-M2-axes	fd0ea6d1,132c3395,ced6c209	compound	base	per_pass	ir	-	cycles:u	3924.036664	3841.505644	3993.654242	5
7-M2-axes	fd0ea6d1,132c3395,ced6c209	compound	base	fixed	ir	-	cycles:u	139542275.000000	-189466568.000000	538621927.000000	5
7-M2-axes	fd0ea6d1,132c3395,ced6c209	compound	base	per_pass_gap	ir-tw	-	cycles:u	-25.781403	-196.898572	113.318673	5
7-M2-axes	fd0ea6d1,132c3395,ced6c209	compound	m7head	arm_ratio	ir/tw	small	instructions:u	1.015525	1.015514	1.015554	5
7-M2-axes	fd0ea6d1,132c3395,ced6c209	compound	m7head	absolute	tw	small	instructions:u	38486815006.000000	38486369915.000000	38487670283.000000	5
7-M2-axes	fd0ea6d1,132c3395,ced6c209	compound	m7head	absolute	ir	small	instructions:u	39084318095.000000	39084117039.000000	39084967706.000000	5
7-M2-axes	fd0ea6d1,132c3395,ced6c209	compound	m7head	arm_ratio	ir/tw	large	instructions:u	1.015461	1.015443	1.015471	5
7-M2-axes	fd0ea6d1,132c3395,ced6c209	compound	m7head	absolute	tw	large	instructions:u	77264241486.000000	77263760420.000000	77264719954.000000	5
7-M2-axes	fd0ea6d1,132c3395,ced6c209	compound	m7head	absolute	ir	large	instructions:u	78458335177.000000	78457443690.000000	78460114103.000000	5
7-M2-axes	fd0ea6d1,132c3395,ced6c209	compound	m7head	per_pass	tw	-	instructions:u	15510.969920	15510.778152	15511.340016	5
7-M2-axes	fd0ea6d1,132c3395,ced6c209	compound	m7head	fixed	tw	-	instructions:u	-290609794.000000	-291980124.000000	-289309485.000000	5
7-M2-axes	fd0ea6d1,132c3395,ced6c209	compound	m7head	per_pass	ir	-	instructions:u	15749.606833	15749.330660	15750.058559	5
7-M2-axes	fd0ea6d1,132c3395,ced6c209	compound	m7head	fixed	ir	-	instructions:u	-289698987.000000	-290591134.000000	-288808842.000000	5
7-M2-axes	fd0ea6d1,132c3395,ced6c209	compound	m7head	per_pass_gap	ir-tw	-	instructions:u	238.718543	238.360740	238.828681	5
7-M2-axes	fd0ea6d1,132c3395,ced6c209	compound	m7head	arm_ratio	ir/tw	small	cycles:u	1.049856	1.040131	1.058617	5
7-M2-axes	fd0ea6d1,132c3395,ced6c209	compound	m7head	absolute	tw	small	cycles:u	9607806256.000000	9601608291.000000	9683072617.000000	5
7-M2-axes	fd0ea6d1,132c3395,ced6c209	compound	m7head	absolute	ir	small	cycles:u	10080310727.000000	10053266306.000000	10208516774.000000	5
7-M2-axes	fd0ea6d1,132c3395,ced6c209	compound	m7head	arm_ratio	ir/tw	large	cycles:u	1.050567	1.043001	1.054090	5
7-M2-axes	fd0ea6d1,132c3395,ced6c209	compound	m7head	absolute	tw	large	cycles:u	19467902029.000000	19303913549.000000	19570034717.000000	5
7-M2-axes	fd0ea6d1,132c3395,ced6c209	compound	m7head	absolute	ir	large	cycles:u	20348062194.000000	20315000645.000000	20559631787.000000	5
7-M2-axes	fd0ea6d1,132c3395,ced6c209	compound	m7head	per_pass	tw	-	cycles:u	3913.931765	3865.406820	3986.040176	5
7-M2-axes	fd0ea6d1,132c3395,ced6c209	compound	m7head	fixed	tw	-	cycles:u	-101756795.000000	-360166161.000000	-20263133.000000	5
7-M2-axes	fd0ea6d1,132c3395,ced6c209	compound	m7head	per_pass	ir	-	cycles:u	4107.100587	4043.699360	4180.972850	5
7-M2-axes	fd0ea6d1,132c3395,ced6c209	compound	m7head	fixed	ir	-	cycles:u	-208468033.000000	-345232465.000002	99268373.000000	5
7-M2-axes	fd0ea6d1,132c3395,ced6c209	compound	m7head	per_pass_gap	ir-tw	-	cycles:u	194.932675	156.836280	226.178484	5
7-M2-axes	fd0ea6d1,132c3395,ced6c209	compound	head	arm_ratio	ir/tw	small	instructions:u	1.015765	1.015730	1.015782	5
7-M2-axes	fd0ea6d1,132c3395,ced6c209	compound	head	absolute	tw	small	instructions:u	38579508427.000000	38578888408.000000	38580428808.000000	5
7-M2-axes	fd0ea6d1,132c3395,ced6c209	compound	head	absolute	ir	small	instructions:u	39187522678.000000	39187076391.000000	39187969775.000000	5
7-M2-axes	fd0ea6d1,132c3395,ced6c209	compound	head	arm_ratio	ir/tw	large	instructions:u	1.015693	1.015659	1.015716	5
7-M2-axes	fd0ea6d1,132c3395,ced6c209	compound	head	absolute	tw	large	instructions:u	77449261074.000000	77447069823.000000	77449670735.000000	5
7-M2-axes	fd0ea6d1,132c3395,ced6c209	compound	head	absolute	ir	large	instructions:u	78663774937.000000	78662465013.000000	78665133890.000000	5
7-M2-axes	fd0ea6d1,132c3395,ced6c209	compound	head	per_pass	tw	-	instructions:u	15547.696771	15547.175518	15547.969626	5
7-M2-axes	fd0ea6d1,132c3395,ced6c209	compound	head	fixed	tw	-	instructions:u	-289293007.000000	-290586286.000000	-288397519.000000	5
7-M2-axes	fd0ea6d1,132c3395,ced6c209	compound	head	per_pass	ir	-	instructions:u	15790.322065	15789.894950	15791.044485	5
7-M2-axes	fd0ea6d1,132c3395,ced6c209	compound	head	fixed	ir	-	instructions:u	-287901085.000000	-290507843.000000	-287009737.000000	5
7-M2-axes	fd0ea6d1,132c3395,ced6c209	compound	head	per_pass_gap	ir-tw	-	instructions:u	242.622384	242.376577	243.858176	5
7-M2-axes	fd0ea6d1,132c3395,ced6c209	compound	head	arm_ratio	ir/tw	small	cycles:u	1.006979	0.988632	1.020521	5
7-M2-axes	fd0ea6d1,132c3395,ced6c209	compound	head	absolute	tw	small	cycles:u	10011404751.000000	9892548087.000000	10189512581.000000	5
7-M2-axes	fd0ea6d1,132c3395,ced6c209	compound	head	absolute	ir	small	cycles:u	10095344667.000000	10073683070.000000	10103083362.000000	5
7-M2-axes	fd0ea6d1,132c3395,ced6c209	compound	head	arm_ratio	ir/tw	large	cycles:u	1.020140	0.995436	1.038599	5
7-M2-axes	fd0ea6d1,132c3395,ced6c209	compound	head	absolute	tw	large	cycles:u	19884664464.000000	19798059100.000000	20316227169.000000	5
7-M2-axes	fd0ea6d1,132c3395,ced6c209	compound	head	absolute	ir	large	cycles:u	20274684029.000000	20223494224.000000	20562235303.000000	5
7-M2-axes	fd0ea6d1,132c3395,ced6c209	compound	head	per_pass	tw	-	cycles:u	3985.726986	3884.156253	4097.492608	5
7-M2-axes	fd0ea6d1,132c3395,ced6c209	compound	head	fixed	tw	-	cycles:u	62797993.000000	-297346044.000000	377277836.000000	5
7-M2-axes	fd0ea6d1,132c3395,ced6c209	compound	head	per_pass	ir	-	cycles:u	4071.652534	4053.019085	4186.756254	5
7-M2-axes	fd0ea6d1,132c3395,ced6c209	compound	head	fixed	ir	-	cycles:u	-83578639.000000	-371545969.000000	-29464350.000000	5
7-M2-axes	fd0ea6d1,132c3395,ced6c209	compound	head	per_pass_gap	ir-tw	-	cycles:u	85.925548	-44.473524	302.600002	5
7-M2-axes	fd0ea6d1,132c3395,ced6c209	compound	base>m7head	across_builds	tw	small	instructions:u	0.999988	0.999932	0.999999	5
7-M2-axes	fd0ea6d1,132c3395,ced6c209	compound	base>m7head	across_builds	ir	small	instructions:u	0.997559	0.997541	0.997586	5
7-M2-axes	fd0ea6d1,132c3395,ced6c209	compound	base>m7head	across_builds	tw	large	instructions:u	1.000000	0.995723	1.000028	5
7-M2-axes	fd0ea6d1,132c3395,ced6c209	compound	base>m7head	across_builds	ir	large	instructions:u	0.997579	0.997545	0.997618	5
7-M2-axes	fd0ea6d1,132c3395,ced6c209	compound	base>m7head	across_builds	tw	small	cycles:u	1.008799	1.001023	1.014046	5
7-M2-axes	fd0ea6d1,132c3395,ced6c209	compound	base>m7head	across_builds	ir	small	cycles:u	1.026019	0.993880	1.028280	5
7-M2-axes	fd0ea6d1,132c3395,ced6c209	compound	base>m7head	across_builds	tw	large	cycles:u	0.998673	0.986872	1.011331	5
7-M2-axes	fd0ea6d1,132c3395,ced6c209	compound	base>m7head	across_builds	ir	large	cycles:u	1.032062	1.028241	1.039523	5
7-M2-axes	fd0ea6d1,132c3395,ced6c209	compound	base>head	across_builds	tw	small	instructions:u	1.002387	1.002364	1.002397	5
7-M2-axes	fd0ea6d1,132c3395,ced6c209	compound	base>head	across_builds	ir	small	instructions:u	1.000192	1.000186	1.000209	5
7-M2-axes	fd0ea6d1,132c3395,ced6c209	compound	base>head	across_builds	tw	large	instructions:u	1.002383	0.998102	1.002428	5
7-M2-axes	fd0ea6d1,132c3395,ced6c209	compound	base>head	across_builds	ir	large	instructions:u	1.000191	1.000152	1.000219	5
7-M2-axes	fd0ea6d1,132c3395,ced6c209	compound	base>head	across_builds	tw	small	cycles:u	1.050937	1.036609	1.065944	5
7-M2-axes	fd0ea6d1,132c3395,ced6c209	compound	base>head	across_builds	ir	small	cycles:u	1.016219	0.995382	1.030698	5
7-M2-axes	fd0ea6d1,132c3395,ced6c209	compound	base>head	across_builds	tw	large	cycles:u	1.028482	1.007504	1.057209	5
7-M2-axes	fd0ea6d1,132c3395,ced6c209	compound	base>head	across_builds	ir	large	cycles:u	1.026766	1.023142	1.039610	5
7-M2-axes	fd0ea6d1,132c3395,ced6c209	strings	base	arm_ratio	ir/tw	small	instructions:u	1.020334	1.020334	1.020334	5
7-M2-axes	fd0ea6d1,132c3395,ced6c209	strings	base	absolute	tw	small	instructions:u	42560972637.000000	42560971693.000000	42560973351.000000	5
7-M2-axes	fd0ea6d1,132c3395,ced6c209	strings	base	absolute	ir	small	instructions:u	43426427794.000000	43426426733.000000	43426427957.000000	5
7-M2-axes	fd0ea6d1,132c3395,ced6c209	strings	base	arm_ratio	ir/tw	large	instructions:u	1.020321	1.020321	1.020321	5
7-M2-axes	fd0ea6d1,132c3395,ced6c209	strings	base	absolute	tw	large	instructions:u	85179789091.000000	85179788874.000000	85179789549.000000	5
7-M2-axes	fd0ea6d1,132c3395,ced6c209	strings	base	absolute	ir	large	instructions:u	86910744265.000000	86910744056.000000	86910745143.000000	5
7-M2-axes	fd0ea6d1,132c3395,ced6c209	strings	base	per_pass	tw	-	instructions:u	28412.544166	28412.544099	28412.544932	5
7-M2-axes	fd0ea6d1,132c3395,ced6c209	strings	base	fixed	tw	-	instructions:u	-57843612.000000	-57845705.000000	-57842798.000000	5
7-M2-axes	fd0ea6d1,132c3395,ced6c209	strings	base	per_pass	ir	-	instructions:u	28989.544440	28989.544131	28989.545021	5
7-M2-axes	fd0ea6d1,132c3395,ced6c209	strings	base	fixed	ir	-	instructions:u	-57889228.000000	-57890799.000000	-57888336.000000	5
7-M2-axes	fd0ea6d1,132c3395,ced6c209	strings	base	per_pass_gap	ir-tw	-	instructions:u	577.000267	576.999406	577.000907	5
7-M2-axes	fd0ea6d1,132c3395,ced6c209	strings	base	arm_ratio	ir/tw	small	cycles:u	1.017181	0.994676	1.051954	5
7-M2-axes	fd0ea6d1,132c3395,ced6c209	strings	base	absolute	tw	small	cycles:u	11301949834.000000	11141753668.000000	11495458102.000000	5
7-M2-axes	fd0ea6d1,132c3395,ced6c209	strings	base	absolute	ir	small	cycles:u	11567844485.000000	11434254704.000000	11849934428.000000	5
7-M2-axes	fd0ea6d1,132c3395,ced6c209	strings	base	arm_ratio	ir/tw	large	cycles:u	1.035142	1.013223	1.043192	5
7-M2-axes	fd0ea6d1,132c3395,ced6c209	strings	base	absolute	tw	large	cycles:u	22385657467.000000	22276023402.000000	22962095591.000000	5
7-M2-axes	fd0ea6d1,132c3395,ced6c209	strings	base	absolute	ir	large	cycles:u	23219389313.000000	23058849871.000000	23621747012.000000	5
7-M2-axes	fd0ea6d1,132c3395,ced6c209	strings	base	per_pass	tw	-	cycles:u	7406.842025	7269.042701	7880.227949	5
7-M2-axes	fd0ea6d1,132c3395,ced6c209	strings	base	fixed	tw	-	cycles:u	154422734.000000	-678588255.000000	468895300.000000	5
7-M2-axes	fd0ea6d1,132c3395,ced6c209	strings	base	per_pass	ir	-	cycles:u	7856.756406	7554.344121	7985.897075	5
7-M2-axes	fd0ea6d1,132c3395,ced6c209	strings	base	fixed	ir	-	cycles:u	-335944212.000000	-426760639.000000	518418247.000000	5
7-M2-axes	fd0ea6d1,132c3395,ced6c209	strings	base	per_pass_gap	ir-tw	-	cycles:u	242.820993	105.669126	537.297733	5
7-M2-axes	fd0ea6d1,132c3395,ced6c209	strings	m7head	arm_ratio	ir/tw	small	instructions:u	1.016986	1.016986	1.016986	5
7-M2-axes	fd0ea6d1,132c3395,ced6c209	strings	m7head	absolute	tw	small	instructions:u	42560972358.000000	42560972291.000000	42560972751.000000	5
7-M2-axes	fd0ea6d1,132c3395,ced6c209	strings	m7head	absolute	ir	small	instructions:u	43283928441.000000	43283928195.000000	43283928840.000000	5
7-M2-axes	fd0ea6d1,132c3395,ced6c209	strings	m7head	arm_ratio	ir/tw	large	instructions:u	1.016975	1.016975	1.016975	5
7-M2-axes	fd0ea6d1,132c3395,ced6c209	strings	m7head	absolute	tw	large	instructions:u	85179789032.000000	85179788379.000000	85179789400.000000	5
7-M2-axes	fd0ea6d1,132c3395,ced6c209	strings	m7head	absolute	ir	large	instructions:u	86625744969.000000	86625744709.000000	86625745282.000000	5
7-M2-axes	fd0ea6d1,132c3395,ced6c209	strings	m7head	per_pass	tw	-	instructions:u	28412.544433	28412.543958	28412.544565	5
7-M2-axes	fd0ea6d1,132c3395,ced6c209	strings	m7head	fixed	tw	-	instructions:u	-57844013.000000	-57844492.000000	-57843495.000000	5
7-M2-axes	fd0ea6d1,132c3395,ced6c209	strings	m7head	per_pass	ir	-	instructions:u	28894.544302	28894.544095	28894.544725	5
7-M2-axes	fd0ea6d1,132c3395,ced6c209	strings	m7head	fixed	ir	-	instructions:u	-57888087.000000	-57888892.000000	-57887391.000000	5
7-M2-axes	fd0ea6d1,132c3395,ced6c209	strings	m7head	per_pass_gap	ir-tw	-	instructions:u	481.999808	481.999721	482.000477	5
7-M2-axes	fd0ea6d1,132c3395,ced6c209	strings	m7head	arm_ratio	ir/tw	small	cycles:u	1.035332	1.000399	1.056034	5
7-M2-axes	fd0ea6d1,132c3395,ced6c209	strings	m7head	absolute	tw	small	cycles:u	11456443120.000000	11253873937.000000	11803052788.000000	5
7-M2-axes	fd0ea6d1,132c3395,ced6c209	strings	m7head	absolute	ir	small	cycles:u	11807764000.000000	11630824638.000000	12098394247.000000	5
7-M2-axes	fd0ea6d1,132c3395,ced6c209	strings	m7head	arm_ratio	ir/tw	large	cycles:u	1.027987	1.013013	1.043911	5
7-M2-axes	fd0ea6d1,132c3395,ced6c209	strings	m7head	absolute	tw	large	cycles:u	22891357581.000000	22521227732.000000	22944587290.000000	5
7-M2-axes	fd0ea6d1,132c3395,ced6c209	strings	m7head	absolute	ir	large	cycles:u	23371102220.000000	23243171519.000000	23832685654.000000	5
7-M2-axes	fd0ea6d1,132c3395,ced6c209	strings	m7head	per_pass	tw	-	cycles:u	7564.066935	7386.873465	7653.971349	5
7-M2-axes	fd0ea6d1,132c3395,ced6c209	strings	m7head	fixed	tw	-	cycles:u	199156775.000000	-227083087.000000	661518286.000000	5
7-M2-axes	fd0ea6d1,132c3395,ced6c209	strings	m7head	per_pass	ir	-	cycles:u	7695.284719	7458.384068	8134.574011	5
7-M2-axes	fd0ea6d1,132c3395,ced6c209	strings	m7head	fixed	ir	-	cycles:u	372356481.000000	-571036378.000000	910818145.000000	5
7-M2-axes	fd0ea6d1,132c3395,ced6c209	strings	m7head	per_pass_gap	ir-tw	-	cycles:u	195.915345	-179.319646	570.507075	5
7-M2-axes	fd0ea6d1,132c3395,ced6c209	strings	head	arm_ratio	ir/tw	small	instructions:u	1.017342	1.016912	1.018117	5
7-M2-axes	fd0ea6d1,132c3395,ced6c209	strings	head	absolute	tw	small	instructions:u	42553472859.000000	42553471951.000000	42571473282.000000	5
7-M2-axes	fd0ea6d1,132c3395,ced6c209	strings	head	absolute	ir	small	instructions:u	43291429116.000000	43291428637.000000	43324429548.000000	5
7-M2-axes	fd0ea6d1,132c3395,ced6c209	strings	head	arm_ratio	ir/tw	large	instructions:u	1.017331	1.017331	1.017331	5
7-M2-axes	fd0ea6d1,132c3395,ced6c209	strings	head	absolute	tw	large	instructions:u	85164789038.000000	85164788854.000000	85164789953.000000	5
7-M2-axes	fd0ea6d1,132c3395,ced6c209	strings	head	absolute	ir	large	instructions:u	86640745865.000000	86640745359.000000	86640746350.000000	5
7-M2-axes	fd0ea6d1,132c3395,ced6c209	strings	head	per_pass	tw	-	instructions:u	28407.544173	28395.543787	28407.545164	5
7-M2-axes	fd0ea6d1,132c3395,ced6c209	strings	head	fixed	tw	-	instructions:u	-57843195.000000	-57845539.000000	-21842399.000000	5
7-M2-axes	fd0ea6d1,132c3395,ced6c209	strings	head	per_pass	ir	-	instructions:u	28899.544162	28877.544211	28899.545142	5
7-M2-axes	fd0ea6d1,132c3395,ced6c209	strings	head	fixed	ir	-	instructions:u	-57887127.000000	-57889076.000000	8113231.000000	5
7-M2-axes	fd0ea6d1,132c3395,ced6c209	strings	head	per_pass_gap	ir-tw	-	instructions:u	491.999867	469.999487	504.001355	5
7-M2-axes	fd0ea6d1,132c3395,ced6c209	strings	head	arm_ratio	ir/tw	small	cycles:u	1.025285	1.012463	1.042527	5
7-M2-axes	fd0ea6d1,132c3395,ced6c209	strings	head	absolute	tw	small	cycles:u	11259055870.000000	11246126617.000000	11355154565.000000	5
7-M2-axes	fd0ea6d1,132c3395,ced6c209	strings	head	absolute	ir	small	cycles:u	11532711193.000000	11496675364.000000	11741651744.000000	5
7-M2-axes	fd0ea6d1,132c3395,ced6c209	strings	head	arm_ratio	ir/tw	large	cycles:u	1.028862	0.997555	1.033611	5
7-M2-axes	fd0ea6d1,132c3395,ced6c209	strings	head	absolute	tw	large	cycles:u	22495325589.000000	22448151881.000000	23242693095.000000	5
7-M2-axes	fd0ea6d1,132c3395,ced6c209	strings	head	absolute	ir	large	cycles:u	23159744080.000000	22990729650.000000	23207502061.000000	5
7-M2-axes	fd0ea6d1,132c3395,ced6c209	strings	head	per_pass	tw	-	cycles:u	7498.021141	7395.331544	7997.710985	5
7-M2-axes	fd0ea6d1,132c3395,ced6c209	strings	head	fixed	tw	-	cycles:u	1262165.000000	-750439861.000000	262157249.000000	5
7-M2-axes	fd0ea6d1,132c3395,ced6c209	strings	head	per_pass	ir	-	cycles:u	7741.249716	7627.975468	7779.115936	5
7-M2-axes	fd0ea6d1,132c3395,ced6c209	strings	head	fixed	ir	-	cycles:u	-79163381.000000	-166393352.000000	275801427.000000	5
7-M2-axes	fd0ea6d1,132c3395,ced6c209	strings	head	per_pass_gap	ir-tw	-	cycles:u	183.800810	-218.595049	380.047600	5
7-M2-axes	fd0ea6d1,132c3395,ced6c209	strings	base>m7head	across_builds	tw	small	instructions:u	1.000000	1.000000	1.000000	5
7-M2-axes	fd0ea6d1,132c3395,ced6c209	strings	base>m7head	across_builds	ir	small	instructions:u	0.996719	0.996719	0.996719	5
7-M2-axes	fd0ea6d1,132c3395,ced6c209	strings	base>m7head	across_builds	tw	large	instructions:u	1.000000	1.000000	1.000000	5
7-M2-axes	fd0ea6d1,132c3395,ced6c209	strings	base>m7head	across_builds	ir	large	instructions:u	0.996721	0.996721	0.996721	5
7-M2-axes	fd0ea6d1,132c3395,ced6c209	strings	base>m7head	across_builds	tw	small	cycles:u	1.013670	0.999040	1.037863	5
7-M2-axes	fd0ea6d1,132c3395,ced6c209	strings	base>m7head	across_builds	ir	small	cycles:u	1.020740	0.983254	1.055440	5
7-M2-axes	fd0ea6d1,132c3395,ced6c209	strings	base>m7head	across_builds	tw	large	cycles:u	1.016084	0.980800	1.030013	5
7-M2-axes	fd0ea6d1,132c3395,ced6c209	strings	base>m7head	across_builds	ir	large	cycles:u	1.007994	0.995276	1.026413	5
7-M2-axes	fd0ea6d1,132c3395,ced6c209	strings	base>head	across_builds	tw	small	instructions:u	0.999824	0.999824	1.000247	5
7-M2-axes	fd0ea6d1,132c3395,ced6c209	strings	base>head	across_builds	ir	small	instructions:u	0.996891	0.996891	0.997651	5
7-M2-axes	fd0ea6d1,132c3395,ced6c209	strings	base>head	across_builds	tw	large	instructions:u	0.999824	0.999824	0.999824	5
7-M2-axes	fd0ea6d1,132c3395,ced6c209	strings	base>head	across_builds	ir	large	instructions:u	0.996893	0.996893	0.996893	5
7-M2-axes	fd0ea6d1,132c3395,ced6c209	strings	base>head	across_builds	tw	small	cycles:u	0.995253	0.979435	1.010854	5
7-M2-axes	fd0ea6d1,132c3395,ced6c209	strings	base>head	across_builds	ir	small	cycles:u	1.006091	0.970189	1.010015	5
7-M2-axes	fd0ea6d1,132c3395,ced6c209	strings	base>head	across_builds	tw	large	cycles:u	1.003272	0.977822	1.043395	5
7-M2-axes	fd0ea6d1,132c3395,ced6c209	strings	base>head	across_builds	ir	large	cycles:u	0.991095	0.982463	1.005508	5
7-M2-axes	fd0ea6d1,132c3395,ced6c209	alloc4c	base	arm_ratio	ir/tw	small	instructions:u	1.023618	1.023612	1.023625	5
7-M2-axes	fd0ea6d1,132c3395,ced6c209	alloc4c	base	absolute	tw	small	instructions:u	7980376668.000000	7980347368.000000	7980442386.000000	5
7-M2-axes	fd0ea6d1,132c3395,ced6c209	alloc4c	base	absolute	ir	small	instructions:u	8168871683.000000	8168830920.000000	8168912157.000000	5
7-M2-axes	fd0ea6d1,132c3395,ced6c209	alloc4c	base	arm_ratio	ir/tw	large	instructions:u	1.023587	1.022184	1.023592	5
7-M2-axes	fd0ea6d1,132c3395,ced6c209	alloc4c	base	absolute	tw	large	instructions:u	15984298485.000000	15984201698.000000	16006222178.000000	5
7-M2-axes	fd0ea6d1,132c3395,ced6c209	alloc4c	base	absolute	ir	large	instructions:u	16361299285.000000	16361200417.000000	16361330888.000000	5
7-M2-axes	fd0ea6d1,132c3395,ced6c209	alloc4c	base	per_pass	tw	-	instructions:u	16007.843634	16007.636022	16051.634248	5
7-M2-axes	fd0ea6d1,132c3395,ced6c209	alloc4c	base	fixed	tw	-	instructions:u	-23545149.000000	-45412070.000000	-23375625.000000	5
7-M2-axes	fd0ea6d1,132c3395,ced6c209	alloc4c	base	per_pass	ir	-	instructions:u	16384.862288	16384.576520	16384.999936	5
7-M2-axes	fd0ea6d1,132c3395,ced6c209	alloc4c	base	fixed	ir	-	instructions:u	-23559461.000000	-23669048.000000	-23376102.999999	5
7-M2-axes	fd0ea6d1,132c3395,ced6c209	alloc4c	base	per_pass_gap	ir-tw	-	instructions:u	377.096710	333.283030	377.154048	5
7-M2-axes	fd0ea6d1,132c3395,ced6c209	alloc4c	base	arm_ratio	ir/tw	small	cycles:u	1.019863	1.006910	1.043167	5
7-M2-axes	fd0ea6d1,132c3395,ced6c209	alloc4c	base	absolute	tw	small	cycles:u	2962908927.000000	2941421971.000000	3011168585.000000	5
7-M2-axes	fd0ea6d1,132c3395,ced6c209	alloc4c	base	absolute	ir	small	cycles:u	3031977099.000000	3021762251.000000	3069173007.000000	5
7-M2-axes	fd0ea6d1,132c3395,ced6c209	alloc4c	base	arm_ratio	ir/tw	large	cycles:u	1.021938	0.996939	1.030131	5
7-M2-axes	fd0ea6d1,132c3395,ced6c209	alloc4c	base	absolute	tw	large	cycles:u	6071248116.000000	6056047415.000000	6258970099.000000	5
7-M2-axes	fd0ea6d1,132c3395,ced6c209	alloc4c	base	absolute	ir	large	cycles:u	6223588976.000000	6204440091.000000	6252395502.000000	5
7-M2-axes	fd0ea6d1,132c3395,ced6c209	alloc4c	base	per_pass	tw	-	cycles:u	6213.211778	6120.159062	6635.096256	5
7-M2-axes	fd0ea6d1,132c3395,ced6c209	alloc4c	base	fixed	tw	-	cycles:u	-150578685.000000	-376126157.000000	-48910946.000000	5
7-M2-axes	fd0ea6d1,132c3395,ced6c209	alloc4c	base	per_pass	ir	-	cycles:u	6344.925984	6305.571670	6461.266502	5
7-M2-axes	fd0ea6d1,132c3395,ced6c209	alloc4c	base	fixed	ir	-	cycles:u	-140485893.000000	-208871000.000000	-83612828.000000	5
7-M2-axes	fd0ea6d1,132c3395,ced6c209	alloc4c	base	per_pass_gap	ir-tw	-	cycles:u	98.945570	-292.265854	248.054724	5
7-M2-axes	fd0ea6d1,132c3395,ced6c209	alloc4c	m7head	arm_ratio	ir/tw	small	instructions:u	1.020052	1.020047	1.020058	5
7-M2-axes	fd0ea6d1,132c3395,ced6c209	alloc4c	m7head	absolute	tw	small	instructions:u	7980379552.000000	7980343585.000000	7980405703.000000	5
7-M2-axes	fd0ea6d1,132c3395,ced6c209	alloc4c	m7head	absolute	ir	small	instructions:u	8140399782.000000	8140371327.000000	8140430697.000000	5
7-M2-axes	fd0ea6d1,132c3395,ced6c209	alloc4c	m7head	arm_ratio	ir/tw	large	instructions:u	1.020023	1.020016	1.020028	5
7-M2-axes	fd0ea6d1,132c3395,ced6c209	alloc4c	m7head	absolute	tw	large	instructions:u	15984291805.000000	15984221555.000000	15984328881.000000	5
7-M2-axes	fd0ea6d1,132c3395,ced6c209	alloc4c	m7head	absolute	ir	large	instructions:u	16304359838.000000	16304271623.000000	16304364181.000000	5
7-M2-axes	fd0ea6d1,132c3395,ced6c209	alloc4c	m7head	per_pass	tw	-	instructions:u	16007.847460	16007.631704	16007.898658	5
7-M2-axes	fd0ea6d1,132c3395,ced6c209	alloc4c	m7head	fixed	tw	-	instructions:u	-23561074.000000	-23604635.000000	-23410149.000000	5
7-M2-axes	fd0ea6d1,132c3395,ced6c209	alloc4c	m7head	per_pass	ir	-	instructions:u	16327.888768	16327.743682	16327.985708	5
7-M2-axes	fd0ea6d1,132c3395,ced6c209	alloc4c	m7head	fixed	ir	-	instructions:u	-23528930.000000	-23621527.000000	-23472059.000000	5
7-M2-axes	fd0ea6d1,132c3395,ced6c209	alloc4c	m7head	per_pass_gap	ir-tw	-	instructions:u	320.089268	319.845024	320.257064	5
7-M2-axes	fd0ea6d1,132c3395,ced6c209	alloc4c	m7head	arm_ratio	ir/tw	small	cycles:u	1.024308	1.015347	1.025648	5
7-M2-axes	fd0ea6d1,132c3395,ced6c209	alloc4c	m7head	absolute	tw	small	cycles:u	2941702321.000000	2928152616.000000	2962809392.000000	5
7-M2-axes	fd0ea6d1,132c3395,ced6c209	alloc4c	m7head	absolute	ir	small	cycles:u	3004973805.000000	2998179001.000000	3013650442.000000	5
7-M2-axes	fd0ea6d1,132c3395,ced6c209	alloc4c	m7head	arm_ratio	ir/tw	large	cycles:u	1.018445	1.012413	1.028627	5
7-M2-axes	fd0ea6d1,132c3395,ced6c209	alloc4c	m7head	absolute	tw	large	cycles:u	6081980991.000000	6014450044.000000	6121384085.000000	5
7-M2-axes	fd0ea6d1,132c3395,ced6c209	alloc4c	m7head	absolute	ir	large	cycles:u	6197366889.000000	6163488294.000000	6206235970.000000	5
7-M2-axes	fd0ea6d1,132c3395,ced6c209	alloc4c	m7head	per_pass	tw	-	cycles:u	6296.638302	6123.175674	6359.363528	5
7-M2-axes	fd0ea6d1,132c3395,ced6c209	alloc4c	m7head	fixed	tw	-	cycles:u	-214657311.000000	-237979443.000000	-107897928.000000	5
7-M2-axes	fd0ea6d1,132c3395,ced6c209	alloc4c	m7head	per_pass	ir	-	cycles:u	6367.432894	6330.618586	6394.183978	5
7-M2-axes	fd0ea6d1,132c3395,ced6c209	alloc4c	m7head	fixed	ir	-	cycles:u	-170066005.000000	-193837935.000000	-161905559.000000	5
7-M2-axes	fd0ea6d1,132c3395,ced6c209	alloc4c	m7head	per_pass_gap	ir-tw	-	cycles:u	74.384692	8.069366	246.043364	5
7-M2-axes	fd0ea6d1,132c3395,ced6c209	alloc4c	head	arm_ratio	ir/tw	small	instructions:u	1.010276	1.010264	1.010279	5
7-M2-axes	fd0ea6d1,132c3395,ced6c209	alloc4c	head	absolute	tw	small	instructions:u	7981388446.000000	7981339638.000000	7981424655.000000	5
7-M2-axes	fd0ea6d1,132c3395,ced6c209	alloc4c	head	absolute	ir	small	instructions:u	8063400245.000000	8063346856.000000	8063448253.000000	5
7-M2-axes	fd0ea6d1,132c3395,ced6c209	alloc4c	head	arm_ratio	ir/tw	large	instructions:u	1.010260	1.010252	1.010264	5
7-M2-axes	fd0ea6d1,132c3395,ced6c209	alloc4c	head	absolute	tw	large	instructions:u	15986301165.000000	15986224140.000000	15986342059.000000	5
7-M2-axes	fd0ea6d1,132c3395,ced6c209	alloc4c	head	absolute	ir	large	instructions:u	16150313343.000000	16150231178.000000	16150321800.000000	5
7-M2-axes	fd0ea6d1,132c3395,ced6c209	alloc4c	head	per_pass	tw	-	instructions:u	16009.830926	16009.743146	16009.854406	5
7-M2-axes	fd0ea6d1,132c3395,ced6c209	alloc4c	head	fixed	tw	-	instructions:u	-23529761.000000	-23544864.000000	-23446918.000000	5
7-M2-axes	fd0ea6d1,132c3395,ced6c209	alloc4c	head	per_pass	ir	-	instructions:u	16173.843110	16173.565850	16173.932974	5
7-M2-axes	fd0ea6d1,132c3395,ced6c209	alloc4c	head	fixed	ir	-	instructions:u	-23521310.000000	-23619631.000000	-23334672.000000	5
7-M2-axes	fd0ea6d1,132c3395,ced6c209	alloc4c	head	per_pass_gap	ir-tw	-	instructions:u	164.000254	163.711444	164.189828	5
7-M2-axes	fd0ea6d1,132c3395,ced6c209	alloc4c	head	arm_ratio	ir/tw	small	cycles:u	1.022346	1.015078	1.022962	5
7-M2-axes	fd0ea6d1,132c3395,ced6c209	alloc4c	head	absolute	tw	small	cycles:u	2952707991.000000	2949515569.000000	2956601001.000000	5
7-M2-axes	fd0ea6d1,132c3395,ced6c209	alloc4c	head	absolute	ir	small	cycles:u	3016560734.000000	3001180244.000000	3024418781.000000	5
7-M2-axes	fd0ea6d1,132c3395,ced6c209	alloc4c	head	arm_ratio	ir/tw	large	cycles:u	1.020287	1.005216	1.023019	5
7-M2-axes	fd0ea6d1,132c3395,ced6c209	alloc4c	head	absolute	tw	large	cycles:u	6102516657.000000	6089266548.000000	6108854121.000000	5
7-M2-axes	fd0ea6d1,132c3395,ced6c209	alloc4c	head	absolute	ir	large	cycles:u	6226320302.000000	6140717916.000000	6233998241.000000	5
7-M2-axes	fd0ea6d1,132c3395,ced6c209	alloc4c	head	per_pass	tw	-	cycles:u	6291.969188	6270.110512	6315.030380	5
7-M2-axes	fd0ea6d1,132c3395,ced6c209	alloc4c	head	fixed	tw	-	cycles:u	-189452531.000000	-206176259.000000	-178454255.000000	5
7-M2-axes	fd0ea6d1,132c3395,ced6c209	alloc4c	head	per_pass	ir	-	cycles:u	6403.803042	6246.853966	6434.875014	5
7-M2-axes	fd0ea6d1,132c3395,ced6c209	alloc4c	head	fixed	ir	-	cycles:u	-191851777.000000	-200876773.000000	-106136050.000000	5
7-M2-axes	fd0ea6d1,132c3395,ced6c209	alloc4c	head	per_pass_gap	ir-tw	-	cycles:u	115.953530	-68.176414	152.670180	5
7-M2-axes	fd0ea6d1,132c3395,ced6c209	alloc4c	base>m7head	across_builds	tw	small	instructions:u	1.000000	0.999990	1.000007	5
7-M2-axes	fd0ea6d1,132c3395,ced6c209	alloc4c	base>m7head	across_builds	ir	small	instructions:u	0.996515	0.996510	0.996521	5
7-M2-axes	fd0ea6d1,132c3395,ced6c209	alloc4c	base>m7head	across_builds	tw	large	instructions:u	1.000002	0.998630	1.000006	5
7-M2-axes	fd0ea6d1,132c3395,ced6c209	alloc4c	base>m7head	across_builds	ir	large	instructions:u	0.996520	0.996518	0.996521	5
7-M2-axes	fd0ea6d1,132c3395,ced6c209	alloc4c	base>m7head	across_builds	tw	small	cycles:u	0.996609	0.972431	1.003412	5
7-M2-axes	fd0ea6d1,132c3395,ced6c209	alloc4c	base>m7head	across_builds	ir	small	cycles:u	0.990527	0.981537	0.992314	5
7-M2-axes	fd0ea6d1,132c3395,ced6c209	alloc4c	base>m7head	across_builds	tw	large	cycles:u	0.990928	0.978018	1.002768	5
7-M2-axes	fd0ea6d1,132c3395,ced6c209	alloc4c	base>m7head	across_builds	ir	large	cycles:u	0.993198	0.985780	0.999340	5
7-M2-axes	fd0ea6d1,132c3395,ced6c209	alloc4c	base>head	across_builds	tw	small	instructions:u	1.000126	1.000122	1.000130	5
7-M2-axes	fd0ea6d1,132c3395,ced6c209	alloc4c	base>head	across_builds	ir	small	instructions:u	0.987089	0.987084	0.987091	5
7-M2-axes	fd0ea6d1,132c3395,ced6c209	alloc4c	base>head	across_builds	tw	large	instructions:u	1.000125	0.998755	1.000132	5
7-M2-axes	fd0ea6d1,132c3395,ced6c209	alloc4c	base>head	across_builds	ir	large	instructions:u	0.987105	0.987101	0.987111	5
7-M2-axes	fd0ea6d1,132c3395,ced6c209	alloc4c	base>head	across_builds	tw	small	cycles:u	0.995480	0.980131	1.005137	5
7-M2-axes	fd0ea6d1,132c3395,ced6c209	alloc4c	base>head	across_builds	ir	small	cycles:u	0.991062	0.982851	0.998279	5
7-M2-axes	fd0ea6d1,132c3395,ced6c209	alloc4c	base>head	across_builds	tw	large	cycles:u	1.005485	0.975003	1.006194	5
7-M2-axes	fd0ea6d1,132c3395,ced6c209	alloc4c	base>head	across_builds	ir	large	cycles:u	0.997058	0.989730	1.001201	5
7-M2-axes	fd0ea6d1,132c3395,ced6c209	startup	base	arm_ratio	ir/tw	small	instructions:u	1.043666	1.042194	1.045558	5
7-M2-axes	fd0ea6d1,132c3395,ced6c209	startup	base	absolute	tw	small	instructions:u	540690.000000	540369.000000	541071.000000	5
7-M2-axes	fd0ea6d1,132c3395,ced6c209	startup	base	absolute	ir	small	instructions:u	564117.000000	563678.000000	564987.000000	5
7-M2-axes	fd0ea6d1,132c3395,ced6c209	startup	base	arm_ratio	ir/tw	small	cycles:u	0.979374	0.874368	1.521448	5
7-M2-axes	fd0ea6d1,132c3395,ced6c209	startup	base	absolute	tw	small	cycles:u	641884.000000	592872.000000	685384.000000	5
7-M2-axes	fd0ea6d1,132c3395,ced6c209	startup	base	absolute	ir	small	cycles:u	639055.000000	539902.000000	902024.000000	5
7-M2-axes	fd0ea6d1,132c3395,ced6c209	startup	m7head	arm_ratio	ir/tw	small	instructions:u	1.044346	1.041264	1.044618	5
7-M2-axes	fd0ea6d1,132c3395,ced6c209	startup	m7head	absolute	tw	small	instructions:u	540446.000000	539890.000000	541534.000000	5
7-M2-axes	fd0ea6d1,132c3395,ced6c209	startup	m7head	absolute	ir	small	instructions:u	564019.000000	563880.000000	564827.000000	5
7-M2-axes	fd0ea6d1,132c3395,ced6c209	startup	m7head	arm_ratio	ir/tw	small	cycles:u	1.043156	0.868382	1.148564	5
7-M2-axes	fd0ea6d1,132c3395,ced6c209	startup	m7head	absolute	tw	small	cycles:u	623997.000000	610619.000000	635188.000000	5
7-M2-axes	fd0ea6d1,132c3395,ced6c209	startup	m7head	absolute	ir	small	cycles:u	636971.000000	551586.000000	708996.000000	5
7-M2-axes	fd0ea6d1,132c3395,ced6c209	startup	head	arm_ratio	ir/tw	small	instructions:u	1.044960	1.042467	1.045842	5
7-M2-axes	fd0ea6d1,132c3395,ced6c209	startup	head	absolute	tw	small	instructions:u	540542.000000	539588.000000	541316.000000	5
7-M2-axes	fd0ea6d1,132c3395,ced6c209	startup	head	absolute	ir	small	instructions:u	564324.000000	564272.000000	564845.000000	5
7-M2-axes	fd0ea6d1,132c3395,ced6c209	startup	head	arm_ratio	ir/tw	small	cycles:u	1.005893	0.833907	1.087508	5
7-M2-axes	fd0ea6d1,132c3395,ced6c209	startup	head	absolute	tw	small	cycles:u	644309.000000	570702.000000	661388.000000	5
7-M2-axes	fd0ea6d1,132c3395,ced6c209	startup	head	absolute	ir	small	cycles:u	620643.000000	551536.000000	690187.000000	5
7-M2-axes	fd0ea6d1,132c3395,ced6c209	startup	base>m7head	across_builds	tw	small	instructions:u	0.999760	0.997817	1.001561	5
7-M2-axes	fd0ea6d1,132c3395,ced6c209	startup	base>m7head	across_builds	ir	small	instructions:u	0.999959	0.998287	1.002038	5
7-M2-axes	fd0ea6d1,132c3395,ced6c209	startup	base>m7head	across_builds	tw	small	cycles:u	0.988211	0.900647	1.052499	5
7-M2-axes	fd0ea6d1,132c3395,ced6c209	startup	base>m7head	across_builds	ir	small	cycles:u	1.028605	0.702547	1.073596	5
7-M2-axes	fd0ea6d1,132c3395,ced6c209	startup	base>head	across_builds	tw	small	instructions:u	0.999726	0.997259	1.001753	5
7-M2-axes	fd0ea6d1,132c3395,ced6c209	startup	base>head	across_builds	ir	small	instructions:u	1.000289	0.998791	1.001199	5
7-M2-axes	fd0ea6d1,132c3395,ced6c209	startup	base>head	across_builds	tw	small	cycles:u	1.003778	0.869490	1.088257	5
7-M2-axes	fd0ea6d1,132c3395,ced6c209	startup	base>head	across_builds	ir	small	cycles:u	0.946935	0.765154	1.021548	5
7-M2-spikes	ced6c209	varlookup	head	arm_ratio	ir/tw	small	instructions:u	1.021226	1.021226	1.021226	5
7-M2-spikes	ced6c209	varlookup	head	absolute	tw	small	instructions:u	36252633209.000000	36252632658.000000	36252634416.000000	5
7-M2-spikes	ced6c209	varlookup	head	absolute	ir	small	instructions:u	37022140770.000000	37022140301.000000	37022141227.000000	5
7-M2-spikes	ced6c209	varlookup	head	arm_ratio	ir/tw	large	instructions:u	1.021182	1.021182	1.021182	5
7-M2-spikes	ced6c209	varlookup	head	absolute	tw	large	instructions:u	72656654149.000000	72656653479.000000	72656655064.000000	5
7-M2-spikes	ced6c209	varlookup	head	absolute	ir	large	instructions:u	74195660887.000000	74195660767.000000	74195662201.000000	5
7-M2-spikes	ced6c209	varlookup	head	per_pass	tw	-	instructions:u	3832.002141	3832.002077	3832.002359	5
7-M2-spikes	ced6c209	varlookup	head	fixed	tw	-	instructions:u	-151387203.000000	-151389748.000000	-151385317.000000	5
7-M2-spikes	ced6c209	varlookup	head	per_pass	ir	-	instructions:u	3913.002167	3913.002113	3913.002208	5
7-M2-spikes	ced6c209	varlookup	head	fixed	ir	-	instructions:u	-151379877.000000	-151380285.000000	-151379305.000000	5
7-M2-spikes	ced6c209	varlookup	head	per_pass_gap	ir-tw	-	instructions:u	81.000026	80.999781	81.000108	5
7-M2-spikes	ced6c209	varlookup	head	arm_ratio	ir/tw	small	cycles:u	1.011080	1.004837	1.018978	5
7-M2-spikes	ced6c209	varlookup	head	absolute	tw	small	cycles:u	7690040117.000000	7672836412.000000	7710393000.000000	5
7-M2-spikes	ced6c209	varlookup	head	absolute	ir	small	cycles:u	7787900485.000000	7727236506.000000	7827986496.000000	5
7-M2-spikes	ced6c209	varlookup	head	arm_ratio	ir/tw	large	cycles:u	1.008899	1.000131	1.019113	5
7-M2-spikes	ced6c209	varlookup	head	absolute	tw	large	cycles:u	15456430240.000000	15350504187.000000	15759894893.000000	5
7-M2-spikes	ced6c209	varlookup	head	absolute	ir	large	cycles:u	15604077919.000000	15528500623.000000	15761962216.000000	5
7-M2-spikes	ced6c209	varlookup	head	per_pass	tw	-	cycles:u	818.341031	804.222230	851.269314	5
7-M2-spikes	ced6c209	varlookup	head	fixed	tw	-	cycles:u	-92049348.000000	-414222069.000000	70281813.000000	5
7-M2-spikes	ced6c209	varlookup	head	per_pass	ir	-	cycles:u	829.141201	814.301377	841.670149	5
7-M2-spikes	ced6c209	varlookup	head	fixed	ir	-	cycles:u	-95874332.000000	-229770610.000000	56774459.000000	5
7-M2-spikes	ced6c209	varlookup	head	per_pass_gap	ir-tw	-	cycles:u	5.749028	-9.599165	17.262901	5
7-M2-spikes	ced6c209	varlookup	box	arm_ratio	ir/tw	small	instructions:u	1.027334	1.027334	1.027334	5
7-M2-spikes	ced6c209	varlookup	box	absolute	tw	small	instructions:u	35103132897.000000	35103132414.000000	35103133394.000000	5
7-M2-spikes	ced6c209	varlookup	box	absolute	ir	small	instructions:u	36062640938.000000	36062640736.000000	36062642011.000000	5
7-M2-spikes	ced6c209	varlookup	box	arm_ratio	ir/tw	large	instructions:u	1.027275	1.027275	1.027275	5
7-M2-spikes	ced6c209	varlookup	box	absolute	tw	large	instructions:u	70357653433.000000	70357652761.000000	70357653848.000000	5
7-M2-spikes	ced6c209	varlookup	box	absolute	ir	large	instructions:u	72276660744.000000	72276660509.000000	72276661003.000000	5
7-M2-spikes	ced6c209	varlookup	box	per_pass	tw	-	instructions:u	3711.002145	3711.002106	3711.002177	5
7-M2-spikes	ced6c209	varlookup	box	fixed	tw	-	instructions:u	-151387510.000000	-151387959.000000	-151386793.000000	5
7-M2-spikes	ced6c209	varlookup	box	per_pass	ir	-	instructions:u	3812.002088	3812.001947	3812.002106	5
7-M2-spikes	ced6c209	varlookup	box	fixed	ir	-	instructions:u	-151378894.000000	-151379272.000000	-151376487.000000	5
7-M2-spikes	ced6c209	varlookup	box	per_pass_gap	ir-tw	-	instructions:u	100.999926	100.999803	100.999989	5
7-M2-spikes	ced6c209	varlookup	box	arm_ratio	ir/tw	small	cycles:u	1.169540	1.162700	1.172067	5
7-M2-spikes	ced6c209	varlookup	box	absolute	tw	small	cycles:u	6814561970.000000	6797372609.000000	6865946887.000000	5
7-M2-spikes	ced6c209	varlookup	box	absolute	ir	small	cycles:u	7969139332.000000	7966975038.000000	7987438810.000000	5
7-M2-spikes	ced6c209	varlookup	box	arm_ratio	ir/tw	large	cycles:u	1.169114	1.167260	1.173772	5
7-M2-spikes	ced6c209	varlookup	box	absolute	tw	large	cycles:u	13631049770.000000	13614120363.000000	13681571196.000000	5
7-M2-spikes	ced6c209	varlookup	box	absolute	ir	large	cycles:u	15965893685.000000	15925436692.000000	16059044806.000000	5
7-M2-spikes	ced6c209	varlookup	box	per_pass	tw	-	cycles:u	719.334438	712.032031	722.911519	5
7-M2-spikes	ced6c209	varlookup	box	fixed	tw	-	cycles:u	-26411715.000000	-53747662.000000	101642597.000000	5
7-M2-spikes	ced6c209	varlookup	box	per_pass	ir	-	cycles:u	840.249539	837.082443	851.568997	5
7-M2-spikes	ced6c209	varlookup	box	fixed	ir	-	cycles:u	5068187.000000	-120766142.000000	30751660.000000	5
7-M2-spikes	ced6c209	varlookup	box	per_pass_gap	ir-tw	-	cycles:u	125.050412	118.398368	128.657478	5
7-M2-spikes	ced6c209	varlookup	enterleave	arm_ratio	ir/tw	small	instructions:u	0.981390	0.981390	0.981390	5
7-M2-spikes	ced6c209	varlookup	enterleave	absolute	tw	small	instructions:u	36243133296.000000	36243132614.000000	36243133900.000000	5
7-M2-spikes	ced6c209	varlookup	enterleave	absolute	ir	small	instructions:u	35568641052.000000	35568640196.000000	35568641315.000000	5
7-M2-spikes	ced6c209	varlookup	enterleave	arm_ratio	ir/tw	large	instructions:u	0.981428	0.981428	0.981428	5
7-M2-spikes	ced6c209	varlookup	enterleave	absolute	tw	large	instructions:u	72637653981.000000	72637653653.000000	72637654322.000000	5
7-M2-spikes	ced6c209	varlookup	enterleave	absolute	ir	large	instructions:u	71288660779.000000	71288660019.000000	71288661184.000000	5
7-M2-spikes	ced6c209	varlookup	enterleave	per_pass	tw	-	instructions:u	3831.002173	3831.002087	3831.002285	5
7-M2-spikes	ced6c209	varlookup	enterleave	fixed	tw	-	instructions:u	-151387301.000000	-151389094.000000	-151385930.000000	5
7-M2-spikes	ced6c209	varlookup	enterleave	per_pass	ir	-	instructions:u	3760.002049	3760.002004	3760.002209	5
7-M2-spikes	ced6c209	varlookup	enterleave	fixed	ir	-	instructions:u	-151378261.000000	-151380792.000000	-151377988.000000	5
7-M2-spikes	ced6c209	varlookup	enterleave	per_pass_gap	ir-tw	-	instructions:u	-71.000139	-71.000247	-70.999878	5
7-M2-spikes	ced6c209	varlookup	enterleave	arm_ratio	ir/tw	small	cycles:u	0.973975	0.968365	1.007421	5
7-M2-spikes	ced6c209	varlookup	enterleave	absolute	tw	small	cycles:u	7449241047.000000	7417923360.000000	7455143981.000000	5
7-M2-spikes	ced6c209	varlookup	enterleave	absolute	ir	small	cycles:u	7256378997.000000	7213584579.000000	7497022667.000000	5
7-M2-spikes	ced6c209	varlookup	enterleave	arm_ratio	ir/tw	large	cycles:u	0.969877	0.966822	0.988836	5
7-M2-spikes	ced6c209	varlookup	enterleave	absolute	tw	large	cycles:u	14923873090.000000	14900272046.000000	14975384838.000000	5
7-M2-spikes	ced6c209	varlookup	enterleave	absolute	ir	large	cycles:u	14481732663.000000	14474315699.000000	14741131595.000000	5
7-M2-spikes	ced6c209	varlookup	enterleave	per_pass	tw	-	cycles:u	787.904563	784.210604	793.009335	5
7-M2-spikes	ced6c209	varlookup	enterleave	fixed	tw	-	cycles:u	-35852301.000000	-91792526.000000	1272884.000000	5
7-M2-spikes	ced6c209	varlookup	enterleave	per_pass	ir	-	cycles:u	765.068219	734.895753	788.599065	5
7-M2-spikes	ced6c209	varlookup	enterleave	fixed	ir	-	cycles:u	-54563505.000000	-242250641.000000	515513014.000000	5
7-M2-spikes	ced6c209	varlookup	enterleave	per_pass_gap	ir-tw	-	cycles:u	-22.836344	-58.113582	3.981055	5
7-M2-spikes	ced6c209	varlookup	head>box	across_builds	tw	small	instructions:u	0.968292	0.968292	0.968292	5
7-M2-spikes	ced6c209	varlookup	head>box	across_builds	ir	small	instructions:u	0.974083	0.974083	0.974083	5
7-M2-spikes	ced6c209	varlookup	head>box	across_builds	tw	large	instructions:u	0.968358	0.968358	0.968358	5
7-M2-spikes	ced6c209	varlookup	head>box	across_builds	ir	large	instructions:u	0.974136	0.974136	0.974136	5
7-M2-spikes	ced6c209	varlookup	head>box	across_builds	tw	small	cycles:u	0.885901	0.883815	0.892836	5
7-M2-spikes	ced6c209	varlookup	head>box	across_builds	ir	small	cycles:u	1.023222	1.020370	1.033103	5
7-M2-spikes	ced6c209	varlookup	head>box	across_builds	tw	large	cycles:u	0.885162	0.864920	0.888903	5
7-M2-spikes	ced6c209	varlookup	head>box	across_builds	ir	large	cycles:u	1.021228	1.010371	1.034166	5
7-M2-spikes	ced6c209	varlookup	head>enterleave	across_builds	tw	small	instructions:u	0.999738	0.999738	0.999738	5
7-M2-spikes	ced6c209	varlookup	head>enterleave	across_builds	ir	small	instructions:u	0.960740	0.960740	0.960740	5
7-M2-spikes	ced6c209	varlookup	head>enterleave	across_builds	tw	large	instructions:u	0.999738	0.999738	0.999738	5
7-M2-spikes	ced6c209	varlookup	head>enterleave	across_builds	ir	large	instructions:u	0.960820	0.960820	0.960820	5
7-M2-spikes	ced6c209	varlookup	head>enterleave	across_builds	tw	small	cycles:u	0.968687	0.962068	0.970993	5
7-M2-spikes	ced6c209	varlookup	head>enterleave	across_builds	ir	small	cycles:u	0.933527	0.926093	0.962065	5
7-M2-spikes	ced6c209	varlookup	head>enterleave	across_builds	tw	large	cycles:u	0.964583	0.945455	0.972963	5
7-M2-spikes	ced6c209	varlookup	head>enterleave	across_builds	ir	large	cycles:u	0.932384	0.928074	0.935835	5
7-M2-spikes	ced6c209	emptyloop	head	arm_ratio	ir/tw	small	instructions:u	1.065961	1.065961	1.065961	5
7-M2-spikes	ced6c209	emptyloop	head	absolute	tw	small	instructions:u	18950634605.000000	18950634138.000000	18950635225.000000	5
7-M2-spikes	ced6c209	emptyloop	head	absolute	ir	small	instructions:u	20200643056.000000	20200642629.000000	20200644067.000000	5
7-M2-spikes	ced6c209	emptyloop	head	arm_ratio	ir/tw	large	instructions:u	1.065962	1.034571	1.065962	5
7-M2-spikes	ced6c209	emptyloop	head	absolute	tw	large	instructions:u	37900660191.000000	37900659699.000000	39050659303.000000	5
7-M2-spikes	ced6c209	emptyloop	head	absolute	ir	large	instructions:u	40400668995.000000	40400668417.000000	40400669362.000000	5
7-M2-spikes	ced6c209	emptyloop	head	per_pass	tw	-	instructions:u	1516.002028	1516.001996	1608.002013	5
7-M2-spikes	ced6c209	emptyloop	head	fixed	tw	-	instructions:u	609479.000000	-1149391027.000000	610279.000000	5
7-M2-spikes	ced6c209	emptyloop	head	per_pass	ir	-	instructions:u	1616.002089	1616.001998	1616.002108	5
7-M2-spikes	ced6c209	emptyloop	head	fixed	ir	-	instructions:u	616771.000000	616278.000000	618938.000000	5
7-M2-spikes	ced6c209	emptyloop	head	per_pass_gap	ir-tw	-	instructions:u	99.999985	8.000091	100.000081	5
7-M2-spikes	ced6c209	emptyloop	head	arm_ratio	ir/tw	small	cycles:u	1.041362	1.035792	1.042086	5
7-M2-spikes	ced6c209	emptyloop	head	absolute	tw	small	cycles:u	4124146825.000000	4114444413.000000	4134706789.000000	5
7-M2-spikes	ced6c209	emptyloop	head	absolute	ir	small	cycles:u	4284711407.000000	4282694468.000000	4295984820.000000	5
7-M2-spikes	ced6c209	emptyloop	head	arm_ratio	ir/tw	large	cycles:u	1.038424	1.023124	1.042640	5
7-M2-spikes	ced6c209	emptyloop	head	absolute	tw	large	cycles:u	8252759125.000000	8234879235.000000	8376478759.000000	5
7-M2-spikes	ced6c209	emptyloop	head	absolute	ir	large	cycles:u	8570173653.000000	8560474881.000000	8586015827.000000	5
7-M2-spikes	ced6c209	emptyloop	head	per_pass	tw	-	cycles:u	331.065177	328.858593	339.341758	5
7-M2-spikes	ced6c209	emptyloop	head	fixed	tw	-	cycles:u	-23823067.000000	-107065181.000000	13414415.000000	5
7-M2-spikes	ced6c209	emptyloop	head	per_pass	ir	-	cycles:u	342.998335	342.061078	343.585374	5
7-M2-spikes	ced6c209	emptyloop	head	fixed	ir	-	cycles:u	5953813.000000	-10191167.000000	13235013.000000	5
7-M2-spikes	ced6c209	emptyloop	head	per_pass_gap	ir-tw	-	cycles:u	12.520197	3.656577	14.343888	5
7-M2-spikes	ced6c209	emptyloop	box	arm_ratio	ir/tw	small	instructions:u	1.068416	1.068415	1.068416	5
7-M2-spikes	ced6c209	emptyloop	box	absolute	tw	small	instructions:u	18088134195.000000	18088133419.000000	18088134451.000000	5
7-M2-spikes	ced6c209	emptyloop	box	absolute	ir	small	instructions:u	19325643381.000000	19325643197.000000	19325643647.000000	5
7-M2-spikes	ced6c209	emptyloop	box	arm_ratio	ir/tw	large	instructions:u	1.068416	1.068416	1.068416	5
7-M2-spikes	ced6c209	emptyloop	box	absolute	tw	large	instructions:u	36175659263.000000	36175658678.000000	36175660099.000000	5
7-M2-spikes	ced6c209	emptyloop	box	absolute	ir	large	instructions:u	38650668465.000000	38650668064.000000	38650669066.000000	5
7-M2-spikes	ced6c209	emptyloop	box	per_pass	tw	-	instructions:u	1447.002044	1447.001985	1447.002066	5
7-M2-spikes	ced6c209	emptyloop	box	fixed	tw	-	instructions:u	608649.000000	607697.000000	609639.000000	5
7-M2-spikes	ced6c209	emptyloop	box	per_pass	ir	-	instructions:u	1546.002007	1546.001968	1546.002034	5
7-M2-spikes	ced6c209	emptyloop	box	fixed	ir	-	instructions:u	618297.000000	617873.000000	618857.000000	5
7-M2-spikes	ced6c209	emptyloop	box	per_pass_gap	ir-tw	-	instructions:u	98.999990	98.999902	99.000012	5
7-M2-spikes	ced6c209	emptyloop	box	arm_ratio	ir/tw	small	cycles:u	1.079787	1.077194	1.098913	5
7-M2-spikes	ced6c209	emptyloop	box	absolute	tw	small	cycles:u	3064045482.000000	3059896614.000000	3069127484.000000	5
7-M2-spikes	ced6c209	emptyloop	box	absolute	ir	small	cycles:u	3307282270.000000	3300571287.000000	3369092897.000000	5
7-M2-spikes	ced6c209	emptyloop	box	arm_ratio	ir/tw	large	cycles:u	1.083207	1.078581	1.099125	5
7-M2-spikes	ced6c209	emptyloop	box	absolute	tw	large	cycles:u	6116856218.000000	6110720029.000000	6137217175.000000	5
7-M2-spikes	ced6c209	emptyloop	box	absolute	ir	large	cycles:u	6619173102.000000	6593955319.000000	6723188475.000000	5
7-M2-spikes	ced6c209	emptyloop	box	per_pass	tw	-	cycles:u	244.369098	243.960027	245.710007	5
7-M2-spikes	ced6c209	emptyloop	box	fixed	tw	-	cycles:u	8713184.000000	-5533009.000000	14545147.000000	5
7-M2-spikes	ced6c209	emptyloop	box	per_pass	ir	-	cycles:u	264.359121	262.547952	273.272496	5
7-M2-spikes	ced6c209	emptyloop	box	fixed	ir	-	cycles:u	7187255.000000	-108623935.000000	87243496.000000	5
7-M2-spikes	ced6c209	emptyloop	box	per_pass_gap	ir-tw	-	cycles:u	19.525977	16.837945	28.903399	5
7-M2-spikes	ced6c209	emptyloop	enterleave	arm_ratio	ir/tw	small	instructions:u	1.081846	1.081846	1.081846	5
7-M2-spikes	ced6c209	emptyloop	enterleave	absolute	tw	small	instructions:u	18938134455.000000	18938134231.000000	18938134737.000000	5
7-M2-spikes	ced6c209	emptyloop	enterleave	absolute	ir	small	instructions:u	20488142900.000000	20488142886.000000	20488143176.000000	5
7-M2-spikes	ced6c209	emptyloop	enterleave	arm_ratio	ir/tw	large	instructions:u	1.081847	1.081847	1.081847	5
7-M2-spikes	ced6c209	emptyloop	enterleave	absolute	tw	large	instructions:u	37875660477.000000	37875660035.000000	37875660571.000000	5
7-M2-spikes	ced6c209	emptyloop	enterleave	absolute	ir	large	instructions:u	40975668627.000000	40975668509.000000	40975668761.000000	5
7-M2-spikes	ced6c209	emptyloop	enterleave	per_pass	tw	-	instructions:u	1515.002072	1515.002046	1515.002089	5
7-M2-spikes	ced6c209	emptyloop	enterleave	fixed	tw	-	instructions:u	608677.000000	608233.000000	608944.000000	5
7-M2-spikes	ced6c209	emptyloop	enterleave	per_pass	ir	-	instructions:u	1639.002059	1639.002031	1639.002070	5
7-M2-spikes	ced6c209	emptyloop	enterleave	fixed	ir	-	instructions:u	617153.000000	617011.000000	617790.000000	5
7-M2-spikes	ced6c209	emptyloop	enterleave	per_pass_gap	ir-tw	-	instructions:u	123.999970	123.999959	124.000016	5
7-M2-spikes	ced6c209	emptyloop	enterleave	arm_ratio	ir/tw	small	cycles:u	1.043913	1.040948	1.050068	5
7-M2-spikes	ced6c209	emptyloop	enterleave	absolute	tw	small	cycles:u	3995697820.000000	3980615307.000000	4011330177.000000	5
7-M2-spikes	ced6c209	emptyloop	enterleave	absolute	ir	small	cycles:u	4175154805.000000	4171159508.000000	4179917700.000000	5
7-M2-spikes	ced6c209	emptyloop	enterleave	arm_ratio	ir/tw	large	cycles:u	1.045240	1.041968	1.047223	5
7-M2-spikes	ced6c209	emptyloop	enterleave	absolute	tw	large	cycles:u	7979514698.000000	7964683628.000000	8002684367.000000	5
7-M2-spikes	ced6c209	emptyloop	enterleave	absolute	ir	large	cycles:u	8352134771.000000	8325008091.000000	8356330324.000000	5
7-M2-spikes	ced6c209	emptyloop	enterleave	per_pass	tw	-	cycles:u	318.598067	317.914686	321.534918	5
7-M2-spikes	ced6c209	emptyloop	enterleave	fixed	tw	-	cycles:u	13221980.000000	-38571173.000000	31647542.000000	5
7-M2-spikes	ced6c209	emptyloop	enterleave	per_pass	ir	-	cycles:u	334.060966	332.141299	334.494042	5
7-M2-spikes	ced6c209	emptyloop	enterleave	fixed	ir	-	cycles:u	4155628.000000	-9815755.000000	21475613.000000	5
7-M2-spikes	ced6c209	emptyloop	enterleave	per_pass_gap	ir-tw	-	cycles:u	13.829880	12.526047	16.579355	5
7-M2-spikes	ced6c209	emptyloop	head>box	across_builds	tw	small	instructions:u	0.954487	0.954487	0.954487	5
7-M2-spikes	ced6c209	emptyloop	head>box	across_builds	ir	small	instructions:u	0.956685	0.956685	0.956685	5
7-M2-spikes	ced6c209	emptyloop	head>box	across_builds	tw	large	instructions:u	0.954486	0.926378	0.954486	5
7-M2-spikes	ced6c209	emptyloop	head>box	across_builds	ir	large	instructions:u	0.956684	0.956684	0.956684	5
7-M2-spikes	ced6c209	emptyloop	head>box	across_builds	tw	small	cycles:u	0.742953	0.741490	0.745940	5
7-M2-spikes	ced6c209	emptyloop	head>box	across_builds	ir	small	cycles:u	0.771089	0.768292	0.786676	5
7-M2-spikes	ced6c209	emptyloop	head>box	across_builds	tw	large	cycles:u	0.741258	0.732673	0.742726	5
7-M2-spikes	ced6c209	emptyloop	head>box	across_builds	ir	large	cycles:u	0.773225	0.767988	0.784963	5
7-M2-spikes	ced6c209	emptyloop	head>enterleave	across_builds	tw	small	instructions:u	0.999340	0.999340	0.999340	5
7-M2-spikes	ced6c209	emptyloop	head>enterleave	across_builds	ir	small	instructions:u	1.014232	1.014232	1.014232	5
7-M2-spikes	ced6c209	emptyloop	head>enterleave	across_builds	tw	large	instructions:u	0.999340	0.969911	0.999340	5
7-M2-spikes	ced6c209	emptyloop	head>enterleave	across_builds	ir	large	instructions:u	1.014232	1.014232	1.014232	5
7-M2-spikes	ced6c209	emptyloop	head>enterleave	across_builds	tw	small	cycles:u	0.968854	0.962732	0.974598	5
7-M2-spikes	ced6c209	emptyloop	head>enterleave	across_builds	ir	small	cycles:u	0.974004	0.970944	0.976002	5
7-M2-spikes	ced6c209	emptyloop	head>enterleave	across_builds	tw	large	cycles:u	0.967951	0.955032	0.969366	5
7-M2-spikes	ced6c209	emptyloop	head>enterleave	across_builds	ir	large	cycles:u	0.973563	0.970344	0.976153	5
7-M2-spikes	ced6c209	alloc4c	head	arm_ratio	ir/tw	small	instructions:u	1.010274	1.010271	1.010280	5
7-M2-spikes	ced6c209	alloc4c	head	absolute	tw	small	instructions:u	7981387799.000000	7981374627.000000	7981391541.000000	5
7-M2-spikes	ced6c209	alloc4c	head	absolute	ir	small	instructions:u	8063378582.000000	8063366886.000000	8063426554.000000	5
7-M2-spikes	ced6c209	alloc4c	head	arm_ratio	ir/tw	large	instructions:u	1.010259	1.010258	1.010262	5
7-M2-spikes	ced6c209	alloc4c	head	absolute	tw	large	instructions:u	15986289817.000000	15986277370.000000	15986317965.000000	5
7-M2-spikes	ced6c209	alloc4c	head	absolute	ir	large	instructions:u	16150309375.000000	16150298405.000000	16150348556.000000	5
7-M2-spikes	ced6c209	alloc4c	head	per_pass	tw	-	instructions:u	16009.822142	16009.771658	16009.854778	5
7-M2-spikes	ced6c209	alloc4c	head	fixed	tw	-	instructions:u	-23532538.000000	-23548643.000000	-23494288.000000	5
7-M2-spikes	ced6c209	alloc4c	head	per_pass	ir	-	instructions:u	16173.839646	16173.760898	16173.963340	5
7-M2-spikes	ced6c209	alloc4c	head	fixed	ir	-	instructions:u	-23541241.000000	-23614784.000000	-23453895.000000	5
7-M2-spikes	ced6c209	alloc4c	head	per_pass_gap	ir-tw	-	instructions:u	164.018064	163.914358	164.159304	5
7-M2-spikes	ced6c209	alloc4c	head	arm_ratio	ir/tw	small	cycles:u	1.021408	1.014032	1.039229	5
7-M2-spikes	ced6c209	alloc4c	head	absolute	tw	small	cycles:u	2959462969.000000	2939443906.000000	2974387540.000000	5
7-M2-spikes	ced6c209	alloc4c	head	absolute	ir	small	cycles:u	3023842407.000000	3010714144.000000	3054756217.000000	5
7-M2-spikes	ced6c209	alloc4c	head	arm_ratio	ir/tw	large	cycles:u	1.028820	1.018571	1.030014	5
7-M2-spikes	ced6c209	alloc4c	head	absolute	tw	large	cycles:u	6056175732.000000	6051299553.000000	6079856972.000000	5
7-M2-spikes	ced6c209	alloc4c	head	absolute	ir	large	cycles:u	6230712692.000000	6173016618.000000	6242732404.000000	5
7-M2-spikes	ced6c209	alloc4c	head	per_pass	tw	-	cycles:u	6193.425526	6177.067472	6241.852618	5
7-M2-spikes	ced6c209	alloc4c	head	fixed	tw	-	cycles:u	-137249794.000000	-176646080.000000	-114146196.000000	5
7-M2-spikes	ced6c209	alloc4c	head	per_pass	ir	-	cycles:u	6418.159630	6236.520802	6453.215094	5
7-M2-spikes	ced6c209	alloc4c	head	fixed	ir	-	cycles:u	-185237408.000000	-210482690.000000	-63504184.000000	5
7-M2-spikes	ced6c209	alloc4c	head	per_pass_gap	ir-tw	-	cycles:u	236.490048	4.340830	276.147622	5
7-M2-spikes	ced6c209	alloc4c	box	arm_ratio	ir/tw	small	instructions:u	1.011906	1.010500	1.011912	5
7-M2-spikes	ced6c209	alloc4c	box	absolute	tw	small	instructions:u	7895910664.000000	7895864561.000000	7906876567.000000	5
7-M2-spikes	ced6c209	alloc4c	box	absolute	ir	small	instructions:u	7989917429.000000	7989896635.000000	7989931516.000000	5
7-M2-spikes	ced6c209	alloc4c	box	arm_ratio	ir/tw	large	instructions:u	1.011892	1.011883	1.014034	5
7-M2-spikes	ced6c209	alloc4c	box	absolute	tw	large	instructions:u	15815272671.000000	15815209265.000000	15815324769.000000	5
7-M2-spikes	ced6c209	alloc4c	box	absolute	ir	large	instructions:u	16003348300.000000	16003199413.000000	16037238276.000000	5
7-M2-spikes	ced6c209	alloc4c	box	per_pass	tw	-	instructions:u	15838.689408	15816.792208	15838.828210	5
7-M2-spikes	ced6c209	alloc4c	box	fixed	tw	-	instructions:u	-23480143.000000	-23530122.000000	-1519537.000000	5
7-M2-spikes	ced6c209	alloc4c	box	per_pass	ir	-	instructions:u	16026.894806	16026.535794	16094.616962	5
7-M2-spikes	ced6c209	alloc4c	box	fixed	ir	-	instructions:u	-23546506.000000	-57378686.000000	-23336381.000000	5
7-M2-spikes	ced6c209	alloc4c	box	per_pass_gap	ir-tw	-	instructions:u	209.738954	188.003672	255.804124	5
7-M2-spikes	ced6c209	alloc4c	box	arm_ratio	ir/tw	small	cycles:u	1.040992	1.026831	1.045793	5
7-M2-spikes	ced6c209	alloc4c	box	absolute	tw	small	cycles:u	2962596401.000000	2951382796.000000	2991326841.000000	5
7-M2-spikes	ced6c209	alloc4c	box	absolute	ir	small	cycles:u	3081019519.000000	3069470155.000000	3098262855.000000	5
7-M2-spikes	ced6c209	alloc4c	box	arm_ratio	ir/tw	large	cycles:u	1.039842	1.032284	1.046131	5
7-M2-spikes	ced6c209	alloc4c	box	absolute	tw	large	cycles:u	6089726576.000000	6051310165.000000	6104560753.000000	5
7-M2-spikes	ced6c209	alloc4c	box	absolute	ir	large	cycles:u	6330460921.000000	6298547673.000000	6343749281.000000	5
7-M2-spikes	ced6c209	alloc4c	box	per_pass	tw	-	cycles:u	6254.260350	6146.444810	6289.728358	5
7-M2-spikes	ced6c209	alloc4c	box	fixed	tw	-	cycles:u	-155965061.000000	-185167605.000000	-81895564.000000	5
7-M2-spikes	ced6c209	alloc4c	box	per_pass	ir	-	cycles:u	6489.937064	6458.155036	6519.863372	5
7-M2-spikes	ced6c209	alloc4c	box	fixed	ir	-	cycles:u	-159607363.000000	-178912167.000000	-147223571.000000	5
7-M2-spikes	ced6c209	alloc4c	box	per_pass_gap	ir-tw	-	cycles:u	236.712502	200.625214	322.733580	5
7-M2-spikes	ced6c209	alloc4c	enterleave	arm_ratio	ir/tw	small	instructions:u	0.995805	0.995803	0.995812	5
7-M2-spikes	ced6c209	alloc4c	enterleave	absolute	tw	small	instructions:u	7980873312.000000	7980848390.000000	7980927494.000000	5
7-M2-spikes	ced6c209	alloc4c	enterleave	absolute	ir	small	instructions:u	7947401690.000000	7947376385.000000	7947430505.000000	5
7-M2-spikes	ced6c209	alloc4c	enterleave	arm_ratio	ir/tw	large	instructions:u	0.995810	0.995804	0.995813	5
7-M2-spikes	ced6c209	alloc4c	enterleave	absolute	tw	large	instructions:u	15985242492.000000	15985227791.000000	15985336311.000000	5
7-M2-spikes	ced6c209	alloc4c	enterleave	absolute	ir	large	instructions:u	15918299114.000000	15918256577.000000	15918320219.000000	5
7-M2-spikes	ced6c209	alloc4c	enterleave	per_pass	tw	-	instructions:u	16008.762244	16008.600594	16008.975842	5
7-M2-spikes	ced6c209	alloc4c	enterleave	fixed	tw	-	instructions:u	-23522180.000000	-23639531.000000	-23372803.000000	5
7-M2-spikes	ced6c209	alloc4c	enterleave	per_pass	ir	-	instructions:u	15941.753078	15941.657744	15941.854578	5
7-M2-spikes	ced6c209	alloc4c	enterleave	fixed	ir	-	instructions:u	-23483983.000000	-23550904.000000	-23401167.000000	5
7-M2-spikes	ced6c209	alloc4c	enterleave	per_pass_gap	ir-tw	-	instructions:u	-66.985282	-67.318098	-66.863376	5
7-M2-spikes	ced6c209	alloc4c	enterleave	arm_ratio	ir/tw	small	cycles:u	1.010807	1.002723	1.035824	5
7-M2-spikes	ced6c209	alloc4c	enterleave	absolute	tw	small	cycles:u	3015535983.000000	2925624634.000000	3020464679.000000	5
7-M2-spikes	ced6c209	alloc4c	enterleave	absolute	ir	small	cycles:u	3034213117.000000	3028690319.000000	3051291614.000000	5
7-M2-spikes	ced6c209	alloc4c	enterleave	arm_ratio	ir/tw	large	cycles:u	1.022075	1.017160	1.036700	5
7-M2-spikes	ced6c209	alloc4c	enterleave	absolute	tw	large	cycles:u	6117573016.000000	6069805406.000000	6180125960.000000	5
7-M2-spikes	ced6c209	alloc4c	enterleave	absolute	ir	large	cycles:u	6262351955.000000	6238518363.000000	6311013909.000000	5
7-M2-spikes	ced6c209	alloc4c	enterleave	per_pass	tw	-	cycles:u	6285.292184	6108.538846	6360.838110	5
7-M2-spikes	ced6c209	alloc4c	enterleave	fixed	tw	-	cycles:u	-142789034.000000	-254794421.000000	-38733440.000000	5
7-M2-spikes	ced6c209	alloc4c	enterleave	per_pass	ir	-	cycles:u	6463.839758	6379.499422	6519.444590	5
7-M2-spikes	ced6c209	alloc4c	enterleave	fixed	ir	-	cycles:u	-201487803.000000	-224139068.000000	-140981059.000000	5
7-M2-spikes	ced6c209	alloc4c	enterleave	per_pass_gap	ir-tw	-	cycles:u	196.529596	94.207238	408.165524	5
7-M2-spikes	ced6c209	alloc4c	head>box	across_builds	tw	small	instructions:u	0.989290	0.989286	0.990666	5
7-M2-spikes	ced6c209	alloc4c	head>box	across_builds	ir	small	instructions:u	0.990887	0.990882	0.990892	5
7-M2-spikes	ced6c209	alloc4c	head>box	across_builds	tw	large	instructions:u	0.989302	0.989298	0.989306	5
7-M2-spikes	ced6c209	alloc4c	head>box	across_builds	ir	large	instructions:u	0.990901	0.990890	0.992999	5
7-M2-spikes	ced6c209	alloc4c	head>box	across_builds	tw	small	cycles:u	1.000079	0.996932	1.010949	5
7-M2-spikes	ced6c209	alloc4c	head>box	across_builds	ir	small	cycles:u	1.017687	1.013114	1.023352	5
7-M2-spikes	ced6c209	alloc4c	head>box	across_builds	tw	large	cycles:u	1.005647	0.997482	1.007989	5
7-M2-spikes	ced6c209	alloc4c	head>box	across_builds	ir	large	cycles:u	1.017693	1.008941	1.027658	5
7-M2-spikes	ced6c209	alloc4c	head>enterleave	across_builds	tw	small	instructions:u	0.999937	0.999932	0.999942	5
7-M2-spikes	ced6c209	alloc4c	head>enterleave	across_builds	ir	small	instructions:u	0.985616	0.985610	0.985621	5
7-M2-spikes	ced6c209	alloc4c	head>enterleave	across_builds	tw	large	instructions:u	0.999934	0.999932	0.999941	5
7-M2-spikes	ced6c209	alloc4c	head>enterleave	across_builds	ir	large	instructions:u	0.985633	0.985631	0.985636	5
7-M2-spikes	ced6c209	alloc4c	head>enterleave	across_builds	tw	small	cycles:u	1.019660	0.983606	1.025887	5
7-M2-spikes	ced6c209	alloc4c	head>enterleave	across_builds	ir	small	cycles:u	1.004744	0.993275	1.012640	5
7-M2-spikes	ced6c209	alloc4c	head>enterleave	across_builds	tw	large	cycles:u	1.007112	1.002357	1.021289	5
7-M2-spikes	ced6c209	alloc4c	head>enterleave	across_builds	ir	large	cycles:u	1.009666	1.001253	1.019366	5
7-M2-spikes	ced6c209	compound	head	arm_ratio	ir/tw	small	instructions:u	1.015758	1.015743	1.015770	5
7-M2-spikes	ced6c209	compound	head	absolute	tw	small	instructions:u	38579335516.000000	38578889827.000000	38579984780.000000	5
7-M2-spikes	ced6c209	compound	head	absolute	ir	small	instructions:u	39187282839.000000	39186631739.000000	39188174280.000000	5
7-M2-spikes	ced6c209	compound	head	arm_ratio	ir/tw	large	instructions:u	1.015711	1.015675	1.015722	5
7-M2-spikes	ced6c209	compound	head	absolute	tw	large	instructions:u	77447479040.000000	77447478307.000000	77448848944.000000	5
7-M2-spikes	ced6c209	compound	head	absolute	ir	large	instructions:u	78664244263.000000	78662873607.000000	78665136139.000000	5
7-M2-spikes	ced6c209	compound	head	per_pass	tw	-	instructions:u	15547.283473	15547.079937	15547.545666	5
7-M2-spikes	ced6c209	compound	head	fixed	tw	-	instructions:u	-288879384.000000	-289699386.000000	-287920918.000000	5
7-M2-spikes	ced6c209	compound	head	per_pass	ir	-	instructions:u	15790.428492	15789.997492	15791.223257	5
7-M2-spikes	ced6c209	compound	head	fixed	ir	-	instructions:u	-288308418.000000	-290980785.000000	-287113851.000000	5
7-M2-spikes	ced6c209	compound	head	per_pass_gap	ir-tw	-	instructions:u	243.348555	242.451826	243.787572	5
7-M2-spikes	ced6c209	compound	head	arm_ratio	ir/tw	small	cycles:u	1.021724	1.001771	1.030448	5
7-M2-spikes	ced6c209	compound	head	absolute	tw	small	cycles:u	9902051245.000000	9871709424.000000	10087934998.000000	5
7-M2-spikes	ced6c209	compound	head	absolute	ir	small	cycles:u	10106840947.000000	10059880640.000000	10203550631.000000	5
7-M2-spikes	ced6c209	compound	head	arm_ratio	ir/tw	large	cycles:u	1.019430	1.013061	1.026559	5
7-M2-spikes	ced6c209	compound	head	absolute	tw	large	cycles:u	19869886952.000000	19810418506.000000	20023653829.000000	5
7-M2-spikes	ced6c209	compound	head	absolute	ir	large	cycles:u	20285184679.000000	20211544114.000000	20397608517.000000	5
7-M2-spikes	ced6c209	compound	head	per_pass	tw	-	cycles:u	3965.891599	3912.780782	4060.777762	5
7-M2-spikes	ced6c209	compound	head	fixed	tw	-	cycles:u	-6316016.000000	-280234981.000000	305983044.000000	5
7-M2-spikes	ced6c209	compound	head	per_pass	ir	-	cycles:u	4058.305917	4033.854198	4116.724039	5
7-M2-spikes	ced6c209	compound	head	fixed	ir	-	cycles:u	-38923846.000000	-186011677.000000	83512305.000000	5
7-M2-spikes	ced6c209	compound	head	per_pass_gap	ir-tw	-	cycles:u	67.962599	29.343854	203.943257	5
7-M2-spikes	ced6c209	compound	box	arm_ratio	ir/tw	small	instructions:u	1.016273	1.016267	1.016289	5
7-M2-spikes	ced6c209	compound	box	absolute	tw	small	instructions:u	38284303496.000000	38284062396.000000	38285362801.000000	5
7-M2-spikes	ced6c209	compound	box	absolute	ir	small	instructions:u	38907277555.000000	38907049604.000000	38908383097.000000	5
7-M2-spikes	ced6c209	compound	box	arm_ratio	ir/tw	large	instructions:u	1.016210	1.016204	1.016252	5
7-M2-spikes	ced6c209	compound	box	absolute	tw	large	instructions:u	76857800960.000000	76857038885.000000	76858341824.000000	5
7-M2-spikes	ced6c209	compound	box	absolute	ir	large	instructions:u	78103734431.000000	78103324782.000000	78107055126.000000	5
7-M2-spikes	ced6c209	compound	box	per_pass	tw	-	instructions:u	15429.398986	15428.670434	15429.711771	5
7-M2-spikes	ced6c209	compound	box	fixed	tw	-	instructions:u	-289193968.000000	-290217032.000000	-286313283.000000	5
7-M2-spikes	ced6c209	compound	box	per_pass	ir	-	instructions:u	15678.429770	15678.332493	15679.660553	5
7-M2-spikes	ced6c209	compound	box	fixed	ir	-	instructions:u	-288822003.000000	-291247640.000000	-287448136.000000	5
7-M2-spikes	ced6c209	compound	box	per_pass_gap	ir-tw	-	instructions:u	249.241994	248.962160	250.210755	5
7-M2-spikes	ced6c209	compound	box	arm_ratio	ir/tw	small	cycles:u	1.017902	1.013592	1.023832	5
7-M2-spikes	ced6c209	compound	box	absolute	tw	small	cycles:u	10077925577.000000	10064775180.000000	10152696326.000000	5
7-M2-spikes	ced6c209	compound	box	absolute	ir	small	cycles:u	10303433800.000000	10244954250.000000	10321456083.000000	5
7-M2-spikes	ced6c209	compound	box	arm_ratio	ir/tw	large	cycles:u	1.020683	1.016794	1.033672	5
7-M2-spikes	ced6c209	compound	box	absolute	tw	large	cycles:u	20185893070.000000	20164445199.000000	20281829398.000000	5
7-M2-spikes	ced6c209	compound	box	absolute	ir	large	cycles:u	20622432533.000000	20580262224.000000	20844142072.000000	5
7-M2-spikes	ced6c209	compound	box	per_pass	tw	-	cycles:u	4039.868008	4010.704987	4081.561528	5
7-M2-spikes	ced6c209	compound	box	fixed	tw	-	cycles:u	-34894839.000000	-125978244.000000	111617498.000000	5
7-M2-spikes	ced6c209	compound	box	per_pass	ir	-	cycles:u	4123.380198	4120.618520	4227.183276	5
7-M2-spikes	ced6c209	compound	box	fixed	ir	-	cycles:u	1887500.000000	-291774308.000000	13763881.000000	5
7-M2-spikes	ced6c209	compound	box	per_pass_gap	ir-tw	-	cycles:u	94.255182	40.172202	216.478289	5
7-M2-spikes	ced6c209	compound	enterleave	arm_ratio	ir/tw	small	instructions:u	1.006928	1.006905	1.006957	5
7-M2-spikes	ced6c209	compound	enterleave	absolute	tw	small	instructions:u	38576833902.000000	38576389416.000000	38577928614.000000	5
7-M2-spikes	ced6c209	compound	enterleave	absolute	ir	small	instructions:u	38844547847.000000	38844103848.000000	38844753852.000000	5
7-M2-spikes	ced6c209	compound	enterleave	arm_ratio	ir/tw	large	instructions:u	1.006918	1.006908	1.006936	5
7-M2-spikes	ced6c209	compound	enterleave	absolute	tw	large	instructions:u	77442961582.000000	77442068966.000000	77443371610.000000	5
7-M2-spikes	ced6c209	compound	enterleave	absolute	ir	large	instructions:u	77978734403.000000	77977846183.000000	77979626410.000000	5
7-M2-spikes	ced6c209	compound	enterleave	per_pass	tw	-	instructions:u	15546.258851	15546.177198	15546.628866	5
7-M2-spikes	ced6c209	compound	enterleave	fixed	tw	-	instructions:u	-288812105.000000	-290182750.000000	-287514382.000000	5
7-M2-spikes	ced6c209	compound	enterleave	per_pass	ir	-	instructions:u	15653.592220	15653.319334	15654.208460	5
7-M2-spikes	ced6c209	compound	enterleave	fixed	ir	-	instructions:u	-289226699.000000	-291415890.000000	-288750489.000000	5
7-M2-spikes	ced6c209	compound	enterleave	per_pass_gap	ir-tw	-	instructions:u	107.332051	106.963354	107.950057	5
7-M2-spikes	ced6c209	compound	enterleave	arm_ratio	ir/tw	small	cycles:u	1.017990	1.009226	1.024710	5
7-M2-spikes	ced6c209	compound	enterleave	absolute	tw	small	cycles:u	9952534014.000000	9877389070.000000	10012520495.000000	5
7-M2-spikes	ced6c209	compound	enterleave	absolute	ir	small	cycles:u	10104897134.000000	10055087720.000000	10198463415.000000	5
7-M2-spikes	ced6c209	compound	enterleave	arm_ratio	ir/tw	large	cycles:u	1.019577	1.007013	1.056826	5
7-M2-spikes	ced6c209	compound	enterleave	absolute	tw	large	cycles:u	19906166487.000000	19869404774.000000	20120836870.000000	5
7-M2-spikes	ced6c209	compound	enterleave	absolute	ir	large	cycles:u	20261948229.000000	20253784943.000000	21027113291.000000	5
7-M2-spikes	ced6c209	compound	enterleave	per_pass	tw	-	cycles:u	3990.162488	3957.458397	4067.321142	5
7-M2-spikes	ced6c209	compound	enterleave	fixed	tw	-	cycles:u	-54339667.000000	-215768842.000000	118874503.000000	5
7-M2-spikes	ced6c209	compound	enterleave	per_pass	ir	-	cycles:u	4064.155772	4025.393926	4349.763594	5
7-M2-spikes	ced6c209	compound	enterleave	fixed	ir	-	cycles:u	-62394243.000000	-721704679.000000	134978601.000000	5
7-M2-spikes	ced6c209	compound	enterleave	per_pass_gap	ir-tw	-	cycles:u	102.096727	-41.927217	359.601106	5
7-M2-spikes	ced6c209	compound	head>box	across_builds	tw	small	instructions:u	0.992354	0.992330	0.992392	5
7-M2-spikes	ced6c209	compound	head>box	across_builds	ir	small	instructions:u	0.992854	0.992832	0.992888	5
7-M2-spikes	ced6c209	compound	head>box	across_builds	tw	large	instructions:u	0.992382	0.992376	0.992388	5
7-M2-spikes	ced6c209	compound	head>box	across_builds	ir	large	instructions:u	0.992887	0.992869	0.992917	5
7-M2-spikes	ced6c209	compound	head>box	across_builds	tw	small	cycles:u	1.019305	0.999008	1.027014	5
7-M2-spikes	ced6c209	compound	head>box	across_builds	ir	small	cycles:u	1.019451	1.004058	1.021502	5
7-M2-spikes	ced6c209	compound	head>box	across_builds	tw	large	cycles:u	1.017871	1.007066	1.020732	5
7-M2-spikes	ced6c209	compound	head>box	across_builds	ir	large	cycles:u	1.017399	1.011022	1.027555	5
7-M2-spikes	ced6c209	compound	head>enterleave	across_builds	tw	small	instructions:u	0.999935	0.999925	0.999947	5
7-M2-spikes	ced6c209	compound	head>enterleave	across_builds	ir	small	instructions:u	0.991243	0.991220	0.991276	5
7-M2-spikes	ced6c209	compound	head>enterleave	across_builds	tw	large	instructions:u	0.999935	0.999929	0.999947	5
7-M2-spikes	ced6c209	compound	head>enterleave	across_builds	ir	large	instructions:u	0.991292	0.991263	0.991314	5
7-M2-spikes	ced6c209	compound	head>enterleave	across_builds	tw	small	cycles:u	1.004345	0.988381	1.010183	5
7-M2-spikes	ced6c209	compound	head>enterleave	across_builds	ir	small	cycles:u	0.999228	0.985450	1.013776	5
7-M2-spikes	ced6c209	compound	head>enterleave	across_builds	tw	large	cycles:u	1.004028	0.999976	1.005509	5
7-M2-spikes	ced6c209	compound	head>enterleave	across_builds	ir	large	cycles:u	0.999499	0.993174	1.038242	5
