task	commit	axis	build	scope	arm	size	instrument	value_median	value_min	value_max	value_rounds
3	71153941a	alloc4c	base	arm_ratio	ir/tw	small	instructions:u	0.709833	0.709771	0.709888	5
3	71153941a	alloc4c	base	absolute	tw	small	instructions:u	2943625528.000000	2943384959.000000	2943742021.000000	5
3	71153941a	alloc4c	base	absolute	ir	small	instructions:u	2089423223.000000	2089300837.000000	2089494103.000000	5
3	71153941a	alloc4c	base	arm_ratio	ir/tw	large	instructions:u	0.708935	0.708928	0.708948	5
3	71153941a	alloc4c	base	absolute	tw	large	instructions:u	5867881966.000000	5867866494.000000	5868019839.000000	5
3	71153941a	alloc4c	base	absolute	ir	large	instructions:u	4159941856.000000	4159897742.000000	4160077564.000000	5
3	71153941a	alloc4c	base	per_pass	tw	-	instructions:u	5848.555636	5848.450918	5848.974232	5
3	71153941a	alloc4c	base	fixed	tw	-	instructions:u	19357518.000000	18897843.000000	19464203.000000	5
3	71153941a	alloc4c	base	per_pass	ir	-	instructions:u	4140.980510	4140.807278	4141.463236	5
3	71153941a	alloc4c	base	fixed	ir	-	instructions:u	18932968.000000	18569219.000000	19090464.000000	5
3	71153941a	alloc4c	base	per_pass_gap	ir-tw	-	instructions:u	-1707.643640	-1708.039540	-1707.072784	5
3	71153941a	alloc4c	base	arm_ratio	ir/tw	small	cycles:u	0.752464	0.694717	0.775613	5
3	71153941a	alloc4c	base	absolute	tw	small	cycles:u	980070060.000000	964253517.000000	1042871224.000000	5
3	71153941a	alloc4c	base	absolute	ir	small	cycles:u	742033429.000000	724499929.000000	763869769.000000	5
3	71153941a	alloc4c	base	arm_ratio	ir/tw	large	cycles:u	0.773193	0.753424	0.804934	5
3	71153941a	alloc4c	base	absolute	tw	large	cycles:u	2271938070.000000	2235162319.000000	2303388938.000000	5
3	71153941a	alloc4c	base	absolute	ir	large	cycles:u	1761819486.000000	1731021505.000000	1809632031.000000	5
3	71153941a	alloc4c	base	per_pass	tw	-	cycles:u	2510.184518	2480.421492	2657.779974	5
3	71153941a	alloc4c	base	fixed	tw	-	cycles:u	-275022199.000000	-354391036.000000	-197339522.000000	5
3	71153941a	alloc4c	base	per_pass	ir	-	cycles:u	2003.328844	1934.303472	2168.132172	5
3	71153941a	alloc4c	base	fixed	ir	-	cycles:u	-251361195.000000	-358500141.000000	-203281967.000000	5
3	71153941a	alloc4c	base	per_pass_gap	ir-tw	-	cycles:u	-506.855674	-670.990726	-398.896124	5
3	71153941a	alloc4c	control	arm_ratio	ir/tw	small	instructions:u	0.709389	0.709301	0.709402	5
3	71153941a	alloc4c	control	absolute	tw	small	instructions:u	2943593406.000000	2943302379.000000	2943693512.000000	5
3	71153941a	alloc4c	control	absolute	ir	small	instructions:u	2088018937.000000	2087964422.000000	2088238829.000000	5
3	71153941a	alloc4c	control	arm_ratio	ir/tw	large	instructions:u	0.708410	0.708372	0.708454	5
3	71153941a	alloc4c	control	absolute	tw	large	instructions:u	5867892130.000000	5867808356.000000	5868026772.000000	5
3	71153941a	alloc4c	control	absolute	ir	large	instructions:u	4156891829.000000	4156718594.000000	4157072047.000000	5
3	71153941a	alloc4c	control	per_pass	tw	-	instructions:u	5848.651870	5848.397236	5849.011954	5
3	71153941a	alloc4c	control	fixed	tw	-	instructions:u	19267471.000000	18796402.000000	19494894.000000	5
3	71153941a	alloc4c	control	per_pass	ir	-	instructions:u	4137.745784	4137.009536	4138.172368	5
3	71153941a	alloc4c	control	fixed	ir	-	instructions:u	19146045.000000	18899679.000000	19734061.000000	5
3	71153941a	alloc4c	control	per_pass_gap	ir-tw	-	instructions:u	-1710.906086	-1711.696746	-1710.532416	5
3	71153941a	alloc4c	control	arm_ratio	ir/tw	small	cycles:u	0.722835	0.709616	0.744222	5
3	71153941a	alloc4c	control	absolute	tw	small	cycles:u	995137142.000000	982509940.000000	1060415572.000000	5
3	71153941a	alloc4c	control	absolute	ir	small	cycles:u	731205745.000000	706165638.000000	755988615.000000	5
3	71153941a	alloc4c	control	arm_ratio	ir/tw	large	cycles:u	0.776062	0.752851	0.782574	5
3	71153941a	alloc4c	control	absolute	tw	large	cycles:u	2257174154.000000	2247750324.000000	2284068231.000000	5
3	71153941a	alloc4c	control	absolute	ir	large	cycles:u	1753917439.000000	1719562886.000000	1759561846.000000	5
3	71153941a	alloc4c	control	per_pass	tw	-	cycles:u	2517.864970	2447.305318	2571.686122	5
3	71153941a	alloc4c	control	fixed	tw	-	cycles:u	-263795343.000000	-291875915.000000	-163237087.000000	5
3	71153941a	alloc4c	control	per_pass	ir	-	cycles:u	2055.648548	1927.148542	2086.264200	5
3	71153941a	alloc4c	control	fixed	ir	-	cycles:u	-296618529.000000	-336966462.000000	-207585656.000000	5
3	71153941a	alloc4c	control	per_pass_gap	ir-tw	-	cycles:u	-474.832220	-534.640484	-431.600770	5
3	71153941a	alloc4c	head	arm_ratio	ir/tw	small	instructions:u	0.710237	0.710220	0.710308	5
3	71153941a	alloc4c	head	absolute	tw	small	instructions:u	2952659851.000000	2952485033.000000	2952660804.000000	5
3	71153941a	alloc4c	head	absolute	ir	small	instructions:u	2097088826.000000	2097015509.000000	2097173749.000000	5
3	71153941a	alloc4c	head	arm_ratio	ir/tw	large	instructions:u	0.709289	0.709257	0.709329	5
3	71153941a	alloc4c	head	absolute	tw	large	instructions:u	5885870679.000000	5885787454.000000	5886133733.000000	5
3	71153941a	alloc4c	head	absolute	ir	large	instructions:u	4174791416.000000	4174717375.000000	4174959457.000000	5
3	71153941a	alloc4c	head	per_pass	tw	-	instructions:u	5866.642306	5866.255206	5866.945858	5
3	71153941a	alloc4c	head	fixed	tw	-	instructions:u	19236414.000000	19149084.000000	19532248.000000	5
3	71153941a	alloc4c	head	per_pass	ir	-	instructions:u	4155.403708	4155.248562	4155.840748	5
3	71153941a	alloc4c	head	fixed	ir	-	instructions:u	19460277.000000	19118709.000000	19532445.000000	5
3	71153941a	alloc4c	head	per_pass_gap	ir-tw	-	instructions:u	-1711.163540	-1711.697296	-1710.414458	5
3	71153941a	alloc4c	head	arm_ratio	ir/tw	small	cycles:u	0.730869	0.691765	0.766254	5
3	71153941a	alloc4c	head	absolute	tw	small	cycles:u	1013920098.000000	975465936.000000	1040544301.000000	5
3	71153941a	alloc4c	head	absolute	ir	small	cycles:u	722736761.000000	708578691.000000	790025715.000000	5
3	71153941a	alloc4c	head	arm_ratio	ir/tw	large	cycles:u	0.752970	0.748084	0.784671	5
3	71153941a	alloc4c	head	absolute	tw	large	cycles:u	2265370216.000000	2250512395.000000	2388879219.000000	5
3	71153941a	alloc4c	head	absolute	ir	large	cycles:u	1765911350.000000	1691889458.000000	1787082927.000000	5
3	71153941a	alloc4c	head	per_pass	tw	-	cycles:u	2505.679402	2449.651830	2800.011758	5
3	71153941a	alloc4c	head	fixed	tw	-	cycles:u	-224810879.000000	-411132539.000000	-184281614.000000	5
3	71153941a	alloc4c	head	per_pass	ir	-	cycles:u	2114.665318	1831.461718	2128.692332	5
3	71153941a	alloc4c	head	fixed	ir	-	cycles:u	-341609405.000000	-353072013.000000	-125705144.000000	5
3	71153941a	alloc4c	head	per_pass_gap	ir-tw	-	cycles:u	-618.190112	-683.444476	-358.519276	5
3	71153941a	alloc4c	base>control	across_builds	tw	small	instructions:u	1.000023	0.999851	1.000098	5
3	71153941a	alloc4c	base>control	across_builds	ir	small	instructions:u	0.999360	0.999294	0.999409	5
3	71153941a	alloc4c	base>control	across_builds	tw	large	instructions:u	1.000000	0.999964	1.000026	5
3	71153941a	alloc4c	base>control	across_builds	ir	large	instructions:u	0.999246	0.999231	0.999278	5
3	71153941a	alloc4c	base>control	across_builds	tw	small	cycles:u	1.023845	0.954228	1.034965	5
3	71153941a	alloc4c	base>control	across_builds	ir	small	cycles:u	0.985408	0.954176	1.013546	5
3	71153941a	alloc4c	base>control	across_builds	tw	large	cycles:u	1.005339	0.975845	1.014072	5
3	71153941a	alloc4c	base>control	across_builds	ir	large	cycles:u	0.993380	0.969212	1.013600	5
3	71153941a	alloc4c	base>head	across_builds	tw	small	instructions:u	1.003069	1.002970	1.003151	5
3	71153941a	alloc4c	base>head	across_builds	ir	small	instructions:u	1.003677	1.003600	1.003710	5
3	71153941a	alloc4c	base>head	across_builds	tw	large	instructions:u	1.003066	1.003034	1.003112	5
3	71153941a	alloc4c	base>head	across_builds	ir	large	instructions:u	1.003567	1.003557	1.003588	5
3	71153941a	alloc4c	base>head	across_builds	tw	small	cycles:u	1.015571	0.985768	1.040453	5
3	71153941a	alloc4c	base>head	across_builds	ir	small	cycles:u	0.983293	0.954915	1.034241	5
3	71153941a	alloc4c	base>head	across_builds	tw	large	cycles:u	0.999031	0.977044	1.062586	5
3	71153941a	alloc4c	base>head	across_builds	ir	large	cycles:u	0.987539	0.960308	1.017565	5
3	71153941a	arith	base	arm_ratio	ir/tw	small	instructions:u	0.926075	0.924381	0.927713	5
3	71153941a	arith	base	absolute	tw	small	instructions:u	6955962411.000000	6944891763.000000	6969207051.000000	5
3	71153941a	arith	base	absolute	ir	small	instructions:u	6442858944.000000	6431148735.000000	6442891805.000000	5
3	71153941a	arith	base	arm_ratio	ir/tw	large	instructions:u	0.915482	0.915333	0.916877	5
3	71153941a	arith	base	absolute	tw	large	instructions:u	13803811591.000000	13782488232.000000	13803902128.000000	5
3	71153941a	arith	base	absolute	ir	large	instructions:u	12637116192.000000	12634976445.000000	12637372735.000000	5
3	71153941a	arith	base	per_pass	tw	-	instructions:u	27350.669828	27300.965720	27435.679312	5
3	71153941a	arith	base	fixed	tw	-	instructions:u	108022694.000000	85971935.000000	134564591.000000	5
3	71153941a	arith	base	per_pass	ir	-	instructions:u	24777.923720	24769.058040	24815.310840	5
3	71153941a	arith	base	fixed	ir	-	instructions:u	248410875.000000	227321025.000000	250594434.000000	5
3	71153941a	arith	base	per_pass_gap	ir-tw	-	instructions:u	-2572.746108	-2658.571588	-2485.654880	5
3	71153941a	arith	base	arm_ratio	ir/tw	small	cycles:u	0.922492	0.892875	0.944690	5
3	71153941a	arith	base	absolute	tw	small	cycles:u	2851684310.000000	2081918315.000000	3014937158.000000	5
3	71153941a	arith	base	absolute	ir	small	cycles:u	2691962244.000000	1906581402.000000	2714569351.000000	5
3	71153941a	arith	base	arm_ratio	ir/tw	large	cycles:u	0.911942	0.881931	1.239228	5
3	71153941a	arith	base	absolute	tw	large	cycles:u	5670736649.000000	4052340438.000000	5814834324.000000	5
3	71153941a	arith	base	absolute	ir	large	cycles:u	5145582603.000000	3695501057.000000	5219791200.000000	5
3	71153941a	arith	base	per_pass	tw	-	cycles:u	11183.566596	5379.771824	11279.077416	5
3	71153941a	arith	base	fixed	tw	-	cycles:u	111496192.000000	31914956.000000	1462362872.000000	5
3	71153941a	arith	base	per_pass	ir	-	cycles:u	9745.286008	7155.678620	10223.462856	5
3	71153941a	arith	base	fixed	ir	-	cycles:u	168125934.000000	33851175.000000	282151504.000000	5
3	71153941a	arith	base	per_pass_gap	ir-tw	-	cycles:u	-1175.746884	-1454.302656	4843.691032	5
3	71153941a	arith	control	arm_ratio	ir/tw	small	instructions:u	0.927406	0.925988	0.928489	5
3	71153941a	arith	control	absolute	tw	small	instructions:u	7014175692.000000	7013270632.000000	7028057019.000000	5
3	71153941a	arith	control	absolute	ir	small	instructions:u	6504912279.000000	6495040268.000000	6525474636.000000	5
3	71153941a	arith	control	arm_ratio	ir/tw	large	instructions:u	0.916341	0.913316	0.918222	5
3	71153941a	arith	control	absolute	tw	large	instructions:u	13926731623.000000	13898352764.000000	13948949106.000000	5
3	71153941a	arith	control	absolute	ir	large	instructions:u	12761633055.000000	12739791512.000000	12761839238.000000	5
3	71153941a	arith	control	per_pass	tw	-	instructions:u	27622.701152	27531.686828	27739.093656	5
3	71153941a	arith	control	fixed	tw	-	instructions:u	107595344.000000	79402278.000000	132509350.000000	5
3	71153941a	arith	control	per_pass	ir	-	instructions:u	25026.672368	24944.633676	25027.707836	5
3	71153941a	arith	control	fixed	ir	-	instructions:u	248243996.000000	247985320.000000	289316217.000000	5
3	71153941a	arith	control	per_pass_gap	ir-tw	-	instructions:u	-2650.064740	-2760.088680	-2504.375804	5
3	71153941a	arith	control	arm_ratio	ir/tw	small	cycles:u	0.940102	0.918266	0.960937	5
3	71153941a	arith	control	absolute	tw	small	cycles:u	3032521297.000000	2198247724.000000	3136447365.000000	5
3	71153941a	arith	control	absolute	ir	small	cycles:u	2880092691.000000	2066578139.000000	2906918355.000000	5
3	71153941a	arith	control	arm_ratio	ir/tw	large	cycles:u	0.926283	0.816061	0.931795	5
3	71153941a	arith	control	absolute	tw	large	cycles:u	6010044033.000000	4313031870.000000	6209506126.000000	5
3	71153941a	arith	control	absolute	ir	large	cycles:u	5521022193.000000	3995089981.000000	5634595864.000000	5
3	71153941a	arith	control	per_pass	tw	-	cycles:u	11902.544596	8459.136584	12292.235044	5
3	71153941a	arith	control	fixed	tw	-	cycles:u	63388604.000000	-14341857.000000	92722588.000000	5
3	71153941a	arith	control	per_pass	ir	-	cycles:u	10456.415352	7714.047368	11085.957400	5
3	71153941a	arith	control	fixed	ir	-	cycles:u	162436408.000000	56896227.000000	692851618.000000	5
3	71153941a	arith	control	per_pass_gap	ir-tw	-	cycles:u	-1178.429012	-3543.270752	-745.089216	5
3	71153941a	arith	head	arm_ratio	ir/tw	small	instructions:u	0.926319	0.925490	0.927401	5
3	71153941a	arith	head	absolute	tw	small	instructions:u	7013268713.000000	7012771316.000000	7028787035.000000	5
3	71153941a	arith	head	absolute	ir	small	instructions:u	6503826724.000000	6495334627.000000	6505073476.000000	5
3	71153941a	arith	head	arm_ratio	ir/tw	large	instructions:u	0.916836	0.914189	0.918188	5
3	71153941a	arith	head	absolute	tw	large	instructions:u	13919037423.000000	13898596014.000000	13959633782.000000	5
3	71153941a	arith	head	absolute	ir	large	instructions:u	12761528265.000000	12759583584.000000	12761740932.000000	5
3	71153941a	arith	head	per_pass	tw	-	instructions:u	27614.850028	27542.010456	27723.386988	5
3	71153941a	arith	head	fixed	tw	-	instructions:u	109556206.000000	97940288.000000	127590786.000000	5
3	71153941a	arith	head	per_pass	ir	-	instructions:u	25030.326132	25023.027440	25065.427628	5
3	71153941a	arith	head	fixed	ir	-	instructions:u	246365199.000000	228977720.000000	248406020.000000	5
3	71153941a	arith	head	per_pass_gap	ir-tw	-	instructions:u	-2569.121928	-2696.717164	-2511.684324	5
3	71153941a	arith	head	arm_ratio	ir/tw	small	cycles:u	0.919581	0.904569	0.955409	5
3	71153941a	arith	head	absolute	tw	small	cycles:u	2930607792.000000	2182165486.000000	2951568922.000000	5
3	71153941a	arith	head	absolute	ir	small	cycles:u	2699152191.000000	1973919344.000000	2808558880.000000	5
3	71153941a	arith	head	arm_ratio	ir/tw	large	cycles:u	0.911492	0.889198	0.920832	5
3	71153941a	arith	head	absolute	tw	large	cycles:u	5713166545.000000	4333556206.000000	5905954088.000000	5
3	71153941a	arith	head	absolute	ir	large	cycles:u	5258454908.000000	3853389166.000000	5336873004.000000	5
3	71153941a	arith	head	per_pass	tw	-	cycles:u	11157.611992	8605.562880	11901.385184	5
3	71153941a	arith	head	fixed	tw	-	cycles:u	107429183.000000	-44738504.000000	166114271.000000	5
3	71153941a	arith	head	per_pass	ir	-	cycles:u	10075.703680	7517.879288	10550.883252	5
3	71153941a	arith	head	fixed	ir	-	cycles:u	163205071.000000	61431378.000000	358662852.000000	5
3	71153941a	arith	head	per_pass_gap	ir-tw	-	cycles:u	-1087.683592	-1684.076396	-825.675704	5
3	71153941a	arith	base>control	across_builds	tw	small	instructions:u	1.008444	1.008053	1.010084	5
3	71153941a	arith	base>control	across_builds	ir	small	instructions:u	1.009631	1.008273	1.012823	5
3	71153941a	arith	base>control	across_builds	tw	large	instructions:u	1.009901	1.008365	1.010508	5
3	71153941a	arith	base>control	across_builds	ir	large	instructions:u	1.009868	1.008125	1.010020	5
3	71153941a	arith	base>control	across_builds	tw	small	cycles:u	1.055876	1.005832	1.099858	5
3	71153941a	arith	base>control	across_builds	ir	small	cycles:u	1.079851	1.067763	1.092160	5
3	71153941a	arith	base>control	across_builds	tw	large	cycles:u	1.066357	1.027083	1.447419	5
3	71153941a	arith	base>control	across_builds	ir	large	cycles:u	1.081069	0.970792	1.094737	5
3	71153941a	arith	base>head	across_builds	tw	small	instructions:u	1.008394	1.006322	1.012080	5
3	71153941a	arith	base>head	across_builds	ir	small	instructions:u	1.009656	1.008253	1.009980	5
3	71153941a	arith	base>head	across_builds	tw	large	instructions:u	1.009907	1.006860	1.011288	5
3	71153941a	arith	base>head	across_builds	ir	large	instructions:u	1.009850	1.009822	1.010029	5
3	71153941a	arith	base>head	across_builds	tw	small	cycles:u	1.035027	0.975025	1.048151	5
3	71153941a	arith	base>head	across_builds	ir	small	cycles:u	1.035319	0.988050	1.058856	5
3	71153941a	arith	base>head	across_builds	tw	large	cycles:u	1.021909	0.982516	1.422351	5
3	71153941a	arith	base>head	across_builds	ir	large	cycles:u	1.025383	1.010505	1.042724	5
3	71153941a	compound	base	arm_ratio	ir/tw	small	instructions:u	0.734974	0.734944	0.734998	5
3	71153941a	compound	base	absolute	tw	small	instructions:u	7537251099.000000	7537132442.000000	7537419639.000000	5
3	71153941a	compound	base	absolute	ir	small	instructions:u	5539728613.000000	5539510627.000000	5539860790.000000	5
3	71153941a	compound	base	arm_ratio	ir/tw	large	instructions:u	0.732249	0.732230	0.732253	5
3	71153941a	compound	base	absolute	tw	large	instructions:u	14920899214.000000	14920792470.000000	14921118553.000000	5
3	71153941a	compound	base	absolute	ir	large	instructions:u	10925818069.000000	10925622003.000000	10925886066.000000	5
3	71153941a	compound	base	per_pass	tw	-	instructions:u	2953.436227	2953.349132	2953.559624	5
3	71153941a	compound	base	fixed	tw	-	instructions:u	153650121.000000	153233381.000000	154046808.000000	5
3	71153941a	compound	base	per_pass	ir	-	instructions:u	2154.438582	2154.377559	2154.522977	5
3	71153941a	compound	base	fixed	ir	-	instructions:u	153632159.000000	153203185.000000	153863755.000000	5
3	71153941a	compound	base	per_pass_gap	ir-tw	-	instructions:u	-798.997645	-799.136871	-798.905802	5
3	71153941a	compound	base	arm_ratio	ir/tw	small	cycles:u	0.670366	0.459815	0.988902	5
3	71153941a	compound	base	absolute	tw	small	cycles:u	2063193398.000000	1726226240.000000	2583149991.000000	5
3	71153941a	compound	base	absolute	ir	small	cycles:u	1184754489.000000	1081768350.000000	1822826827.000000	5
3	71153941a	compound	base	arm_ratio	ir/tw	large	cycles:u	0.638282	0.539151	0.724762	5
3	71153941a	compound	base	absolute	tw	large	cycles:u	3908491340.000000	3278337041.000000	4975738520.000000	5
3	71153941a	compound	base	absolute	ir	large	cycles:u	2119653837.000000	2092501983.000000	3606226123.000000	5
3	71153941a	compound	base	per_pass	tw	-	cycles:u	643.039884	486.057457	1252.981812	5
3	71153941a	compound	base	fixed	tw	-	cycles:u	199474199.000000	-1289170542.000000	848049755.000000	5
3	71153941a	compound	base	per_pass	ir	-	cycles:u	410.198916	363.098998	713.359718	5
3	71153941a	compound	base	fixed	ir	-	cycles:u	106131756.000000	39427531.000000	277006995.000000	5
3	71153941a	compound	base	per_pass_gap	ir-tw	-	cycles:u	-258.059462	-539.622094	-122.958460	5
3	71153941a	compound	control	arm_ratio	ir/tw	small	instructions:u	0.734318	0.734284	0.734347	5
3	71153941a	compound	control	absolute	tw	small	instructions:u	7537329528.000000	7537172008.000000	7537438983.000000	5
3	71153941a	compound	control	absolute	ir	small	instructions:u	5534869112.000000	5534542600.000000	5534987910.000000	5
3	71153941a	compound	control	arm_ratio	ir/tw	large	instructions:u	0.731569	0.731562	0.731574	5
3	71153941a	compound	control	absolute	tw	large	instructions:u	14921101072.000000	14920976426.000000	14921119070.000000	5
3	71153941a	compound	control	absolute	ir	large	instructions:u	10915749224.000000	10915724521.000000	10915833228.000000	5
3	71153941a	compound	control	per_pass	tw	-	instructions:u	2953.472035	2953.467338	2953.523120	5
3	71153941a	compound	control	fixed	tw	-	instructions:u	153661184.000000	153367590.000000	153758896.000000	5
3	71153941a	compound	control	per_pass	ir	-	instructions:u	2152.385646	2152.304526	2152.478004	5
3	71153941a	compound	control	fixed	ir	-	instructions:u	153904996.000000	153347589.000000	154226596.000000	5
3	71153941a	compound	control	per_pass_gap	ir-tw	-	instructions:u	-801.082840	-801.218595	-800.989333	5
3	71153941a	compound	control	arm_ratio	ir/tw	small	cycles:u	0.638861	0.529758	0.724015	5
3	71153941a	compound	control	absolute	tw	small	cycles:u	2057916786.000000	1704078642.000000	2472534531.000000	5
3	71153941a	compound	control	absolute	ir	small	cycles:u	1090198784.000000	1079804984.000000	1771968710.000000	5
3	71153941a	compound	control	arm_ratio	ir/tw	large	cycles:u	0.698727	0.587395	0.759721	5
3	71153941a	compound	control	absolute	tw	large	cycles:u	3570364096.000000	3276647248.000000	4992407526.000000	5
3	71153941a	compound	control	absolute	ir	large	cycles:u	2489339359.000000	2095583563.000000	3488331706.000000	5
3	71153941a	compound	control	per_pass	tw	-	cycles:u	680.451068	604.978924	1017.994783	5
3	71153941a	compound	control	fixed	tw	-	cycles:u	131510036.000000	-97566388.000000	545469476.000000	5
3	71153941a	compound	control	per_pass	ir	-	cycles:u	560.267827	402.806203	688.759145	5
3	71153941a	compound	control	fixed	ir	-	cycles:u	55605714.000000	-311999777.000000	83183277.000000	5
3	71153941a	compound	control	per_pass_gap	ir-tw	-	cycles:u	-232.728139	-331.449584	-68.759615	5
3	71153941a	compound	head	arm_ratio	ir/tw	small	instructions:u	0.734327	0.734303	0.734337	5
3	71153941a	compound	head	absolute	tw	small	instructions:u	7537242613.000000	7537201735.000000	7537335502.000000	5
3	71153941a	compound	head	absolute	ir	small	instructions:u	5534782255.000000	5534686066.000000	5534843006.000000	5
3	71153941a	compound	head	arm_ratio	ir/tw	large	instructions:u	0.731575	0.731573	0.731595	5
3	71153941a	compound	head	absolute	tw	large	instructions:u	14921017235.000000	14920910981.000000	14921150229.000000	5
3	71153941a	compound	head	absolute	ir	large	instructions:u	10915940444.000000	10915831494.000000	10916060100.000000	5
3	71153941a	compound	head	per_pass	tw	-	instructions:u	2953.509849	2953.441377	2953.579398	5
3	71153941a	compound	head	fixed	tw	-	instructions:u	153467991.000000	153253241.000000	153704097.000000	5
3	71153941a	compound	head	per_pass	ir	-	instructions:u	2152.441082	2152.403225	2152.541022	5
3	71153941a	compound	head	fixed	ir	-	instructions:u	153679550.000000	153333512.000000	153815368.000000	5
3	71153941a	compound	head	per_pass_gap	ir-tw	-	instructions:u	-801.106624	-801.140422	-800.924025	5
3	71153941a	compound	head	arm_ratio	ir/tw	small	cycles:u	0.673899	0.656456	0.738121	5
3	71153941a	compound	head	absolute	tw	small	cycles:u	1670348609.000000	1667769278.000000	2622204229.000000	5
3	71153941a	compound	head	absolute	ir	small	cycles:u	1159664788.000000	1094817481.000000	1935505013.000000	5
3	71153941a	compound	head	arm_ratio	ir/tw	large	cycles:u	0.664265	0.570273	0.750757	5
3	71153941a	compound	head	absolute	tw	large	cycles:u	3857847198.000000	3255310198.000000	4838835803.000000	5
3	71153941a	compound	head	absolute	ir	large	cycles:u	2468602040.000000	2162387363.000000	3414056772.000000	5
3	71153941a	compound	head	per_pass	tw	-	cycles:u	874.999436	635.016368	943.491410	5
3	71153941a	compound	head	fixed	tw	-	cycles:u	80228358.000000	-517149980.000000	405572655.000000	5
3	71153941a	compound	head	per_pass	ir	-	cycles:u	463.897144	416.143999	700.148140	5
3	71153941a	compound	head	fixed	ir	-	cycles:u	27247599.000000	-271111578.000000	775762154.000000	5
3	71153941a	compound	head	per_pass_gap	ir-tw	-	cycles:u	-243.343270	-458.855437	-99.285508	5
3	71153941a	compound	base>control	across_builds	tw	small	instructions:u	1.000008	1.000001	1.000015	5
3	71153941a	compound	base>control	across_builds	ir	small	instructions:u	0.999136	0.999040	0.999166	5
3	71153941a	compound	base>control	across_builds	tw	large	instructions:u	1.000015	0.999992	1.000021	5
3	71153941a	compound	base>control	across_builds	ir	large	instructions:u	0.999078	0.999071	0.999101	5
3	71153941a	compound	base>control	across_builds	tw	small	cycles:u	0.957178	0.825942	1.327750	5
3	71153941a	compound	base>control	across_builds	ir	small	cycles:u	0.961880	0.918899	1.007793	5
3	71153941a	compound	base>control	across_builds	tw	large	cycles:u	0.999485	0.913489	1.026095	5
3	71153941a	compound	base>control	across_builds	ir	large	cycles:u	0.988644	0.967308	1.189647	5
3	71153941a	compound	base>head	across_builds	tw	small	instructions:u	0.999997	0.999977	1.000027	5
3	71153941a	compound	base>head	across_builds	ir	small	instructions:u	0.999107	0.999094	0.999144	5
3	71153941a	compound	base>head	across_builds	tw	large	instructions:u	1.000002	0.999998	1.000019	5
3	71153941a	compound	base>head	across_builds	ir	large	instructions:u	0.999092	0.999090	0.999123	5
3	71153941a	compound	base>head	across_builds	tw	small	cycles:u	0.955713	0.709881	1.422572	5
3	71153941a	compound	base>head	across_builds	ir	small	cycles:u	1.002128	0.922538	1.061815	5
3	71153941a	compound	base>head	across_builds	tw	large	cycles:u	0.972486	0.841284	1.157183	5
3	71153941a	compound	base>head	across_builds	ir	large	cycles:u	1.033398	0.858307	1.171472	5
3	71153941a	dispatch	base	arm_ratio	ir/tw	small	instructions:u	0.952391	0.948439	0.952407	5
3	71153941a	dispatch	base	absolute	tw	small	instructions:u	16903752677.000000	16903617155.000000	16974047815.000000	5
3	71153941a	dispatch	base	absolute	ir	small	instructions:u	16098961203.000000	16098841684.000000	16099260749.000000	5
3	71153941a	dispatch	base	arm_ratio	ir/tw	large	instructions:u	0.952172	0.944025	0.954395	5
3	71153941a	dispatch	base	absolute	tw	large	instructions:u	33654938990.000000	33654618555.000000	33944768085.000000	5
3	71153941a	dispatch	base	absolute	ir	large	instructions:u	32044980838.000000	32044721976.000000	32120040107.000000	5
3	71153941a	dispatch	base	per_pass	tw	-	instructions:u	6700.474525	6672.228296	6816.460372	5
3	71153941a	dispatch	base	fixed	tw	-	instructions:u	152508927.000000	-137533774.999998	293477075.000000	5
3	71153941a	dispatch	base	per_pass	ir	-	instructions:u	6378.455662	6378.275303	6408.451041	5
3	71153941a	dispatch	base	fixed	ir	-	instructions:u	152702530.000000	77784901.000000	153345460.000000	5
3	71153941a	dispatch	base	per_pass_gap	ir-tw	-	instructions:u	-293.772634	-438.185069	-292.020559	5
3	71153941a	dispatch	base	arm_ratio	ir/tw	small	cycles:u	0.931099	0.917089	1.119265	5
3	71153941a	dispatch	base	absolute	tw	small	cycles:u	4289223012.000000	4251217785.000000	4328558070.000000	5
3	71153941a	dispatch	base	absolute	ir	small	cycles:u	3960290348.000000	3939958319.000000	4844801956.000000	5
3	71153941a	dispatch	base	arm_ratio	ir/tw	large	cycles:u	0.921288	0.916997	1.106568	5
3	71153941a	dispatch	base	absolute	tw	large	cycles:u	8571413149.000000	8431388989.000000	8736501020.000000	5
3	71153941a	dispatch	base	absolute	ir	large	cycles:u	7915921243.000000	7784968020.000000	9484850398.000000	5
3	71153941a	dispatch	base	per_pass	tw	-	cycles:u	1709.561144	1656.866391	1794.113294	5
3	71153941a	dispatch	base	fixed	tw	-	cycles:u	44423008.000000	-234065450.000000	167480333.000000	5
3	71153941a	dispatch	base	per_pass	ir	-	cycles:u	1582.252358	1176.066426	2165.242361	5
3	71153941a	dispatch	base	fixed	ir	-	cycles:u	4659453.000000	-1341361407.999999	1904635892.000000	5
3	71153941a	dispatch	base	per_pass_gap	ir-tw	-	cycles:u	-127.308786	-488.364669	446.647796	5
3	71153941a	dispatch	control	arm_ratio	ir/tw	small	instructions:u	0.951943	0.951920	0.951956	5
3	71153941a	dispatch	control	absolute	tw	small	instructions:u	16903956734.000000	16903750301.000000	16904174108.000000	5
3	71153941a	dispatch	control	absolute	ir	small	instructions:u	16091518932.000000	16091406612.000000	16091809108.000000	5
3	71153941a	dispatch	control	arm_ratio	ir/tw	large	instructions:u	0.951724	0.951720	0.953946	5
3	71153941a	dispatch	control	absolute	tw	large	instructions:u	33654912771.000000	33654783899.000000	33654967769.000000	5
3	71153941a	dispatch	control	absolute	ir	large	instructions:u	32030232340.000000	32030059826.000000	32104895720.000000	5
3	71153941a	dispatch	control	per_pass	tw	-	instructions:u	6700.404414	6700.271784	6700.414778	5
3	71153941a	dispatch	control	fixed	tw	-	instructions:u	152945699.000000	152716703.000000	153469916.000000	5
3	71153941a	dispatch	control	per_pass	ir	-	instructions:u	6375.464172	6375.416671	6405.234645	5
3	71153941a	dispatch	control	fixed	ir	-	instructions:u	152772242.000000	78722496.000000	152977254.000000	5
3	71153941a	dispatch	control	per_pass_gap	ir-tw	-	instructions:u	-324.874123	-324.998106	-295.037140	5
3	71153941a	dispatch	control	arm_ratio	ir/tw	small	cycles:u	0.987554	0.956364	1.001397	5
3	71153941a	dispatch	control	absolute	tw	small	cycles:u	4179966030.000000	4130106564.000000	6944695398.000000	5
3	71153941a	dispatch	control	absolute	ir	small	cycles:u	4127941566.000000	4031424699.000000	6730654198.000000	5
3	71153941a	dispatch	control	arm_ratio	ir/tw	large	cycles:u	0.979934	0.914379	0.992990	5
3	71153941a	dispatch	control	absolute	tw	large	cycles:u	8225284889.000000	8189107663.000000	13752413365.000000	5
3	71153941a	dispatch	control	absolute	ir	large	cycles:u	8084160476.000000	8042865738.000000	12574914805.000000	5
3	71153941a	dispatch	control	per_pass	tw	-	cycles:u	1622.626070	1603.656653	2723.087187	5
3	71153941a	dispatch	control	fixed	tw	-	cycles:u	136977431.000000	37924482.000000	184634795.000000	5
3	71153941a	dispatch	control	per_pass	ir	-	cycles:u	1619.682396	1547.328601	2337.704243	5
3	71153941a	dispatch	control	fixed	ir	-	cycles:u	171722656.000000	-17781290.000000	886393591.000000	5
3	71153941a	dispatch	control	per_pass_gap	ir-tw	-	cycles:u	-21.169089	-385.382944	7.389306	5
3	71153941a	dispatch	head	arm_ratio	ir/tw	small	instructions:u	0.951931	0.949411	0.953865	5
3	71153941a	dispatch	head	absolute	tw	small	instructions:u	16903934045.000000	16903720311.000000	16948868962.000000	5
3	71153941a	dispatch	head	absolute	ir	small	instructions:u	16091439426.000000	16091374098.000000	16123861648.000000	5
3	71153941a	dispatch	head	arm_ratio	ir/tw	large	instructions:u	0.951716	0.949323	0.951720	5
3	71153941a	dispatch	head	absolute	tw	large	instructions:u	33654880521.000000	33654758454.000000	33739963630.000000	5
3	71153941a	dispatch	head	absolute	ir	large	instructions:u	32029926936.000000	32029784508.000000	32030135777.000000	5
3	71153941a	dispatch	head	per_pass	tw	-	instructions:u	6700.408831	6682.404624	6734.353581	5
3	71153941a	dispatch	head	fixed	tw	-	instructions:u	152818297.000000	68195724.000000	242857403.000000	5
3	71153941a	dispatch	head	per_pass	ir	-	instructions:u	6375.372439	6362.369144	6375.497439	5
3	71153941a	dispatch	head	fixed	ir	-	instructions:u	152951916.000000	152648581.000000	217938788.000000	5
3	71153941a	dispatch	head	per_pass_gap	ir-tw	-	instructions:u	-325.088604	-358.856142	-307.009620	5
3	71153941a	dispatch	head	arm_ratio	ir/tw	small	cycles:u	0.954179	0.945937	1.625883	5
3	71153941a	dispatch	head	absolute	tw	small	cycles:u	4146763913.000000	4125867749.000000	4161651862.000000	5
3	71153941a	dispatch	head	absolute	ir	small	cycles:u	3950947514.000000	3922577364.000000	6758880533.000000	5
3	71153941a	dispatch	head	arm_ratio	ir/tw	large	cycles:u	0.960461	0.957040	1.086018	5
3	71153941a	dispatch	head	absolute	tw	large	cycles:u	8233698349.000000	8110602726.000000	9142282626.000000	5
3	71153941a	dispatch	head	absolute	ir	large	cycles:u	7883674694.000000	7789918959.000000	9928679047.000000	5
3	71153941a	dispatch	head	per_pass	tw	-	cycles:u	1633.243792	1593.893991	1994.091879	5
3	71153941a	dispatch	head	fixed	tw	-	cycles:u	78542383.000000	-828176770.000000	141132772.000000	5
3	71153941a	dispatch	head	per_pass	ir	-	cycles:u	1571.908165	1267.919406	1584.438932	5
3	71153941a	dispatch	head	fixed	ir	-	cycles:u	20439330.000000	-38519966.000000	3589082019.000000	5
3	71153941a	dispatch	head	per_pass_gap	ir-tw	-	cycles:u	-60.604296	-726.172474	-26.085995	5
3	71153941a	dispatch	base>control	across_builds	tw	small	instructions:u	1.000015	0.995859	1.000027	5
3	71153941a	dispatch	base>control	across_builds	ir	small	instructions:u	0.999533	0.999513	0.999559	5
3	71153941a	dispatch	base>control	across_builds	tw	large	instructions:u	0.999999	0.991461	1.000005	5
3	71153941a	dispatch	base>control	across_builds	ir	large	instructions:u	0.999540	0.997204	0.999542	5
3	71153941a	dispatch	base>control	across_builds	tw	small	cycles:u	0.971906	0.954153	1.633578	5
3	71153941a	dispatch	base>control	across_builds	ir	small	cycles:u	1.042333	0.846682	1.700388	5
3	71153941a	dispatch	base>control	across_builds	tw	large	cycles:u	0.968509	0.953083	1.574133	5
3	71153941a	dispatch	base>control	across_builds	ir	large	cycles:u	1.022863	0.851951	1.567774	5
3	71153941a	dispatch	base>head	across_builds	tw	small	instructions:u	1.000005	0.995869	1.002673	5
3	71153941a	dispatch	base>head	across_builds	ir	small	instructions:u	0.999536	0.999525	1.001547	5
3	71153941a	dispatch	base>head	across_builds	tw	large	instructions:u	0.999998	0.993638	1.000009	5
3	71153941a	dispatch	base>head	across_builds	ir	large	instructions:u	0.999526	0.997194	0.999545	5
3	71153941a	dispatch	base>head	across_builds	tw	small	cycles:u	0.965132	0.958001	0.977850	5
3	71153941a	dispatch	base>head	across_builds	ir	small	cycles:u	0.997455	0.809647	1.707519	5
3	71153941a	dispatch	base>head	across_builds	tw	large	cycles:u	0.962712	0.946239	1.046447	5
3	71153941a	dispatch	base>head	across_builds	ir	large	cycles:u	1.004505	0.821301	1.237855	5
3	71153941a	dispatchclass	base	arm_ratio	ir/tw	small	instructions:u	0.990626	0.988521	0.992769	5
3	71153941a	dispatchclass	base	absolute	tw	small	instructions:u	14087465747.000000	14087352027.000000	14117424153.000000	5
3	71153941a	dispatchclass	base	absolute	ir	small	instructions:u	13955575721.000000	13955355089.000000	13985490760.000000	5
3	71153941a	dispatchclass	base	arm_ratio	ir/tw	large	instructions:u	0.990591	0.986650	0.993599	5
3	71153941a	dispatchclass	base	absolute	tw	large	instructions:u	28082302667.000000	28022042213.000000	28142133214.000000	5
3	71153941a	dispatchclass	base	absolute	ir	large	instructions:u	27766424524.000000	27758176286.000000	27938277346.000000	5
3	71153941a	dispatchclass	base	per_pass	tw	-	instructions:u	6984.533347	6952.315523	7027.390594	5
3	71153941a	dispatchclass	base	fixed	tw	-	instructions:u	144169281.000000	32570840.000000	212793107.000000	5
3	71153941a	dispatchclass	base	per_pass	ir	-	instructions:u	6901.509498	6890.466882	6976.439006	5
3	71153941a	dispatchclass	base	fixed	ir	-	instructions:u	152344880.000000	32521324.000000	204556996.000000	5
3	71153941a	dispatchclass	base	per_pass_gap	ir-tw	-	instructions:u	-50.806026	-136.923712	-38.959460	5
3	71153941a	dispatchclass	base	arm_ratio	ir/tw	small	cycles:u	1.017216	0.982566	1.052116	5
3	71153941a	dispatchclass	base	absolute	tw	small	cycles:u	3714341779.000000	3696053520.000000	3852822577.000000	5
3	71153941a	dispatchclass	base	absolute	ir	small	cycles:u	3785651366.000000	3718905137.000000	3888678087.000000	5
3	71153941a	dispatchclass	base	arm_ratio	ir/tw	large	cycles:u	1.009261	0.997785	1.050928	5
3	71153941a	dispatchclass	base	absolute	tw	large	cycles:u	7471939270.000000	7325217868.000000	7588245272.000000	5
3	71153941a	dispatchclass	base	absolute	ir	large	cycles:u	7650813655.000000	7481311403.000000	7698275375.000000	5
3	71153941a	dispatchclass	base	per_pass	tw	-	cycles:u	1883.935675	1736.197645	1936.951746	5
3	71153941a	dispatchclass	base	fixed	tw	-	cycles:u	-63803432.000000	-159561714.000000	380427286.000000	5
3	71153941a	dispatchclass	base	per_pass	ir	-	cycles:u	1912.599747	1856.737421	1956.312005	5
3	71153941a	dispatchclass	base	fixed	ir	-	cycles:u	8118698.000000	-126972643.000000	126542519.000000	5
3	71153941a	dispatchclass	base	per_pass_gap	ir-tw	-	cycles:u	-5.016688	-27.198255	220.114359	5
3	71153941a	dispatchclass	control	arm_ratio	ir/tw	small	instructions:u	0.990341	0.988234	0.990352	5
3	71153941a	dispatchclass	control	absolute	tw	small	instructions:u	14085484498.000000	14085428787.000000	14115529233.000000	5
3	71153941a	dispatchclass	control	absolute	ir	small	instructions:u	13949441256.000000	13949325251.000000	13949561152.000000	5
3	71153941a	dispatchclass	control	arm_ratio	ir/tw	large	instructions:u	0.990279	0.988176	0.992150	5
3	71153941a	dispatchclass	control	absolute	tw	large	instructions:u	28018541408.000000	28018299475.000000	28078293534.000000	5
3	71153941a	dispatchclass	control	absolute	ir	large	instructions:u	27746298541.000000	27746165286.000000	27798357444.000000	5
3	71153941a	dispatchclass	control	per_pass	tw	-	instructions:u	6966.528455	6951.385121	6996.396311	5
3	71153941a	dispatchclass	control	fixed	tw	-	instructions:u	152400025.000000	92708288.000000	212758991.000000	5
3	71153941a	dispatchclass	control	per_pass	ir	-	instructions:u	6898.470326	6898.355688	6924.458094	5
3	71153941a	dispatchclass	control	fixed	ir	-	instructions:u	152441524.000000	100525068.000000	152826350.000000	5
3	71153941a	dispatchclass	control	per_pass_gap	ir-tw	-	instructions:u	-68.172767	-97.909666	-26.927027	5
3	71153941a	dispatchclass	control	arm_ratio	ir/tw	small	cycles:u	1.061849	1.022862	1.082995	5
3	71153941a	dispatchclass	control	absolute	tw	small	cycles:u	3551015877.000000	3529268098.000000	3718083509.000000	5
3	71153941a	dispatchclass	control	absolute	ir	small	cycles:u	3788986556.000000	3765809379.000000	3845731814.000000	5
3	71153941a	dispatchclass	control	arm_ratio	ir/tw	large	cycles:u	1.054356	1.032200	1.090373	5
3	71153941a	dispatchclass	control	absolute	tw	large	cycles:u	7168370157.000000	7026721531.000000	7243617251.000000	5
3	71153941a	dispatchclass	control	absolute	ir	large	cycles:u	7562377102.000000	7406638818.000000	7661744246.000000	5
3	71153941a	dispatchclass	control	per_pass	tw	-	cycles:u	1810.952308	1654.319011	1818.439918	5
3	71153941a	dispatchclass	control	fixed	tw	-	cycles:u	-30142421.000000	-75439075.000000	409445487.000000	5
3	71153941a	dispatchclass	control	per_pass	ir	-	cycles:u	1896.101965	1780.453502	1929.329765	5
3	71153941a	dispatchclass	control	fixed	ir	-	cycles:u	-26394551.000000	-55574816.000000	284824810.000000	5
3	71153941a	dispatchclass	control	per_pass_gap	ir-tw	-	cycles:u	85.149657	-31.831274	275.010754	5
3	71153941a	dispatchclass	head	arm_ratio	ir/tw	small	instructions:u	0.990367	0.988827	0.990376	5
3	71153941a	dispatchclass	head	absolute	tw	small	instructions:u	14085341197.000000	14085263274.000000	14107278292.000000	5
3	71153941a	dispatchclass	head	absolute	ir	small	instructions:u	13949657034.000000	13949595340.000000	13949716881.000000	5
3	71153941a	dispatchclass	head	arm_ratio	ir/tw	large	instructions:u	0.990299	0.988599	0.990589	5
3	71153941a	dispatchclass	head	absolute	tw	large	instructions:u	28018525224.000000	28018148156.000000	28070339970.000000	5
3	71153941a	dispatchclass	head	absolute	ir	large	instructions:u	27746534624.000000	27746293722.000000	27806175078.000000	5
3	71153941a	dispatchclass	head	per_pass	tw	-	instructions:u	6966.561598	6955.623466	6992.499386	5
3	71153941a	dispatchclass	head	fixed	tw	-	instructions:u	152140079.000000	100342424.000000	196031360.000000	5
3	71153941a	dispatchclass	head	per_pass	ir	-	instructions:u	6898.431964	6898.318344	6928.260870	5
3	71153941a	dispatchclass	head	fixed	ir	-	instructions:u	152839016.000000	93131598.000000	153072716.000000	5
3	71153941a	dispatchclass	head	per_pass_gap	ir-tw	-	instructions:u	-67.963709	-92.147507	-57.305122	5
3	71153941a	dispatchclass	head	arm_ratio	ir/tw	small	cycles:u	1.082125	1.035117	1.148642	5
3	71153941a	dispatchclass	head	absolute	tw	small	cycles:u	3835818950.000000	3685673643.000000	3911553797.000000	5
3	71153941a	dispatchclass	head	absolute	ir	small	cycles:u	4173274488.000000	4024159682.000000	4233520185.000000	5
3	71153941a	dispatchclass	head	arm_ratio	ir/tw	large	cycles:u	1.097779	1.085540	1.111569	5
3	71153941a	dispatchclass	head	absolute	tw	large	cycles:u	7441470223.000000	7241448632.000000	7505639375.000000	5
3	71153941a	dispatchclass	head	absolute	ir	large	cycles:u	8138806414.000000	8049367364.000000	8217640568.000000	5
3	71153941a	dispatchclass	head	per_pass	tw	-	cycles:u	1797.042789	1692.447576	1905.898032	5
3	71153941a	dispatchclass	head	fixed	tw	-	cycles:u	306314546.000000	-126122422.000000	471658326.000000	5
3	71153941a	dispatchclass	head	per_pass	ir	-	cycles:u	1980.750144	1938.046438	2084.363020	5
3	71153941a	dispatchclass	head	fixed	ir	-	cycles:u	246086700.000000	-119811512.000000	328233956.000000	5
3	71153941a	dispatchclass	head	per_pass_gap	ir-tw	-	cycles:u	245.598862	46.745082	287.320231	5
3	71153941a	dispatchclass	base>control	across_builds	tw	small	instructions:u	0.999863	0.998031	0.999866	5
3	71153941a	dispatchclass	base>control	across_builds	ir	small	instructions:u	0.999569	0.997418	0.999577	5
3	71153941a	dispatchclass	base>control	across_builds	tw	large	instructions:u	0.998579	0.997441	0.999875	5
3	71153941a	dispatchclass	base>control	across_builds	ir	large	instructions:u	0.999276	0.993128	1.001440	5
3	71153941a	dispatchclass	base>control	across_builds	tw	small	cycles:u	0.958680	0.936129	0.997976	5
3	71153941a	dispatchclass	base>control	across_builds	ir	small	cycles:u	1.000881	0.968403	1.022636	5
3	71153941a	dispatchclass	base>control	across_builds	tw	large	cycles:u	0.960338	0.927982	0.988860	5
3	71153941a	dispatchclass	base>control	across_builds	ir	large	cycles:u	0.990019	0.982347	1.015117	5
3	71153941a	dispatchclass	base>head	across_builds	tw	small	instructions:u	0.999848	0.997727	1.001414	5
3	71153941a	dispatchclass	base>head	across_builds	ir	small	instructions:u	0.999571	0.997438	0.999595	5
3	71153941a	dispatchclass	base>head	across_builds	tw	large	instructions:u	0.998153	0.995608	1.001723	5
3	71153941a	dispatchclass	base>head	across_builds	ir	large	instructions:u	0.999275	0.993131	1.001722	5
3	71153941a	dispatchclass	base>head	across_builds	tw	small	cycles:u	1.020458	0.997192	1.049905	5
3	71153941a	dispatchclass	base>head	across_builds	ir	small	cycles:u	1.088738	1.068029	1.102393	5
3	71153941a	dispatchclass	base>head	across_builds	tw	large	cycles:u	0.988564	0.980658	1.011072	5
3	71153941a	dispatchclass	base>head	across_builds	ir	large	cycles:u	1.066667	1.045607	1.088769	5
3	71153941a	emptyloop	base	arm_ratio	ir/tw	small	instructions:u	0.860389	0.860304	0.860456	5
3	71153941a	emptyloop	base	absolute	tw	small	instructions:u	5639813969.000000	5639713545.000000	5640167601.000000	5
3	71153941a	emptyloop	base	absolute	ir	small	instructions:u	4852435104.000000	4852257781.000000	4852723102.000000	5
3	71153941a	emptyloop	base	arm_ratio	ir/tw	large	instructions:u	0.858463	0.858440	0.858472	5
3	71153941a	emptyloop	base	absolute	tw	large	instructions:u	11127530513.000000	11127369917.000000	11127605532.000000	5
3	71153941a	emptyloop	base	absolute	ir	large	instructions:u	9552552676.000000	9552333399.000000	9552627856.000000	5
3	71153941a	emptyloop	base	per_pass	tw	-	instructions:u	439.012510	438.989033	439.019084	5
3	71153941a	emptyloop	base	fixed	tw	-	instructions:u	152089825.000000	152057173.000000	152804689.000000	5
3	71153941a	emptyloop	base	per_pass	ir	-	instructions:u	376.007118	375.982662	376.025335	5
3	71153941a	emptyloop	base	fixed	ir	-	instructions:u	152374736.000000	151941091.000000	152939831.000000	5
3	71153941a	emptyloop	base	per_pass_gap	ir-tw	-	instructions:u	-62.998290	-63.029848	-62.963698	5
3	71153941a	emptyloop	base	arm_ratio	ir/tw	small	cycles:u	0.810763	0.695281	1.021187	5
3	71153941a	emptyloop	base	absolute	tw	small	cycles:u	1014364822.000000	1011487319.000000	1182785709.000000	5
3	71153941a	emptyloop	base	absolute	ir	small	cycles:u	822368672.000000	820076823.000000	1034666314.000000	5
3	71153941a	emptyloop	base	arm_ratio	ir/tw	large	cycles:u	0.807029	0.795631	0.879428	5
3	71153941a	emptyloop	base	absolute	tw	large	cycles:u	1960619250.000000	1954495616.000000	1970198031.000000	5
3	71153941a	emptyloop	base	absolute	ir	large	cycles:u	1577334740.000000	1565361136.000000	1725821611.000000	5
3	71153941a	emptyloop	base	per_pass	tw	-	cycles:u	75.845709	62.118722	76.559852	5
3	71153941a	emptyloop	base	fixed	tw	-	cycles:u	66293456.000000	56201737.000000	406301689.000000	5
3	71153941a	emptyloop	base	per_pass	ir	-	cycles:u	60.420621	42.630754	71.281427	5
3	71153941a	emptyloop	base	fixed	ir	-	cycles:u	66819226.000000	-56214075.000000	501781892.000000	5
3	71153941a	emptyloop	base	per_pass_gap	ir-tw	-	cycles:u	-14.274540	-33.929098	4.652673	5
3	71153941a	emptyloop	control	arm_ratio	ir/tw	small	instructions:u	0.858149	0.858132	0.858166	5
3	71153941a	emptyloop	control	absolute	tw	small	instructions:u	5639969153.000000	5639872471.000000	5639993968.000000	5
3	71153941a	emptyloop	control	absolute	ir	small	instructions:u	4839937234.000000	4839835237.000000	4840008384.000000	5
3	71153941a	emptyloop	control	arm_ratio	ir/tw	large	instructions:u	0.856213	0.856188	0.856224	5
3	71153941a	emptyloop	control	absolute	tw	large	instructions:u	11127412776.000000	11127314835.000000	11127638387.000000	5
3	71153941a	emptyloop	control	absolute	ir	large	instructions:u	9527437736.000000	9527351413.000000	9527471166.000000	5
3	71153941a	emptyloop	control	per_pass	tw	-	instructions:u	439.003224	438.989198	439.013539	5
3	71153941a	emptyloop	control	fixed	tw	-	instructions:u	152416717.000000	152299919.000000	152614804.000000	5
3	71153941a	emptyloop	control	per_pass	ir	-	instructions:u	374.999462	374.994348	375.007733	5
3	71153941a	emptyloop	control	fixed	ir	-	instructions:u	152453982.000000	152277838.000000	152579032.000000	5
3	71153941a	emptyloop	control	per_pass_gap	ir-tw	-	instructions:u	-64.003762	-64.012245	-63.985507	5
3	71153941a	emptyloop	control	arm_ratio	ir/tw	small	cycles:u	0.815561	0.767253	0.842236	5
3	71153941a	emptyloop	control	absolute	tw	small	cycles:u	1012246593.000000	1010269434.000000	1068927209.000000	5
3	71153941a	emptyloop	control	absolute	ir	small	cycles:u	826906217.000000	820137996.000000	852418965.000000	5
3	71153941a	emptyloop	control	arm_ratio	ir/tw	large	cycles:u	0.804228	0.744868	0.940845	5
3	71153941a	emptyloop	control	absolute	tw	large	cycles:u	1958458981.000000	1950850354.000000	2134333767.000000	5
3	71153941a	emptyloop	control	absolute	ir	large	cycles:u	1589796426.000000	1574638032.000000	1842606258.000000	5
3	71153941a	emptyloop	control	per_pass	tw	-	cycles:u	75.656290	75.246474	89.807782	5
3	71153941a	emptyloop	control	fixed	tw	-	cycles:u	66542964.000000	-110860777.000000	69688514.000000	5
3	71153941a	emptyloop	control	per_pass	ir	-	cycles:u	61.260530	57.777525	81.256003	5
3	71153941a	emptyloop	control	fixed	ir	-	cycles:u	54579162.000000	-188793824.000000	130199898.000000	5
3	71153941a	emptyloop	control	per_pass_gap	ir-tw	-	cycles:u	-17.376048	-30.793703	5.692126	5
3	71153941a	emptyloop	head	arm_ratio	ir/tw	small	instructions:u	0.858147	0.858130	0.858185	5
3	71153941a	emptyloop	head	absolute	tw	small	instructions:u	5639950556.000000	5639805211.000000	5640096732.000000	5
3	71153941a	emptyloop	head	absolute	ir	small	instructions:u	4840030049.000000	4839684864.000000	4840097597.000000	5
3	71153941a	emptyloop	head	arm_ratio	ir/tw	large	instructions:u	0.856229	0.856205	0.856234	5
3	71153941a	emptyloop	head	absolute	tw	large	instructions:u	11127431044.000000	11127314715.000000	11127606585.000000	5
3	71153941a	emptyloop	head	absolute	ir	large	instructions:u	9527526451.000000	9527484723.000000	9527744165.000000	5
3	71153941a	emptyloop	head	per_pass	tw	-	instructions:u	438.994899	438.989133	439.024110	5
3	71153941a	emptyloop	head	fixed	tw	-	instructions:u	152586397.000000	152003837.000000	152660500.000000	5
3	71153941a	emptyloop	head	per_pass	ir	-	instructions:u	375.011309	374.994938	375.025979	5
3	71153941a	emptyloop	head	fixed	ir	-	instructions:u	152315933.000000	151860132.000000	152611277.000000	5
3	71153941a	emptyloop	head	per_pass_gap	ir-tw	-	instructions:u	-63.993457	-63.998131	-63.977769	5
3	71153941a	emptyloop	head	arm_ratio	ir/tw	small	cycles:u	0.814680	0.782049	0.995191	5
3	71153941a	emptyloop	head	absolute	tw	small	cycles:u	1016993274.000000	1012059077.000000	1050718763.000000	5
3	71153941a	emptyloop	head	absolute	ir	small	cycles:u	825857666.000000	821713675.000000	1007192284.000000	5
3	71153941a	emptyloop	head	arm_ratio	ir/tw	large	cycles:u	0.813101	0.768071	0.935431	5
3	71153941a	emptyloop	head	absolute	tw	large	cycles:u	1957131770.000000	1954874705.000000	2073839732.000000	5
3	71153941a	emptyloop	head	absolute	ir	large	cycles:u	1593505275.000000	1566463464.000000	1828649587.000000	5
3	71153941a	emptyloop	head	per_pass	tw	-	cycles:u	75.459811	74.698880	81.849678	5
3	71153941a	emptyloop	head	fixed	tw	-	cycles:u	70153965.000000	27597794.000000	87402711.000000	5
3	71153941a	emptyloop	head	per_pass	ir	-	cycles:u	61.411809	51.266222	79.361993	5
3	71153941a	emptyloop	head	fixed	ir	-	cycles:u	58210057.000000	-155400249.000000	366364512.000000	5
3	71153941a	emptyloop	head	per_pass_gap	ir-tw	-	cycles:u	-16.190603	-24.339594	4.663114	5
3	71153941a	emptyloop	base>control	across_builds	tw	small	instructions:u	1.000015	0.999948	1.000045	5
3	71153941a	emptyloop	base>control	across_builds	ir	small	instructions:u	0.997419	0.997344	0.997463	5
3	71153941a	emptyloop	base>control	across_builds	tw	large	instructions:u	0.999989	0.999979	1.000024	5
3	71153941a	emptyloop	base>control	across_builds	ir	large	instructions:u	0.997367	0.997363	0.997397	5
3	71153941a	emptyloop	base>control	across_builds	tw	small	cycles:u	0.995963	0.903737	1.000751	5
3	71153941a	emptyloop	base>control	across_builds	ir	small	cycles:u	0.997287	0.799201	1.039438	5
3	71153941a	emptyloop	base>control	across_builds	tw	large	cycles:u	0.998639	0.994042	1.092013	5
3	71153941a	emptyloop	base>control	across_builds	ir	large	cycles:u	1.005926	0.919036	1.175468	5
3	71153941a	emptyloop	base>head	across_builds	tw	small	instructions:u	0.999998	0.999956	1.000053	5
3	71153941a	emptyloop	base>head	across_builds	ir	small	instructions:u	0.997418	0.997372	0.997494	5
3	71153941a	emptyloop	base>head	across_builds	tw	large	instructions:u	0.999993	0.999986	1.000005	5
3	71153941a	emptyloop	base>head	across_builds	ir	large	instructions:u	0.997395	0.997372	0.997403	5
3	71153941a	emptyloop	base>head	across_builds	tw	small	cycles:u	1.000326	0.859829	1.035839	5
3	71153941a	emptyloop	base>head	across_builds	ir	small	cycles:u	1.004243	0.797937	1.228168	5
3	71153941a	emptyloop	base>head	across_builds	tw	large	cycles:u	1.000194	0.993123	1.056768	5
3	71153941a	emptyloop	base>head	across_builds	ir	large	cycles:u	0.999306	0.922955	1.159329	5
3	71153941a	rexxcps	base	arm_ratio	ir/tw	small	instructions:u	0.815454	0.815409	0.815479	5
3	71153941a	rexxcps	base	absolute	tw	small	instructions:u	27469289057.000000	27468588644.000000	27471104793.000000	5
3	71153941a	rexxcps	base	absolute	ir	small	instructions:u	22400111562.000000	22399932266.000000	22400407200.000000	5
3	71153941a	rexxcps	base	arm_ratio	ir/tw	small	cycles:u	0.833809	0.747938	0.835580	5
3	71153941a	rexxcps	base	absolute	tw	small	cycles:u	7988617735.000000	7959033520.000000	12670540027.000000	5
3	71153941a	rexxcps	base	absolute	ir	small	cycles:u	6650410678.000000	6566494881.000000	9476776428.000000	5
3	71153941a	rexxcps	control	arm_ratio	ir/tw	small	instructions:u	0.814991	0.814950	0.815034	5
3	71153941a	rexxcps	control	absolute	tw	small	instructions:u	27477197296.000000	27476170700.000000	27479136834.000000	5
3	71153941a	rexxcps	control	absolute	ir	small	instructions:u	22394025144.000000	22393661043.000000	22394133424.000000	5
3	71153941a	rexxcps	control	arm_ratio	ir/tw	small	cycles:u	0.820133	0.553438	0.825705	5
3	71153941a	rexxcps	control	absolute	tw	small	cycles:u	7972011328.000000	7911002192.000000	11863256432.000000	5
3	71153941a	rexxcps	control	absolute	ir	small	cycles:u	6557279570.000000	6488073081.000000	6566180158.000000	5
3	71153941a	rexxcps	head	arm_ratio	ir/tw	small	instructions:u	0.816466	0.816126	0.816522	5
3	71153941a	rexxcps	head	absolute	tw	small	instructions:u	27700597558.000000	27698744723.000000	27712124747.000000	5
3	71153941a	rexxcps	head	absolute	ir	small	instructions:u	22616577430.000000	22616482318.000000	22616630882.000000	5
3	71153941a	rexxcps	head	arm_ratio	ir/tw	small	cycles:u	0.816223	0.807866	0.822554	5
3	71153941a	rexxcps	head	absolute	tw	small	cycles:u	8046567487.000000	8002561331.000000	12460485798.000000	5
3	71153941a	rexxcps	head	absolute	ir	small	cycles:u	6560836591.000000	6507908612.000000	10249425547.000000	5
3	71153941a	rexxcps	base>control	across_builds	tw	small	instructions:u	1.000313	1.000194	1.000369	5
3	71153941a	rexxcps	base>control	across_builds	ir	small	instructions:u	0.999726	0.999717	0.999737	5
3	71153941a	rexxcps	base>control	across_builds	tw	small	cycles:u	0.997535	0.632831	1.485020	5
3	71153941a	rexxcps	base>control	across_builds	ir	small	cycles:u	0.985678	0.687839	0.998597	5
3	71153941a	rexxcps	base>head	across_builds	tw	small	instructions:u	1.008446	1.008307	1.008774	5
3	71153941a	rexxcps	base>head	across_builds	ir	small	instructions:u	1.009666	1.009646	1.009670	5
3	71153941a	rexxcps	base>head	across_builds	tw	small	cycles:u	1.005665	0.983422	1.008263	5
3	71153941a	rexxcps	base>head	across_builds	ir	small	cycles:u	0.986531	0.979408	1.081531	5
3	71153941a	strings	base	arm_ratio	ir/tw	small	instructions:u	0.666502	0.665300	0.666518	5
3	71153941a	strings	base	absolute	tw	small	instructions:u	16570196780.000000	16569999356.000000	16600082748.000000	5
3	71153941a	strings	base	absolute	ir	small	instructions:u	11044094156.000000	11043948286.000000	11044252246.000000	5
3	71153941a	strings	base	arm_ratio	ir/tw	large	instructions:u	0.664980	0.664978	0.664985	5
3	71153941a	strings	base	absolute	tw	large	instructions:u	32988858914.000000	32988709629.000000	32988984653.000000	5
3	71153941a	strings	base	absolute	ir	large	instructions:u	21936965707.000000	21936900896.000000	21937010389.000000	5
3	71153941a	strings	base	per_pass	tw	-	instructions:u	10945.765849	10925.874794	10945.906372	5
3	71153941a	strings	base	fixed	tw	-	instructions:u	151490859.000000	151139798.000000	211270557.000000	5
3	71153941a	strings	base	per_pass	ir	-	instructions:u	7261.896235	7261.814559	7262.041402	5
3	71153941a	strings	base	fixed	ir	-	instructions:u	151249804.000000	150886183.000000	151513858.000000	5
3	71153941a	strings	base	per_pass_gap	ir-tw	-	instructions:u	-3683.932328	-3684.091813	-3663.919690	5
3	71153941a	strings	base	arm_ratio	ir/tw	small	cycles:u	0.562961	0.530920	0.585006	5
3	71153941a	strings	base	absolute	tw	small	cycles:u	3882834691.000000	3691063499.000000	3960305203.000000	5
3	71153941a	strings	base	absolute	ir	small	cycles:u	2102603473.000000	2077923237.000000	2271481864.000000	5
3	71153941a	strings	base	arm_ratio	ir/tw	large	cycles:u	0.541249	0.510142	0.552553	5
3	71153941a	strings	base	absolute	tw	large	cycles:u	7510745322.000000	7343467793.000000	8001182276.000000	5
3	71153941a	strings	base	absolute	ir	large	cycles:u	4065186532.000000	4057656673.000000	4081742556.000000	5
3	71153941a	strings	base	per_pass	tw	-	cycles:u	2434.936196	2349.904266	2745.565057	5
3	71153941a	strings	base	fixed	tw	-	cycles:u	63803847.000000	-235512894.000000	409865084.000000	5
3	71153941a	strings	base	per_pass	ir	-	cycles:u	1308.147119	1206.840461	1319.822291	5
3	71153941a	strings	base	fixed	ir	-	cycles:u	140020414.000000	98189801.000000	461221172.000000	5
3	71153941a	strings	base	per_pass_gap	ir-tw	-	cycles:u	-1115.113905	-1538.724595	-1041.757147	5
3	71153941a	strings	control	arm_ratio	ir/tw	small	instructions:u	0.666050	0.664850	0.666057	5
3	71153941a	strings	control	absolute	tw	small	instructions:u	16570330157.000000	16570032359.000000	16600156074.000000	5
3	71153941a	strings	control	absolute	ir	small	instructions:u	11036619765.000000	11036466648.000000	11036719461.000000	5
3	71153941a	strings	control	arm_ratio	ir/tw	large	instructions:u	0.664518	0.664515	0.664528	5
3	71153941a	strings	control	absolute	tw	large	instructions:u	32989047041.000000	32988712569.000000	32989192223.000000	5
3	71153941a	strings	control	absolute	ir	large	instructions:u	21921813910.000000	21921791030.000000	21921920395.000000	5
3	71153941a	strings	control	per_pass	tw	-	instructions:u	10945.708334	10925.955849	10946.009788	5
3	71153941a	strings	control	fixed	tw	-	instructions:u	151646187.000000	151017677.000000	211222301.000000	5
3	71153941a	strings	control	per_pass	ir	-	instructions:u	7256.799086	7256.729633	7256.890682	5
3	71153941a	strings	control	fixed	ir	-	instructions:u	151431697.000000	151130625.000000	151625012.000000	5
3	71153941a	strings	control	per_pass_gap	ir-tw	-	instructions:u	-3688.978701	-3689.119106	-3669.174231	5
3	71153941a	strings	control	arm_ratio	ir/tw	small	cycles:u	0.532204	0.508753	0.621081	5
3	71153941a	strings	control	absolute	tw	small	cycles:u	3908747714.000000	3749712687.000000	4058545271.000000	5
3	71153941a	strings	control	absolute	ir	small	cycles:u	2076057948.000000	2064795948.000000	2328877007.000000	5
3	71153941a	strings	control	arm_ratio	ir/tw	large	cycles:u	0.555632	0.532683	0.579393	5
3	71153941a	strings	control	absolute	tw	large	cycles:u	7438240422.000000	7400322579.000000	7740002538.000000	5
3	71153941a	strings	control	absolute	ir	large	cycles:u	4128463623.000000	4111854501.000000	4309666846.000000	5
3	71153941a	strings	control	per_pass	tw	-	cycles:u	2433.739928	2342.800921	2552.717947	5
3	71153941a	strings	control	fixed	tw	-	cycles:u	377088004.000000	-72411487.000000	409837660.000000	5
3	71153941a	strings	control	per_pass	ir	-	cycles:u	1372.115231	1188.651663	1493.010662	5
3	71153941a	strings	control	fixed	ir	-	cycles:u	6623102.000000	-169365140.000000	545899513.000000	5
3	71153941a	strings	control	per_pass_gap	ir-tw	-	cycles:u	-1082.189614	-1245.088265	-849.790259	5
3	71153941a	strings	head	arm_ratio	ir/tw	small	instructions:u	0.666599	0.666582	0.666614	5
3	71153941a	strings	head	absolute	tw	small	instructions:u	16597033316.000000	16596997994.000000	16597514367.000000	5
3	71153941a	strings	head	absolute	ir	small	instructions:u	11063605493.000000	11063572485.000000	11063807905.000000	5
3	71153941a	strings	head	arm_ratio	ir/tw	large	instructions:u	0.665075	0.665072	0.665078	5
3	71153941a	strings	head	absolute	tw	large	instructions:u	33042996907.000000	33042936487.000000	33043063683.000000	5
3	71153941a	strings	head	absolute	ir	large	instructions:u	21976076820.000000	21975963123.000000	21976219655.000000	5
3	71153941a	strings	head	per_pass	tw	-	instructions:u	10963.935447	10963.699544	10963.999275	5
3	71153941a	strings	head	fixed	tw	-	instructions:u	151130145.000000	150999081.000000	151965051.000002	5
3	71153941a	strings	head	per_pass	ir	-	instructions:u	7274.927092	7274.847771	7275.097303	5
3	71153941a	strings	head	fixed	ir	-	instructions:u	151182698.000000	150927745.000000	151536248.000000	5
3	71153941a	strings	head	per_pass_gap	ir-tw	-	instructions:u	-3689.008355	-3689.130612	-3688.751014	5
3	71153941a	strings	head	arm_ratio	ir/tw	small	cycles:u	0.535364	0.530202	0.544728	5
3	71153941a	strings	head	absolute	tw	small	cycles:u	3873977358.000000	3839588120.000000	3940859171.000000	5
3	71153941a	strings	head	absolute	ir	small	cycles:u	2072187411.000000	2058727722.000000	2111848972.000000	5
3	71153941a	strings	head	arm_ratio	ir/tw	large	cycles:u	0.527975	0.525739	0.549798	5
3	71153941a	strings	head	absolute	tw	large	cycles:u	7717163948.000000	7600589107.000000	7798507897.000000	5
3	71153941a	strings	head	absolute	ir	large	cycles:u	4082622295.000000	4070360307.000000	4237389994.000000	5
3	71153941a	strings	head	per_pass	tw	-	cycles:u	2553.529061	2507.333991	2635.354920	5
3	71153941a	strings	head	fixed	tw	-	cycles:u	46595219.000000	-107556863.000000	139542450.000000	5
3	71153941a	strings	head	per_pass	ir	-	cycles:u	1340.289923	1320.605457	1417.027348	5
3	71153941a	strings	head	fixed	ir	-	cycles:u	55074495.000000	-13692050.000000	108543937.000000	5
3	71153941a	strings	head	per_pass_gap	ir-tw	-	cycles:u	-1213.605691	-1265.372311	-1136.501713	5
3	71153941a	strings	base>control	across_builds	tw	small	instructions:u	1.000006	0.998199	1.001808	5
3	71153941a	strings	base>control	across_builds	ir	small	instructions:u	0.999323	0.999302	0.999336	5
3	71153941a	strings	base>control	across_builds	tw	large	instructions:u	1.000006	0.999994	1.000007	5
3	71153941a	strings	base>control	across_builds	ir	large	instructions:u	0.999311	0.999306	0.999314	5
3	71153941a	strings	base>control	across_builds	tw	small	cycles:u	0.990843	0.959475	1.099560	5
3	71153941a	strings	base>control	across_builds	ir	small	cycles:u	0.989626	0.913966	1.051107	5
3	71153941a	strings	base>control	across_builds	tw	large	cycles:u	0.990347	0.948078	1.053998	5
3	71153941a	strings	base>control	across_builds	ir	large	cycles:u	1.016096	1.011251	1.060140	5
3	71153941a	strings	base>head	across_builds	tw	small	instructions:u	1.001625	0.999826	1.001646	5
3	71153941a	strings	base>head	across_builds	ir	small	instructions:u	1.001769	1.001765	1.001777	5
3	71153941a	strings	base>head	across_builds	tw	large	instructions:u	1.001641	1.001639	1.001646	5
3	71153941a	strings	base>head	across_builds	ir	large	instructions:u	1.001782	1.001776	1.001789	5
3	71153941a	strings	base>head	across_builds	tw	small	cycles:u	1.001671	0.978937	1.040239	5
3	71153941a	strings	base>head	across_builds	ir	small	cycles:u	0.982263	0.919863	1.004397	5
3	71153941a	strings	base>head	across_builds	tw	large	cycles:u	1.026154	0.967629	1.043936	5
3	71153941a	strings	base>head	across_builds	ir	large	cycles:u	1.006153	0.997211	1.042361	5
3	71153941a	varlookup	base	arm_ratio	ir/tw	small	instructions:u	0.505098	0.505074	0.505100	5
3	71153941a	varlookup	base	absolute	tw	small	instructions:u	16834351066.000000	16834183107.000000	16834643391.000000	5
3	71153941a	varlookup	base	absolute	ir	small	instructions:u	8502930359.000000	8502723836.000000	8503042818.000000	5
3	71153941a	varlookup	base	arm_ratio	ir/tw	large	instructions:u	0.502839	0.502837	0.502848	5
3	71153941a	varlookup	base	absolute	tw	large	instructions:u	33516344520.000000	33516236821.000000	33516735286.000000	5
3	71153941a	varlookup	base	absolute	ir	large	instructions:u	16853516265.000000	16853269504.000000	16853620322.000000	5
3	71153941a	varlookup	base	per_pass	tw	-	instructions:u	1755.993192	1755.971665	1756.058124	5
3	71153941a	varlookup	base	fixed	tw	-	instructions:u	152465311.000000	151630928.000000	152912573.000000	5
3	71153941a	varlookup	base	per_pass	ir	-	instructions:u	879.006768	878.972246	879.036795	5
3	71153941a	varlookup	base	fixed	ir	-	instructions:u	152240396.000000	151874283.000000	152806484.999999	5
3	71153941a	varlookup	base	per_pass_gap	ir-tw	-	instructions:u	-876.990438	-877.051356	-876.951179	5
3	71153941a	varlookup	base	arm_ratio	ir/tw	small	cycles:u	0.422033	0.352064	0.455453	5
3	71153941a	varlookup	base	absolute	tw	small	cycles:u	3093014689.000000	3069420038.000000	3685614419.000000	5
3	71153941a	varlookup	base	absolute	ir	small	cycles:u	1297573467.000000	1295397365.000000	1426293167.000000	5
3	71153941a	varlookup	base	arm_ratio	ir/tw	large	cycles:u	0.410518	0.362004	0.482858	5
3	71153941a	varlookup	base	absolute	tw	large	cycles:u	6114795503.000000	6090884214.000000	6974053809.000000	5
3	71153941a	varlookup	base	absolute	ir	large	cycles:u	2524637912.000000	2500648559.000000	2941031897.000000	5
3	71153941a	varlookup	base	per_pass	tw	-	cycles:u	318.048861	255.703272	408.530434	5
3	71153941a	varlookup	base	fixed	tw	-	cycles:u	67504306.000000	-788024431.000000	1256433335.000000	5
3	71153941a	varlookup	base	per_pass	ir	-	cycles:u	127.073094	114.803824	173.224688	5
3	71153941a	varlookup	base	fixed	ir	-	cycles:u	93252605.000000	-350237167.000000	335656842.000000	5
3	71153941a	varlookup	base	per_pass_gap	ir-tw	-	cycles:u	-189.646573	-281.457340	-125.325554	5
3	71153941a	varlookup	control	arm_ratio	ir/tw	small	instructions:u	0.503967	0.503963	0.503979	5
3	71153941a	varlookup	control	absolute	tw	small	instructions:u	16834437549.000000	16834325116.000000	16834595321.000000	5
3	71153941a	varlookup	control	absolute	ir	small	instructions:u	8483977058.000000	8483897309.000000	8484210223.000000	5
3	71153941a	varlookup	control	arm_ratio	ir/tw	large	instructions:u	0.501708	0.501703	0.501713	5
3	71153941a	varlookup	control	absolute	tw	large	instructions:u	33516363561.000000	33516344208.000000	33516572317.000000	5
3	71153941a	varlookup	control	absolute	ir	large	instructions:u	16815474925.000000	16815348861.000000	16815594876.000000	5
3	71153941a	varlookup	control	per_pass	tw	-	instructions:u	1755.997784	1755.975604	1756.020218	5
3	71153941a	varlookup	control	fixed	tw	-	instructions:u	152386308.000000	152133044.999998	152827081.000000	5
3	71153941a	varlookup	control	per_pass	ir	-	instructions:u	876.987858	876.984033	877.008282	5
3	71153941a	varlookup	control	fixed	ir	-	instructions:u	152605255.000000	152318626.000000	152825570.000000	5
3	71153941a	varlookup	control	per_pass_gap	ir-tw	-	instructions:u	-879.003441	-879.033712	-878.989502	5
3	71153941a	varlookup	control	arm_ratio	ir/tw	small	cycles:u	0.405298	0.362229	0.422080	5
3	71153941a	varlookup	control	absolute	tw	small	cycles:u	3170397839.000000	3089556692.000000	3655419058.000000	5
3	71153941a	varlookup	control	absolute	ir	small	cycles:u	1292387996.000000	1284955608.000000	1324098327.000000	5
3	71153941a	varlookup	control	arm_ratio	ir/tw	large	cycles:u	0.417038	0.391027	0.438694	5
3	71153941a	varlookup	control	absolute	tw	large	cycles:u	6186014214.000000	6144318860.000000	6457570147.000000	5
3	71153941a	varlookup	control	absolute	ir	large	cycles:u	2568705742.000000	2515693606.000000	2754004458.000000	5
3	71153941a	varlookup	control	per_pass	tw	-	cycles:u	316.553088	294.963273	325.942897	5
3	71153941a	varlookup	control	fixed	tw	-	cycles:u	181397898.000000	-6900830.000000	853267969.000000	5
3	71153941a	varlookup	control	per_pass	ir	-	cycles:u	135.131593	126.419473	154.359555	5
3	71153941a	varlookup	control	fixed	ir	-	cycles:u	1205474.000000	-178827084.000000	123113329.000000	5
3	71153941a	varlookup	control	per_pass_gap	ir-tw	-	cycles:u	-179.499980	-190.549231	-162.193533	5
3	71153941a	varlookup	head	arm_ratio	ir/tw	small	instructions:u	0.503964	0.503963	0.503974	5
3	71153941a	varlookup	head	absolute	tw	small	instructions:u	16834394186.000000	16834217461.000000	16834438444.000000	5
3	71153941a	varlookup	head	absolute	ir	small	instructions:u	8483935155.000000	8483915706.000000	8484017514.000000	5
3	71153941a	varlookup	head	arm_ratio	ir/tw	large	instructions:u	0.501708	0.501707	0.501711	5
3	71153941a	varlookup	head	absolute	tw	large	instructions:u	33516458644.000000	33516308437.000000	33516835731.000000	5
3	71153941a	varlookup	head	absolute	ir	large	instructions:u	16815496560.000000	16815448551.000000	16815632408.000000	5
3	71153941a	varlookup	head	per_pass	tw	-	instructions:u	1756.016665	1755.990974	1756.044688	5
3	71153941a	varlookup	head	fixed	tw	-	instructions:u	152059140.000002	151986657.000002	152479935.000000	5
3	71153941a	varlookup	head	per_pass	ir	-	instructions:u	877.005825	876.994122	877.020763	5
3	71153941a	varlookup	head	fixed	ir	-	instructions:u	152375847.000000	152237902.000001	152560235.000000	5
3	71153941a	varlookup	head	per_pass_gap	ir-tw	-	instructions:u	-879.022543	-879.028675	-878.982463	5
3	71153941a	varlookup	head	arm_ratio	ir/tw	small	cycles:u	0.415252	0.396134	0.485586	5
3	71153941a	varlookup	head	absolute	tw	small	cycles:u	3140095173.000000	3116133298.000000	3247966309.000000	5
3	71153941a	varlookup	head	absolute	ir	small	cycles:u	1297562070.000000	1277196078.000000	1535203026.000000	5
3	71153941a	varlookup	head	arm_ratio	ir/tw	large	cycles:u	0.416213	0.390577	0.460484	5
3	71153941a	varlookup	head	absolute	tw	large	cycles:u	6147954737.000000	6080614437.000000	6417965484.000000	5
3	71153941a	varlookup	head	absolute	ir	large	cycles:u	2530828912.000000	2505878602.000000	2831032247.000000	5
3	71153941a	varlookup	head	per_pass	tw	-	cycles:u	312.050646	306.376343	345.038980	5
3	71153941a	varlookup	head	fixed	tw	-	cycles:u	151652159.000000	-137775138.000000	337391053.000000	5
3	71153941a	varlookup	head	per_pass	ir	-	cycles:u	128.341827	108.498488	163.561702	5
3	71153941a	varlookup	head	fixed	ir	-	cycles:u	67383892.000000	-276640091.000000	504467393.000000	5
3	71153941a	varlookup	head	per_pass_gap	ir-tw	-	cycles:u	-182.233084	-218.430601	-153.951792	5
3	71153941a	varlookup	base>control	across_builds	tw	small	instructions:u	1.000011	0.999981	1.000013	5
3	71153941a	varlookup	base>control	across_builds	ir	small	instructions:u	0.997791	0.997759	0.997798	5
3	71153941a	varlookup	base>control	across_builds	tw	large	instructions:u	1.000001	0.999988	1.000010	5
3	71153941a	varlookup	base>control	across_builds	ir	large	instructions:u	0.997744	0.997739	0.997754	5
3	71153941a	varlookup	base>control	across_builds	tw	small	cycles:u	1.007999	0.887363	1.167272	5
3	71153941a	varlookup	base>control	across_builds	ir	small	cycles:u	0.992305	0.928349	1.006671	5
3	71153941a	varlookup	base>control	across_builds	tw	large	cycles:u	1.015618	0.883188	1.042270	5
3	71153941a	varlookup	base>control	across_builds	ir	large	cycles:u	1.006016	0.894476	1.085895	5
3	71153941a	varlookup	base>head	across_builds	tw	small	instructions:u	0.999999	0.999982	1.000014	5
3	71153941a	varlookup	base>head	across_builds	ir	small	instructions:u	0.997774	0.997751	0.997798	5
3	71153941a	varlookup	base>head	across_builds	tw	large	instructions:u	1.000003	0.999999	1.000007	5
3	71153941a	varlookup	base>head	across_builds	ir	large	instructions:u	0.997752	0.997735	0.997760	5
3	71153941a	varlookup	base>head	across_builds	tw	small	cycles:u	1.009728	0.857808	1.050097	5
3	71153941a	varlookup	base>head	across_builds	ir	small	cycles:u	1.000471	0.895465	1.183134	5
3	71153941a	varlookup	base>head	across_builds	tw	large	cycles:u	0.994667	0.883065	1.053700	5
3	71153941a	varlookup	base>head	across_builds	ir	large	cycles:u	1.011741	0.852324	1.124796	5
4	310677e47	alloc4c	base	arm_ratio	ir/tw	small	instructions:u	0.710285	0.710229	0.710317	5
4	310677e47	alloc4c	base	absolute	tw	small	instructions:u	2952617613.000000	2952513591.000000	2952707196.000000	5
4	310677e47	alloc4c	base	absolute	ir	small	instructions:u	2097199449.000000	2097099393.000000	2097269825.000000	5
4	310677e47	alloc4c	base	arm_ratio	ir/tw	large	instructions:u	0.709314	0.709302	0.709335	5
4	310677e47	alloc4c	base	absolute	tw	large	instructions:u	5885955459.000000	5885771416.000000	5886224013.000000	5
4	310677e47	alloc4c	base	absolute	ir	large	instructions:u	4174977715.000000	4174949042.000000	4175189675.000000	5
4	310677e47	alloc4c	base	per_pass	tw	-	instructions:u	5866.654698	5866.307606	5867.420844	5
4	310677e47	alloc4c	base	fixed	tw	-	instructions:u	19379847.000000	18803169.000000	19463810.000000	5
4	310677e47	alloc4c	base	per_pass	ir	-	instructions:u	4155.594528	4155.390666	4155.955916	5
4	310677e47	alloc4c	base	fixed	ir	-	instructions:u	19354514.000000	19221071.000000	19574492.000000	5
4	310677e47	alloc4c	base	per_pass_gap	ir-tw	-	instructions:u	-1710.966950	-1711.464928	-1710.740798	5
4	310677e47	alloc4c	base	arm_ratio	ir/tw	small	cycles:u	0.756690	0.743278	0.787323	5
4	310677e47	alloc4c	base	absolute	tw	small	cycles:u	994932321.000000	989114568.000000	1017267834.000000	5
4	310677e47	alloc4c	base	absolute	ir	small	cycles:u	748508833.000000	740919943.000000	800918318.000000	5
4	310677e47	alloc4c	base	arm_ratio	ir/tw	large	cycles:u	0.768011	0.734263	0.777598	5
4	310677e47	alloc4c	base	absolute	tw	large	cycles:u	2264112312.000000	2233915806.000000	2353187658.000000	5
4	310677e47	alloc4c	base	absolute	ir	large	cycles:u	1727857474.000000	1715262865.000000	1760570281.000000	5
4	310677e47	alloc4c	base	per_pass	tw	-	cycles:u	2548.667708	2433.295944	2728.146180	5
4	310677e47	alloc4c	base	fixed	tw	-	cycles:u	-279401533.000000	-374958522.000000	-199380138.000000	5
4	310677e47	alloc4c	base	per_pass	ir	-	cycles:u	1957.569676	1828.689094	2024.122896	5
4	310677e47	alloc4c	base	fixed	ir	-	cycles:u	-235706780.000000	-263552615.000000	-113426229.000000	5
4	310677e47	alloc4c	base	per_pass_gap	ir-tw	-	cycles:u	-595.890256	-764.581926	-525.724332	5
4	310677e47	alloc4c	head	arm_ratio	ir/tw	small	instructions:u	0.710373	0.710319	0.710441	5
4	310677e47	alloc4c	head	absolute	tw	small	instructions:u	2952181750.000000	2952006231.000000	2952301483.000000	5
4	310677e47	alloc4c	head	absolute	ir	small	instructions:u	2097179195.000000	2097026680.000000	2097270793.000000	5
4	310677e47	alloc4c	head	arm_ratio	ir/tw	large	instructions:u	0.709435	0.709400	0.709477	5
4	310677e47	alloc4c	head	absolute	tw	large	instructions:u	5884910602.000000	5884761458.000000	5885052512.000000	5
4	310677e47	alloc4c	head	absolute	ir	large	instructions:u	4174940409.000000	4174856836.000000	4175207193.000000	5
4	310677e47	alloc4c	head	per_pass	tw	-	instructions:u	5865.332216	5865.159416	5866.092562	5
4	310677e47	alloc4c	head	fixed	tw	-	instructions:u	19580130.000000	18959950.000000	19692364.000000	5
4	310677e47	alloc4c	head	per_pass	ir	-	instructions:u	4155.644464	4155.280634	4156.261072	5
4	310677e47	alloc4c	head	fixed	ir	-	instructions:u	19417981.000000	18946121.000000	19576443.000000	5
4	310677e47	alloc4c	head	per_pass_gap	ir-tw	-	instructions:u	-1709.878782	-1710.432250	-1708.957166	5
4	310677e47	alloc4c	head	arm_ratio	ir/tw	small	cycles:u	0.735224	0.694605	0.841946	5
4	310677e47	alloc4c	head	absolute	tw	small	cycles:u	1000825167.000000	973825953.000000	1046018130.000000	5
4	310677e47	alloc4c	head	absolute	ir	small	cycles:u	726569052.000000	717177662.000000	846893959.000000	5
4	310677e47	alloc4c	head	arm_ratio	ir/tw	large	cycles:u	0.789237	0.777404	0.796403	5
4	310677e47	alloc4c	head	absolute	tw	large	cycles:u	2233381453.000000	2206053903.000000	2259348451.000000	5
4	310677e47	alloc4c	head	absolute	ir	large	cycles:u	1762668372.000000	1723123000.000000	1783752082.000000	5
4	310677e47	alloc4c	head	per_pass	tw	-	cycles:u	2464.455900	2426.660642	2503.088908	5
4	310677e47	alloc4c	head	fixed	tw	-	cycles:u	-231654332.000000	-269707455.000000	-167312191.000000	5
4	310677e47	alloc4c	head	per_pass	ir	-	cycles:u	2038.004430	1864.446980	2114.366060	5
4	310677e47	alloc4c	head	fixed	ir	-	cycles:u	-301824553.000000	-330613978.000000	-85329531.000000	5
4	310677e47	alloc4c	head	per_pass_gap	ir-tw	-	cycles:u	-426.954568	-591.683288	-312.294582	5
4	310677e47	alloc4c	base>head	across_builds	tw	small	instructions:u	0.999874	0.999783	0.999888	5
4	310677e47	alloc4c	base>head	across_builds	ir	small	instructions:u	0.999990	0.999884	1.000082	5
4	310677e47	alloc4c	base>head	across_builds	tw	large	instructions:u	0.999822	0.999752	0.999854	5
4	310677e47	alloc4c	base>head	across_builds	ir	large	instructions:u	0.999990	0.999920	1.000062	5
4	310677e47	alloc4c	base>head	across_builds	tw	small	cycles:u	0.988802	0.976925	1.057451	5
4	310677e47	alloc4c	base>head	across_builds	ir	small	cycles:u	0.970689	0.929657	1.057404	5
4	310677e47	alloc4c	base>head	across_builds	tw	large	cycles:u	0.985212	0.949055	1.000012	5
4	310677e47	alloc4c	base>head	across_builds	ir	large	cycles:u	1.005585	1.001988	1.037227	5
4	310677e47	arith	base	arm_ratio	ir/tw	small	instructions:u	0.926573	0.925190	0.928665	5
4	310677e47	arith	base	absolute	tw	small	instructions:u	7020450172.000000	7004536785.000000	7030856345.000000	5
4	310677e47	arith	base	absolute	ir	small	instructions:u	6504881405.000000	6503776604.000000	6505111090.000000	5
4	310677e47	arith	base	arm_ratio	ir/tw	large	instructions:u	0.916574	0.914538	0.918014	5
4	310677e47	arith	base	absolute	tw	large	instructions:u	13920466694.000000	13898674994.000000	13951627525.000000	5
4	310677e47	arith	base	absolute	ir	large	instructions:u	12759293870.000000	12759140309.000000	12759526027.000000	5
4	310677e47	arith	base	per_pass	tw	-	instructions:u	27592.467800	27558.441396	27750.800200	5
4	310677e47	arith	base	fixed	tw	-	instructions:u	110398576.000000	76227425.000000	141245996.000000	5
4	310677e47	arith	base	per_pass	ir	-	instructions:u	25017.659748	25017.035616	25022.069064	5
4	310677e47	arith	base	fixed	ir	-	instructions:u	250551615.000000	248259338.000000	250696153.000000	5
4	310677e47	arith	base	per_pass_gap	ir-tw	-	instructions:u	-2574.808052	-2728.731136	-2541.405780	5
4	310677e47	arith	base	arm_ratio	ir/tw	small	cycles:u	0.930231	0.896342	0.950978	5
4	310677e47	arith	base	absolute	tw	small	cycles:u	2167436281.000000	2153771411.000000	2215112372.000000	5
4	310677e47	arith	base	absolute	ir	small	cycles:u	2014992064.000000	1985498026.000000	2061184351.000000	5
4	310677e47	arith	base	arm_ratio	ir/tw	large	cycles:u	0.918826	0.909800	0.956027	5
4	310677e47	arith	base	absolute	tw	large	cycles:u	4246523978.000000	4213556744.000000	4253107513.000000	5
4	310677e47	arith	base	absolute	ir	large	cycles:u	3898999711.000000	3863489028.000000	4028274339.000000	5
4	310677e47	arith	base	per_pass	tw	-	cycles:u	8289.412628	8151.980564	8331.500532	5
4	310677e47	arith	base	fixed	tw	-	cycles:u	93986078.000000	81374564.000000	177117231.000000	5
4	310677e47	arith	base	per_pass	ir	-	cycles:u	7517.470976	7209.218708	8142.984224	5
4	310677e47	arith	base	fixed	ir	-	cycles:u	138991963.000000	-43217773.000000	258879674.000000	5
4	310677e47	arith	base	per_pass_gap	ir-tw	-	cycles:u	-771.941652	-1107.132080	-96.157108	5
4	310677e47	arith	head	arm_ratio	ir/tw	small	instructions:u	0.927388	0.924884	0.928801	5
4	310677e47	arith	head	absolute	tw	small	instructions:u	7013987466.000000	7003656885.000000	7032119632.000000	5
4	310677e47	arith	head	absolute	ir	small	instructions:u	6504787220.000000	6503638455.000000	6505094332.000000	5
4	310677e47	arith	head	arm_ratio	ir/tw	large	instructions:u	0.916653	0.914784	0.916992	5
4	310677e47	arith	head	absolute	tw	large	instructions:u	13917109521.000000	13898968091.000000	13950593708.000000	5
4	310677e47	arith	head	absolute	ir	large	instructions:u	12761665602.000000	12740527777.000000	12761777590.000000	5
4	310677e47	arith	head	per_pass	tw	-	instructions:u	27650.931864	27467.393836	27746.424968	5
4	310677e47	arith	head	fixed	tw	-	instructions:u	91643589.000000	77381224.000000	165271173.000000	5
4	310677e47	arith	head	per_pass	ir	-	instructions:u	25026.285080	24946.522808	25032.556540	5
4	310677e47	arith	head	fixed	ir	-	instructions:u	248523062.000000	245499320.000000	267266373.000000	5
4	310677e47	arith	head	per_pass_gap	ir-tw	-	instructions:u	-2624.646784	-2713.868428	-2520.871028	5
4	310677e47	arith	head	arm_ratio	ir/tw	small	cycles:u	0.903111	0.891171	0.908911	5
4	310677e47	arith	head	absolute	tw	small	cycles:u	2281217586.000000	2259409454.000000	2296227447.000000	5
4	310677e47	arith	head	absolute	ir	small	cycles:u	2055102759.000000	2046331516.000000	2064455148.000000	5
4	310677e47	arith	head	arm_ratio	ir/tw	large	cycles:u	0.891192	0.881235	0.897141	5
4	310677e47	arith	head	absolute	tw	large	cycles:u	4481469575.000000	4450510893.000000	4519442818.000000	5
4	310677e47	arith	head	absolute	ir	large	cycles:u	4004726235.000000	3966260655.000000	4020509246.000000	5
4	310677e47	arith	head	per_pass	tw	-	cycles:u	8870.005304	8683.404060	8892.861484	5
4	310677e47	arith	head	fixed	tw	-	cycles:u	73012076.000000	41908128.000000	108808863.000000	5
4	310677e47	arith	head	per_pass	ir	-	cycles:u	7804.500376	7629.896772	7824.216392	5
4	310677e47	arith	head	fixed	ir	-	cycles:u	108401050.000000	100135526.000000	151312269.000000	5
4	310677e47	arith	head	per_pass_gap	ir-tw	-	cycles:u	-1065.504928	-1147.416732	-976.791564	5
4	310677e47	arith	base>head	across_builds	tw	small	instructions:u	0.999028	0.996234	1.003938	5
4	310677e47	arith	base>head	across_builds	ir	small	instructions:u	0.999950	0.999797	1.000188	5
4	310677e47	arith	base>head	across_builds	tw	large	instructions:u	1.000021	0.997511	1.000306	5
4	310677e47	arith	base>head	across_builds	ir	large	instructions:u	1.000185	0.998538	1.000198	5
4	310677e47	arith	base>head	across_builds	tw	small	cycles:u	1.053326	1.036619	1.059173	5
4	310677e47	arith	base>head	across_builds	ir	small	cycles:u	1.021734	0.997049	1.036098	5
4	310677e47	arith	base>head	across_builds	tw	large	cycles:u	1.060851	1.047888	1.063584	5
4	310677e47	arith	base>head	across_builds	ir	large	cycles:u	1.019344	0.998072	1.037940	5
4	310677e47	compound	base	arm_ratio	ir/tw	small	instructions:u	0.734310	0.734285	0.734329	5
4	310677e47	compound	base	absolute	tw	small	instructions:u	7537327607.000000	7537215736.000000	7537485714.000000	5
4	310677e47	compound	base	absolute	ir	small	instructions:u	5534708573.000000	5534547729.000000	5534798837.000000	5
4	310677e47	compound	base	arm_ratio	ir/tw	large	instructions:u	0.731581	0.731573	0.731585	5
4	310677e47	compound	base	absolute	tw	large	instructions:u	14921053185.000000	14920869215.000000	14921248529.000000	5
4	310677e47	compound	base	absolute	ir	large	instructions:u	10915961852.000000	10915802955.000000	10916131568.000000	5
4	310677e47	compound	base	per_pass	tw	-	instructions:u	2953.484756	2953.353400	2953.613117	5
4	310677e47	compound	base	fixed	tw	-	instructions:u	153613773.000000	153182943.000000	154102213.000000	5
4	310677e47	compound	base	per_pass	ir	-	instructions:u	2152.487738	2152.449456	2152.572942	5
4	310677e47	compound	base	fixed	ir	-	instructions:u	153516788.000000	153115373.000000	153555673.000000	5
4	310677e47	compound	base	per_pass_gap	ir-tw	-	instructions:u	-800.991504	-801.080025	-800.903944	5
4	310677e47	compound	base	arm_ratio	ir/tw	small	cycles:u	0.655497	0.584860	0.665111	5
4	310677e47	compound	base	absolute	tw	small	cycles:u	1665990748.000000	1647422039.000000	1858152569.000000	5
4	310677e47	compound	base	absolute	ir	small	cycles:u	1092051497.000000	1086759992.000000	1095718862.000000	5
4	310677e47	compound	base	arm_ratio	ir/tw	large	cycles:u	0.646352	0.638335	0.647163	5
4	310677e47	compound	base	absolute	tw	large	cycles:u	3249653814.000000	3233855914.000000	3271948549.000000	5
4	310677e47	compound	base	absolute	ir	large	cycles:u	2091227573.000000	2088599029.000000	2105791769.000000	5
4	310677e47	compound	base	per_pass	tw	-	cycles:u	631.648834	558.292136	642.383120	5
4	310677e47	compound	base	fixed	tw	-	cycles:u	76905671.000000	60032947.000000	462422229.000000	5
4	310677e47	compound	base	per_pass	ir	-	cycles:u	398.952858	397.796330	407.612711	5
4	310677e47	compound	base	fixed	ir	-	cycles:u	95503965.000000	67728215.000000	101228036.000000	5
4	310677e47	compound	base	per_pass_gap	ir-tw	-	cycles:u	-232.695976	-243.764108	-150.679425	5
4	310677e47	compound	head	arm_ratio	ir/tw	small	instructions:u	0.734313	0.734255	0.734321	5
4	310677e47	compound	head	absolute	tw	small	instructions:u	7537357987.000000	7537263485.000000	7537578339.000000	5
4	310677e47	compound	head	absolute	ir	small	instructions:u	5534768871.000000	5534501504.000000	5534833825.000000	5
4	310677e47	compound	head	arm_ratio	ir/tw	large	instructions:u	0.731576	0.731571	0.731583	5
4	310677e47	compound	head	absolute	tw	large	instructions:u	14921051081.000000	14920817706.000000	14921068138.000000	5
4	310677e47	compound	head	absolute	ir	large	instructions:u	10915825561.000000	10915809863.000000	10915888115.000000	5
4	310677e47	compound	head	per_pass	tw	-	instructions:u	2953.421688	2953.392279	2953.494894	5
4	310677e47	compound	head	fixed	tw	-	instructions:u	153780933.000000	153593670.000000	154097642.000000	5
4	310677e47	compound	head	per_pass	ir	-	instructions:u	2152.418110	2152.390415	2152.553725	5
4	310677e47	compound	head	fixed	ir	-	instructions:u	153723595.000000	153117192.000000	153857787.000000	5
4	310677e47	compound	head	per_pass_gap	ir-tw	-	instructions:u	-800.982915	-801.063614	-800.838554	5
4	310677e47	compound	head	arm_ratio	ir/tw	small	cycles:u	0.663602	0.656878	0.678839	5
4	310677e47	compound	head	absolute	tw	small	cycles:u	1646174090.000000	1642813075.000000	1671372562.000000	5
4	310677e47	compound	head	absolute	ir	small	cycles:u	1097596132.000000	1087752761.000000	1129526150.000000	5
4	310677e47	compound	head	arm_ratio	ir/tw	large	cycles:u	0.649569	0.617716	0.658617	5
4	310677e47	compound	head	absolute	tw	large	cycles:u	3244160221.000000	3207887878.000000	3415829267.000000	5
4	310677e47	compound	head	absolute	ir	large	cycles:u	2111215855.000000	2107306055.000000	2118127595.000000	5
4	310677e47	compound	head	per_pass	tw	-	cycles:u	640.082359	617.592069	697.782682	5
4	310677e47	compound	head	fixed	tw	-	cycles:u	43748425.000000	-73084143.000000	119927532.000000	5
4	310677e47	compound	head	per_pass	ir	-	cycles:u	406.549874	392.932156	409.385238	5
4	310677e47	compound	head	fixed	ir	-	cycles:u	77064669.000000	64289667.000000	147195760.000000	5
4	310677e47	compound	head	per_pass_gap	ir-tw	-	cycles:u	-233.532486	-292.932832	-221.071909	5
4	310677e47	compound	base>head	across_builds	tw	small	instructions:u	1.000004	0.999979	1.000048	5
4	310677e47	compound	base>head	across_builds	ir	small	instructions:u	1.000005	0.999946	1.000043	5
4	310677e47	compound	base>head	across_builds	tw	large	instructions:u	0.999987	0.999974	1.000013	5
4	310677e47	compound	base>head	across_builds	ir	large	instructions:u	0.999986	0.999977	1.000008	5
4	310677e47	compound	base>head	across_builds	tw	small	cycles:u	0.997202	0.884725	1.004758	5
4	310677e47	compound	base>head	across_builds	ir	small	cycles:u	1.003838	0.996278	1.032620	5
4	310677e47	compound	base>head	across_builds	tw	large	cycles:u	0.997012	0.991573	1.043974	5
4	310677e47	compound	base>head	across_builds	ir	large	cycles:u	1.009865	1.000719	1.013357	5
4	310677e47	dispatch	base	arm_ratio	ir/tw	small	instructions:u	0.951925	0.949833	0.951942	5
4	310677e47	dispatch	base	absolute	tw	small	instructions:u	16903996994.000000	16903887072.000000	16941339953.000000	5
4	310677e47	dispatch	base	absolute	ir	small	instructions:u	16091484080.000000	16091341731.000000	16091518771.000000	5
4	310677e47	dispatch	base	arm_ratio	ir/tw	large	instructions:u	0.951726	0.949609	0.953651	5
4	310677e47	dispatch	base	absolute	tw	large	instructions:u	33654958307.000000	33654602273.000000	33729943027.000000	5
4	310677e47	dispatch	base	absolute	ir	large	instructions:u	32030150746.000000	32029948177.000000	32095090073.000000	5
4	310677e47	dispatch	base	per_pass	tw	-	instructions:u	6700.350907	6685.447342	6730.366321	5
4	310677e47	dispatch	base	fixed	tw	-	instructions:u	153009805.000000	77985838.000000	227721599.000000	5
4	310677e47	dispatch	base	per_pass	ir	-	instructions:u	6375.461353	6375.439387	6401.461842	5
4	310677e47	dispatch	base	fixed	ir	-	instructions:u	152735285.000002	87780865.000000	152920303.000000	5
4	310677e47	dispatch	base	per_pass_gap	ir-tw	-	instructions:u	-324.799533	-354.904968	-283.985500	5
4	310677e47	dispatch	base	arm_ratio	ir/tw	small	cycles:u	0.970240	0.961289	1.000438	5
4	310677e47	dispatch	base	absolute	tw	small	cycles:u	4087889412.000000	4058800934.000000	4090154652.000000	5
4	310677e47	dispatch	base	absolute	ir	small	cycles:u	3968431242.000000	3922335316.000000	4090938972.000000	5
4	310677e47	dispatch	base	arm_ratio	ir/tw	large	cycles:u	0.964020	0.840888	0.987300	5
4	310677e47	dispatch	base	absolute	tw	large	cycles:u	8163345812.000000	8048982126.000000	9280492440.000000	5
4	310677e47	dispatch	base	absolute	ir	large	cycles:u	7869625008.000000	7803856673.000000	7946758306.000000	5
4	310677e47	dispatch	base	per_pass	tw	-	cycles:u	1633.762681	1583.530990	2076.537092	5
4	310677e47	dispatch	base	fixed	tw	-	cycles:u	-25605769.000000	-1102193018.000000	131327178.000000	5
4	310677e47	dispatch	base	per_pass	ir	-	cycles:u	1562.912298	1485.167080	1591.330826	5
4	310677e47	dispatch	base	fixed	ir	-	cycles:u	15054572.000000	-9895822.000000	378021271.000000	5
4	310677e47	dispatch	base	per_pass_gap	ir-tw	-	cycles:u	-75.464706	-591.370011	7.799836	5
4	310677e47	dispatch	head	arm_ratio	ir/tw	small	instructions:u	0.951929	0.950115	0.951936	5
4	310677e47	dispatch	head	absolute	tw	small	instructions:u	16904019606.000000	16903841587.000000	16936287337.000000	5
4	310677e47	dispatch	head	absolute	ir	small	instructions:u	16091416906.000000	16091315794.000000	16091549263.000000	5
4	310677e47	dispatch	head	arm_ratio	ir/tw	large	instructions:u	0.951717	0.949876	0.953649	5
4	310677e47	dispatch	head	absolute	tw	large	instructions:u	33654860726.000000	33654691755.000000	33719993803.000000	5
4	310677e47	dispatch	head	absolute	ir	large	instructions:u	32029839621.000000	32029665489.000000	32094888315.000000	5
4	310677e47	dispatch	head	per_pass	tw	-	instructions:u	6700.268860	6687.429356	6726.433630	5
4	310677e47	dispatch	head	fixed	tw	-	instructions:u	153347457.000000	87825651.000000	217713948.000000	5
4	310677e47	dispatch	head	per_pass	ir	-	instructions:u	6375.394088	6375.246823	6401.410693	5
4	310677e47	dispatch	head	fixed	ir	-	instructions:u	152925119.000000	87834851.000000	153431375.000000	5
4	310677e47	dispatch	head	per_pass_gap	ir-tw	-	instructions:u	-314.174011	-351.039543	-298.978582	5
4	310677e47	dispatch	head	arm_ratio	ir/tw	small	cycles:u	0.968143	0.961676	0.973191	5
4	310677e47	dispatch	head	absolute	tw	small	cycles:u	4088824516.000000	4062061070.000000	4130843278.000000	5
4	310677e47	dispatch	head	absolute	ir	small	cycles:u	3959620366.000000	3935503141.000000	3994658306.000000	5
4	310677e47	dispatch	head	arm_ratio	ir/tw	large	cycles:u	0.977481	0.952129	0.980361	5
4	310677e47	dispatch	head	absolute	tw	large	cycles:u	8076807280.000000	8023217193.000000	8218854751.000000	5
4	310677e47	dispatch	head	absolute	ir	large	cycles:u	7854110992.000000	7825406486.000000	7907670302.000000	5
4	310677e47	dispatch	head	per_pass	tw	-	cycles:u	1580.280925	1574.095529	1662.717472	5
4	310677e47	dispatch	head	fixed	tw	-	cycles:u	138631729.000000	-94732611.000000	195604456.000000	5
4	310677e47	dispatch	head	per_pass	ir	-	cycles:u	1564.969228	1548.897972	1574.055393	5
4	310677e47	dispatch	head	fixed	ir	-	cycles:u	76699210.000000	16895290.000000	82235235.000000	5
4	310677e47	dispatch	head	per_pass_gap	ir-tw	-	cycles:u	-23.748630	-113.819500	-0.040136	5
4	310677e47	dispatch	base>head	across_builds	tw	small	instructions:u	0.999997	0.997797	1.001628	5
4	310677e47	dispatch	base>head	across_builds	ir	small	instructions:u	0.999998	0.999990	1.000007	5
4	310677e47	dispatch	base>head	across_builds	tw	large	instructions:u	0.999992	0.997774	1.001943	5
4	310677e47	dispatch	base>head	across_builds	ir	large	instructions:u	0.999985	0.997967	1.002022	5
4	310677e47	dispatch	base>head	across_builds	tw	small	cycles:u	1.000229	0.993375	1.017750	5
4	310677e47	dispatch	base>head	across_builds	ir	small	cycles:u	0.998965	0.966321	1.009506	5
4	310677e47	dispatch	base>head	across_builds	tw	large	cycles:u	0.990529	0.885605	1.003457	5
4	310677e47	dispatch	base>head	across_builds	ir	large	cycles:u	1.001651	0.995007	1.004481	5
4	310677e47	dispatchclass	base	arm_ratio	ir/tw	small	instructions:u	0.990345	0.990063	0.990358	5
4	310677e47	dispatchclass	base	absolute	tw	small	instructions:u	14085472470.000000	14085354641.000000	14089421514.000000	5
4	310677e47	dispatchclass	base	absolute	ir	small	instructions:u	13949501278.000000	13949378388.000000	13949550063.000000	5
4	310677e47	dispatchclass	base	arm_ratio	ir/tw	large	instructions:u	0.990293	0.986650	0.990300	5
4	310677e47	dispatchclass	base	absolute	tw	large	instructions:u	28018312484.000000	28018056913.000000	28174308498.000000	5
4	310677e47	dispatchclass	base	absolute	ir	large	instructions:u	27746331012.000000	27746287194.000000	27798191896.000000	5
4	310677e47	dispatchclass	base	per_pass	tw	-	instructions:u	6966.406066	6964.445485	7044.418014	5
4	310677e47	dispatchclass	base	fixed	tw	-	instructions:u	152542508.000000	-3363558.000000	160530544.000000	5
4	310677e47	dispatchclass	base	per_pass	ir	-	instructions:u	6898.402392	6898.368565	6924.406754	5
4	310677e47	dispatchclass	base	fixed	ir	-	instructions:u	152696494.000000	100564880.000000	152812932.000000	5
4	310677e47	dispatchclass	base	per_pass_gap	ir-tw	-	instructions:u	-68.006978	-120.011260	-65.984079	5
4	310677e47	dispatchclass	base	arm_ratio	ir/tw	small	cycles:u	1.032336	0.811992	1.061503	5
4	310677e47	dispatchclass	base	absolute	tw	small	cycles:u	3537869151.000000	3464086777.000000	4513963525.000000	5
4	310677e47	dispatchclass	base	absolute	ir	small	cycles:u	3665301933.000000	3642049223.000000	3677138360.000000	5
4	310677e47	dispatchclass	base	arm_ratio	ir/tw	large	cycles:u	1.040601	1.017149	1.062036	5
4	310677e47	dispatchclass	base	absolute	tw	large	cycles:u	7013747664.000000	6939083389.000000	7194463056.000000	5
4	310677e47	dispatchclass	base	absolute	ir	large	cycles:u	7249883819.000000	7229757535.000000	7448855245.000000	5
4	310677e47	dispatchclass	base	per_pass	tw	-	cycles:u	1737.498306	1222.822365	1828.296953	5
4	310677e47	dispatchclass	base	fixed	tw	-	cycles:u	-10909835.000000	-118724754.000000	2068318794.000000	5
4	310677e47	dispatchclass	base	per_pass	ir	-	cycles:u	1793.854156	1786.372730	1886.394892	5
4	310677e47	dispatchclass	base	fixed	ir	-	cycles:u	54340911.000000	-96724321.000000	104392901.000000	5
4	310677e47	dispatchclass	base	per_pass_gap	ir-tw	-	cycles:u	48.874424	3.907395	565.614546	5
4	310677e47	dispatchclass	head	arm_ratio	ir/tw	small	instructions:u	0.990363	0.990357	0.992471	5
4	310677e47	dispatchclass	head	absolute	tw	small	instructions:u	14087419344.000000	14087299840.000000	14087549708.000000	5
4	310677e47	dispatchclass	head	absolute	ir	small	instructions:u	13951678648.000000	13951534322.000000	13981489021.000000	5
4	310677e47	dispatchclass	head	arm_ratio	ir/tw	large	instructions:u	0.990294	0.988454	0.990302	5
4	310677e47	dispatchclass	head	absolute	tw	large	instructions:u	28022331614.000000	28022219497.000000	28074319538.000000	5
4	310677e47	dispatchclass	head	absolute	ir	large	instructions:u	27750279108.000000	27750177746.000000	27750522036.000000	5
4	310677e47	dispatchclass	head	per_pass	tw	-	instructions:u	6967.460541	6967.456135	6993.384915	5
4	310677e47	dispatchclass	head	fixed	tw	-	instructions:u	152430128.000000	100779878.000000	152511045.000000	5
4	310677e47	dispatchclass	head	per_pass	ir	-	instructions:u	6899.300230	6884.344362	6899.405773	5
4	310677e47	dispatchclass	head	fixed	ir	-	instructions:u	153078188.000000	152766737.000000	212800296.000000	5
4	310677e47	dispatchclass	head	per_pass_gap	ir-tw	-	instructions:u	-68.162643	-109.040552	-68.050362	5
4	310677e47	dispatchclass	head	arm_ratio	ir/tw	small	cycles:u	1.030920	1.014774	1.388035	5
4	310677e47	dispatchclass	head	absolute	tw	small	cycles:u	3476750439.000000	3423348181.000000	3500029269.000000	5
4	310677e47	dispatchclass	head	absolute	ir	small	cycles:u	3584250427.000000	3508152609.000000	4827141203.000000	5
4	310677e47	dispatchclass	head	arm_ratio	ir/tw	large	cycles:u	1.047253	1.024420	1.663756	5
4	310677e47	dispatchclass	head	absolute	tw	large	cycles:u	6863643292.000000	6787828356.000000	7025719268.000000	5
4	310677e47	dispatchclass	head	absolute	ir	large	cycles:u	7124533701.000000	7087470333.000000	11419429530.000000	5
4	310677e47	dispatchclass	head	per_pass	tw	-	cycles:u	1720.147555	1643.899543	1774.019368	5
4	310677e47	dispatchclass	head	fixed	tw	-	cycles:u	-4370662.000000	-70358206.000000	212230182.000000	5
4	310677e47	dispatchclass	head	per_pass	ir	-	cycles:u	1772.405172	1290.378870	3901.454125	5
4	310677e47	dispatchclass	head	fixed	ir	-	cycles:u	18955639.000000	-4186386970.000000	2246383462.000000	5
4	310677e47	dispatchclass	head	per_pass_gap	ir-tw	-	cycles:u	93.719572	-483.640498	2181.306570	5
4	310677e47	dispatchclass	base>head	across_builds	tw	small	instructions:u	1.000137	0.999858	1.000148	5
4	310677e47	dispatchclass	base>head	across_builds	ir	small	instructions:u	1.000155	1.000142	1.002293	5
4	310677e47	dispatchclass	base>head	across_builds	tw	large	instructions:u	1.000143	0.994604	1.000150	5
4	310677e47	dispatchclass	base>head	across_builds	ir	large	instructions:u	1.000142	0.998285	1.000146	5
4	310677e47	dispatchclass	base>head	across_builds	tw	small	cycles:u	0.979906	0.758391	1.003656	5
4	310677e47	dispatchclass	base>head	across_builds	ir	small	cycles:u	0.974739	0.963236	1.319528	5
4	310677e47	dispatchclass	base>head	across_builds	tw	large	cycles:u	0.976545	0.967789	0.986211	5
4	310677e47	dispatchclass	base>head	across_builds	ir	large	cycles:u	0.982710	0.954318	1.576795	5
4	310677e47	emptyloop	base	arm_ratio	ir/tw	small	instructions:u	0.858157	0.858151	0.858196	5
4	310677e47	emptyloop	base	absolute	tw	small	instructions:u	5639911236.000000	5639844529.000000	5639988204.000000	5
4	310677e47	emptyloop	base	absolute	ir	small	instructions:u	4839908945.000000	4839899626.000000	4840094376.000000	5
4	310677e47	emptyloop	base	arm_ratio	ir/tw	large	instructions:u	0.856206	0.856188	0.856225	5
4	310677e47	emptyloop	base	absolute	tw	large	instructions:u	11127534221.000000	11127360483.000000	11127660306.000000	5
4	310677e47	emptyloop	base	absolute	ir	large	instructions:u	9527457754.000000	9527313643.000000	9527667584.000000	5
4	310677e47	emptyloop	base	per_pass	tw	-	instructions:u	439.009839	438.989782	439.023991	5
4	310677e47	emptyloop	base	fixed	tw	-	instructions:u	152288251.000000	152044642.000000	152615925.000000	5
4	310677e47	emptyloop	base	per_pass	ir	-	instructions:u	375.004650	374.980861	375.020691	5
4	310677e47	emptyloop	base	fixed	ir	-	instructions:u	152341498.000000	152150306.000000	152833609.000000	5
4	310677e47	emptyloop	base	per_pass_gap	ir-tw	-	instructions:u	-64.004186	-64.043130	-63.989148	5
4	310677e47	emptyloop	base	arm_ratio	ir/tw	small	cycles:u	0.810280	0.804763	0.826388	5
4	310677e47	emptyloop	base	absolute	tw	small	cycles:u	1014316069.000000	1009729714.000000	1027792805.000000	5
4	310677e47	emptyloop	base	absolute	ir	small	cycles:u	827129187.000000	818163441.000000	838218445.000000	5
4	310677e47	emptyloop	base	arm_ratio	ir/tw	large	cycles:u	0.804345	0.802819	0.814279	5
4	310677e47	emptyloop	base	absolute	tw	large	cycles:u	1960815719.000000	1956549759.000000	1968525582.000000	5
4	310677e47	emptyloop	base	absolute	ir	large	cycles:u	1576517880.000000	1573741145.000000	1601323849.000000	5
4	310677e47	emptyloop	base	per_pass	tw	-	cycles:u	75.525183	75.258622	76.545904	5
4	310677e47	emptyloop	base	fixed	tw	-	cycles:u	69765445.000000	52905912.000000	87060028.000000	5
4	310677e47	emptyloop	base	per_pass	ir	-	cycles:u	60.377024	59.063955	62.652833	5
4	310677e47	emptyloop	base	fixed	ir	-	cycles:u	72371728.000000	35003033.000000	99919010.000000	5
4	310677e47	emptyloop	base	per_pass_gap	ir-tw	-	cycles:u	-15.148158	-16.500095	-13.893072	5
4	310677e47	emptyloop	head	arm_ratio	ir/tw	small	instructions:u	0.858159	0.858148	0.858179	5
4	310677e47	emptyloop	head	absolute	tw	small	instructions:u	5639836659.000000	5639742274.000000	5640088446.000000	5
4	310677e47	emptyloop	head	absolute	ir	small	instructions:u	4839974213.000000	4839809417.000000	4840062193.000000	5
4	310677e47	emptyloop	head	arm_ratio	ir/tw	large	instructions:u	0.856210	0.856201	0.856220	5
4	310677e47	emptyloop	head	absolute	tw	large	instructions:u	11127393390.000000	11127344921.000000	11127575624.000000	5
4	310677e47	emptyloop	head	absolute	ir	large	instructions:u	9527459730.000000	9527243785.000000	9527546395.000000	5
4	310677e47	emptyloop	head	per_pass	tw	-	instructions:u	439.012089	438.980861	439.020559	5
4	310677e47	emptyloop	head	fixed	tw	-	instructions:u	152100117.000000	152061648.000000	152827688.000000	5
4	310677e47	emptyloop	head	per_pass	ir	-	instructions:u	375.005775	374.979426	375.010948	5
4	310677e47	emptyloop	head	fixed	ir	-	instructions:u	152402031.000000	152172561.000000	152758125.000000	5
4	310677e47	emptyloop	head	per_pass_gap	ir-tw	-	instructions:u	-64.003658	-64.014784	-63.988781	5
4	310677e47	emptyloop	head	arm_ratio	ir/tw	small	cycles:u	0.813594	0.806958	0.817302	5
4	310677e47	emptyloop	head	absolute	tw	small	cycles:u	1010780365.000000	1006178118.000000	1016708932.000000	5
4	310677e47	emptyloop	head	absolute	ir	small	cycles:u	826036347.000000	813482679.000000	827113562.000000	5
4	310677e47	emptyloop	head	arm_ratio	ir/tw	large	cycles:u	0.804760	0.802898	0.809919	5
4	310677e47	emptyloop	head	absolute	tw	large	cycles:u	1958244139.000000	1947763981.000000	1965553750.000000	5
4	310677e47	emptyloop	head	absolute	ir	large	cycles:u	1577531429.000000	1572190980.000000	1586592961.000000	5
4	310677e47	emptyloop	head	per_pass	tw	-	cycles:u	75.387571	74.958689	76.597452	5
4	310677e47	emptyloop	head	fixed	tw	-	cycles:u	73796749.000000	50617454.000000	75173725.000000	5
4	310677e47	emptyloop	head	per_pass	ir	-	cycles:u	60.113471	59.776947	61.465325	5
4	310677e47	emptyloop	head	fixed	ir	-	cycles:u	69608556.000000	45166117.000000	78824509.000000	5
4	310677e47	emptyloop	head	per_pass_gap	ir-tw	-	cycles:u	-15.132127	-16.054017	-14.629219	5
4	310677e47	emptyloop	base>head	across_builds	tw	small	instructions:u	0.999995	0.999956	1.000034	5
4	310677e47	emptyloop	base>head	across_builds	ir	small	instructions:u	0.999995	0.999962	1.000032	5
4	310677e47	emptyloop	base>head	across_builds	tw	large	instructions:u	0.999994	0.999983	1.000003	5
4	310677e47	emptyloop	base>head	across_builds	ir	large	instructions:u	0.999991	0.999978	1.000020	5
4	310677e47	emptyloop	base>head	across_builds	tw	small	cycles:u	0.998372	0.983448	1.004172	5
4	310677e47	emptyloop	base>head	across_builds	ir	small	cycles:u	0.994279	0.984439	1.008556	5
4	310677e47	emptyloop	base>head	across_builds	tw	large	cycles:u	0.999492	0.989453	1.000866	5
4	310677e47	emptyloop	base>head	across_builds	ir	large	cycles:u	0.998737	0.987807	1.006391	5
4	310677e47	rexxcps	base	arm_ratio	ir/tw	small	instructions:u	0.816456	0.816430	0.816497	5
4	310677e47	rexxcps	base	absolute	tw	small	instructions:u	27701039486.000000	27699202589.000000	27701758732.000000	5
4	310677e47	rexxcps	base	absolute	ir	small	instructions:u	22616471569.000000	22616220502.000000	22616724587.000000	5
4	310677e47	rexxcps	base	arm_ratio	ir/tw	small	cycles:u	0.830447	0.822503	0.836666	5
4	310677e47	rexxcps	base	absolute	tw	small	cycles:u	7907381909.000000	7851868319.000000	7936847842.000000	5
4	310677e47	rexxcps	base	absolute	ir	small	cycles:u	6541059717.000000	6507569815.000000	6591131958.000000	5
4	310677e47	rexxcps	head	arm_ratio	ir/tw	small	instructions:u	0.816615	0.816587	0.816653	5
4	310677e47	rexxcps	head	absolute	tw	small	instructions:u	27696442190.000000	27694639060.000000	27697005228.000000	5
4	310677e47	rexxcps	head	absolute	ir	small	instructions:u	22617079570.000000	22616918236.000000	22617325446.000000	5
4	310677e47	rexxcps	head	arm_ratio	ir/tw	small	cycles:u	0.817845	0.817136	0.819751	5
4	310677e47	rexxcps	head	absolute	tw	small	cycles:u	7841297442.000000	7781617550.000000	7853011288.000000	5
4	310677e47	rexxcps	head	absolute	ir	small	cycles:u	6412969673.000000	6378987448.000000	6420634984.000000	5
4	310677e47	rexxcps	base>head	across_builds	tw	small	instructions:u	0.999834	0.999828	0.999874	5
4	310677e47	rexxcps	base>head	across_builds	ir	small	instructions:u	1.000027	1.000013	1.000042	5
4	310677e47	rexxcps	base>head	across_builds	tw	small	cycles:u	0.989437	0.983532	0.998654	5
4	310677e47	rexxcps	base>head	across_builds	ir	small	cycles:u	0.979211	0.974132	0.980418	5
4	310677e47	strings	base	arm_ratio	ir/tw	small	instructions:u	0.666607	0.666592	0.666612	5
4	310677e47	strings	base	absolute	tw	small	instructions:u	16596952868.000000	16596771038.000000	16597076448.000000	5
4	310677e47	strings	base	absolute	ir	small	instructions:u	11063525236.000000	11063473144.000000	11063698300.000000	5
4	310677e47	strings	base	arm_ratio	ir/tw	large	instructions:u	0.665075	0.665064	0.665079	5
4	310677e47	strings	base	absolute	tw	large	instructions:u	33042977008.000000	33042914399.000000	33043335678.000000	5
4	310677e47	strings	base	absolute	ir	large	instructions:u	21976098102.000000	21975859469.000000	21976170436.000000	5
4	310677e47	strings	base	per_pass	tw	-	instructions:u	10964.088295	10963.992795	10964.255207	5
4	310677e47	strings	base	fixed	tw	-	instructions:u	150850467.000000	150565068.000000	150975753.000000	5
4	310677e47	strings	base	per_pass	ir	-	instructions:u	7274.981424	7274.924217	7275.053975	5
4	310677e47	strings	base	fixed	ir	-	instructions:u	151086819.000000	150936176.000000	151227664.000000	5
4	310677e47	strings	base	per_pass_gap	ir-tw	-	instructions:u	-3689.083338	-3689.273783	-3688.974495	5
4	310677e47	strings	base	arm_ratio	ir/tw	small	cycles:u	0.548801	0.541127	0.566055	5
4	310677e47	strings	base	absolute	tw	small	cycles:u	3805206327.000000	3781997837.000000	3849044806.000000	5
4	310677e47	strings	base	absolute	ir	small	cycles:u	2082821047.000000	2075565986.000000	2156917579.000000	5
4	310677e47	strings	base	arm_ratio	ir/tw	large	cycles:u	0.538163	0.527034	0.544614	5
4	310677e47	strings	base	absolute	tw	large	cycles:u	7593103827.000000	7531369925.000000	7732420620.000000	5
4	310677e47	strings	base	absolute	ir	large	cycles:u	4075245224.000000	4040172671.000000	4112541082.000000	5
4	310677e47	strings	base	per_pass	tw	-	cycles:u	2521.777776	2497.393823	2588.917209	5
4	310677e47	strings	base	fixed	tw	-	cycles:u	27770499.000000	-52974356.000000	59115592.000000	5
4	310677e47	strings	base	per_pass	ir	-	cycles:u	1322.192224	1286.273649	1334.211884	5
4	310677e47	strings	base	fixed	ir	-	cycles:u	109905430.000000	90396870.000000	227507106.000000	5
4	310677e47	strings	base	per_pass_gap	ir-tw	-	cycles:u	-1235.504127	-1260.634425	-1163.181939	5
4	310677e47	strings	head	arm_ratio	ir/tw	small	instructions:u	0.666846	0.666826	0.666861	5
4	310677e47	strings	head	absolute	tw	small	instructions:u	16591129709.000000	16591040728.000000	16591424166.000000	5
4	310677e47	strings	head	absolute	ir	small	instructions:u	11063734004.000000	11063551209.000000	11063923599.000000	5
4	310677e47	strings	head	arm_ratio	ir/tw	large	instructions:u	0.665315	0.662670	0.665324	5
4	310677e47	strings	head	absolute	tw	large	instructions:u	33030949199.000000	33030748111.000000	33163034647.000000	5
4	310677e47	strings	head	absolute	ir	large	instructions:u	21976016438.000000	21975930387.000000	21976161140.000000	5
4	310677e47	strings	head	per_pass	tw	-	instructions:u	10959.818682	10959.683355	11047.995946	5
4	310677e47	strings	head	fixed	tw	-	instructions:u	151406345.000000	19046809.000002	151899133.000002	5
4	310677e47	strings	head	per_pass	ir	-	instructions:u	7274.836043	7274.800363	7274.966573	5
4	310677e47	strings	head	fixed	ir	-	instructions:u	151508310.000000	151101350.000000	151686058.000000	5
4	310677e47	strings	head	per_pass_gap	ir-tw	-	instructions:u	-3684.852109	-3773.170919	-3684.834924	5
4	310677e47	strings	head	arm_ratio	ir/tw	small	cycles:u	0.572976	0.559886	0.588551	5
4	310677e47	strings	head	absolute	tw	small	cycles:u	3720626936.000000	3714252498.000000	3867190010.000000	5
4	310677e47	strings	head	absolute	ir	small	cycles:u	2149766275.000000	2128175882.000000	2189777079.000000	5
4	310677e47	strings	head	arm_ratio	ir/tw	large	cycles:u	0.568994	0.567492	0.574273	5
4	310677e47	strings	head	absolute	tw	large	cycles:u	7434255459.000000	7336200072.000000	7555550959.000000	5
4	310677e47	strings	head	absolute	ir	large	cycles:u	4234612211.000000	4212980303.000000	4287713346.000000	5
4	310677e47	strings	head	per_pass	tw	-	cycles:u	2480.001974	2312.673375	2509.614277	5
4	310677e47	strings	head	fixed	tw	-	cycles:u	7840584.000000	-13209615.000000	398179948.000000	5
4	310677e47	strings	head	per_pass	ir	-	cycles:u	1394.724318	1363.223421	1425.298047	5
4	310677e47	strings	head	fixed	ir	-	cycles:u	39985473.000000	3027406.000000	144941947.000000	5
4	310677e47	strings	head	per_pass_gap	ir-tw	-	cycles:u	-1077.296243	-1126.000946	-947.475931	5
4	310677e47	strings	base>head	across_builds	tw	small	instructions:u	0.999655	0.999639	0.999666	5
4	310677e47	strings	base>head	across_builds	ir	small	instructions:u	1.000021	0.999987	1.000037	5
4	310677e47	strings	base>head	across_builds	tw	large	instructions:u	0.999636	0.999623	1.003633	5
4	310677e47	strings	base>head	across_builds	ir	large	instructions:u	0.999998	0.999990	1.000013	5
4	310677e47	strings	base>head	across_builds	tw	small	cycles:u	0.982515	0.966636	1.016289	5
4	310677e47	strings	base>head	across_builds	ir	small	cycles:u	1.027224	0.986675	1.051352	5
4	310677e47	strings	base>head	across_builds	tw	large	cycles:u	0.979080	0.964053	0.988220	5
4	310677e47	strings	base>head	across_builds	ir	large	cycles:u	1.040727	1.024423	1.061270	5
4	310677e47	varlookup	base	arm_ratio	ir/tw	small	instructions:u	0.503965	0.503941	0.503968	5
4	310677e47	varlookup	base	absolute	tw	small	instructions:u	16834515947.000000	16834321897.000000	16834531695.000000	5
4	310677e47	varlookup	base	absolute	ir	small	instructions:u	8483935179.000000	8483614237.000000	8484063076.000000	5
4	310677e47	varlookup	base	arm_ratio	ir/tw	large	instructions:u	0.501712	0.501708	0.501715	5
4	310677e47	varlookup	base	absolute	tw	large	instructions:u	33516521378.000000	33516378518.000000	33516653298.000000	5
4	310677e47	varlookup	base	absolute	ir	large	instructions:u	16815621329.000000	16815497759.000000	16815738563.000000	5
4	310677e47	varlookup	base	per_pass	tw	-	instructions:u	1756.009868	1755.985534	1756.021254	5
4	310677e47	varlookup	base	fixed	tw	-	instructions:u	152399526.000000	152119987.000000	152653376.000000	5
4	310677e47	varlookup	base	per_pass	ir	-	instructions:u	877.013013	877.007262	877.053378	5
4	310677e47	varlookup	base	fixed	ir	-	instructions:u	152311554.000000	151607145.000000	152494087.000000	5
4	310677e47	varlookup	base	per_pass_gap	ir-tw	-	instructions:u	-878.980908	-879.013772	-878.940996	5
4	310677e47	varlookup	base	arm_ratio	ir/tw	small	cycles:u	0.417078	0.406166	0.420625	5
4	310677e47	varlookup	base	absolute	tw	small	cycles:u	3114288706.000000	3084565034.000000	3203815970.000000	5
4	310677e47	varlookup	base	absolute	ir	small	cycles:u	1301282484.000000	1293895072.000000	1308953887.000000	5
4	310677e47	varlookup	base	arm_ratio	ir/tw	large	cycles:u	0.405801	0.391851	0.411752	5
4	310677e47	varlookup	base	absolute	tw	large	cycles:u	6278028417.000000	6096375658.000000	6435727994.000000	5
4	310677e47	varlookup	base	absolute	ir	large	cycles:u	2521847395.000000	2505825108.000000	2547629323.000000	5
4	310677e47	varlookup	base	per_pass	tw	-	cycles:u	332.331189	304.479967	352.753996	5
4	310677e47	varlookup	base	fixed	tw	-	cycles:u	-36264181.000000	-266597926.000000	311256282.000000	5
4	310677e47	varlookup	base	per_pass	ir	-	cycles:u	129.258139	127.253899	131.155474	5
4	310677e47	varlookup	base	fixed	ir	-	cycles:u	78439715.000000	55675325.000000	92370439.000000	5
4	310677e47	varlookup	base	per_pass_gap	ir-tw	-	cycles:u	-201.175716	-223.495857	-177.226068	5
4	310677e47	varlookup	head	arm_ratio	ir/tw	small	instructions:u	0.503969	0.503960	0.503971	5
4	310677e47	varlookup	head	absolute	tw	small	instructions:u	16834450582.000000	16834245687.000000	16834627388.000000	5
4	310677e47	varlookup	head	absolute	ir	small	instructions:u	8484016194.000000	8483844021.000000	8484153419.000000	5
4	310677e47	varlookup	head	arm_ratio	ir/tw	large	instructions:u	0.501712	0.501709	0.501713	5
4	310677e47	varlookup	head	absolute	tw	large	instructions:u	33516417247.000000	33516215475.000000	33516644518.000000	5
4	310677e47	varlookup	head	absolute	ir	large	instructions:u	16815525184.000000	16815474596.000000	16815700356.000000	5
4	310677e47	varlookup	head	per_pass	tw	-	instructions:u	1756.007564	1755.956641	1756.026955	5
4	310677e47	varlookup	head	fixed	tw	-	instructions:u	152273531.000000	151989615.000000	153039301.000000	5
4	310677e47	varlookup	head	per_pass	ir	-	instructions:u	877.013745	876.986502	877.019385	5
4	310677e47	varlookup	head	fixed	ir	-	instructions:u	152332032.000000	152213446.000000	152781654.000000	5
4	310677e47	varlookup	head	per_pass_gap	ir-tw	-	instructions:u	-878.993819	-879.010055	-878.970139	5
4	310677e47	varlookup	head	arm_ratio	ir/tw	small	cycles:u	0.411984	0.403022	0.416817	5
4	310677e47	varlookup	head	absolute	tw	small	cycles:u	3174178622.000000	3118514301.000000	3207361672.000000	5
4	310677e47	varlookup	head	absolute	ir	small	cycles:u	1299850793.000000	1291181102.000000	1311348060.000000	5
4	310677e47	varlookup	head	arm_ratio	ir/tw	large	cycles:u	0.403591	0.399794	0.412266	5
4	310677e47	varlookup	head	absolute	tw	large	cycles:u	6276795410.000000	6143823010.000000	6284096856.000000	5
4	310677e47	varlookup	head	absolute	ir	large	cycles:u	2532891202.000000	2509424442.000000	2543681728.000000	5
4	310677e47	varlookup	head	per_pass	tw	-	cycles:u	324.251367	312.594146	332.983408	5
4	310677e47	varlookup	head	fixed	tw	-	cycles:u	112317902.000000	-44828072.000000	204534234.000000	5
4	310677e47	varlookup	head	per_pass	ir	-	cycles:u	128.583489	127.607356	130.901697	5
4	310677e47	varlookup	head	fixed	ir	-	cycles:u	72937762.000000	49070708.000000	89804918.000000	5
4	310677e47	varlookup	head	per_pass_gap	ir-tw	-	cycles:u	-193.696383	-205.376052	-184.010657	5
4	310677e47	varlookup	base>head	across_builds	tw	small	instructions:u	0.999996	0.999983	1.000018	5
4	310677e47	varlookup	base>head	across_builds	ir	small	instructions:u	1.000010	0.999986	1.000042	5
4	310677e47	varlookup	base>head	across_builds	tw	large	instructions:u	0.999997	0.999990	1.000008	5
4	310677e47	varlookup	base>head	across_builds	ir	large	instructions:u	1.000000	0.999984	1.000008	5
4	310677e47	varlookup	base>head	across_builds	tw	small	cycles:u	1.025667	0.973375	1.027710	5
4	310677e47	varlookup	base>head	across_builds	ir	small	cycles:u	0.998900	0.993074	1.007353	5
4	310677e47	varlookup	base>head	across_builds	tw	large	cycles:u	1.000967	0.959892	1.030425	5
4	310677e47	varlookup	base>head	across_builds	ir	large	cycles:u	1.000767	0.995515	1.008658	5
