1424894453	GC	/home/moritz/dev/repos/ooRexx/build/lib/librexx.so.4	/home/moritz/dev/repos/ooRexx/interpreter/memory/RexxMemory.cpp	MemoryObject::newObject(unsigned long, unsigned long)
448554521	MACH	/home/moritz/dev/repos/ooRexx/build/lib/librexx.so.4	/home/moritz/dev/repos/ooRexx/interpreter/execution/RexxActivation.cpp	RexxActivation::run(RexxObject*, RexxString*, RexxObject**, unsigned long, RexxInstruction*, ProtectedObject&)
367081344	PARSE	/home/moritz/dev/repos/ooRexx/build/lib/librexx.so.4	/home/moritz/dev/repos/ooRexx/interpreter/instructions/ParseTrigger.cpp	ParseTrigger::parse(RexxActivation*, ExpressionStack*, RexxTarget*)
320480004	ARITH	/home/moritz/dev/repos/ooRexx/build/lib/librexx.so.4	/home/moritz/dev/repos/ooRexx/interpreter/classes/NumberStringClass.cpp	NumberString::comp(RexxObject*, unsigned long)
316144436	LIBC	/usr/lib/x86_64-linux-gnu/libc.so.6	/build/reproducible-path/glibc-2.43/string/../sysdeps/x86_64/multiarch/memmove-vec-unaligned-erms.S	__memcpy_avx_unaligned_erms
284815511	ARITH	/home/moritz/dev/repos/ooRexx/build/lib/librexx.so.4	/home/moritz/dev/repos/ooRexx/interpreter/classes/NumberStringMath.cpp	NumberString::addSub(NumberString*, NumberString::ArithmeticOperator, long)
276087926	MACH	/home/moritz/dev/repos/ooRexx/build/lib/librexx.so.4	/home/moritz/dev/repos/ooRexx/interpreter/expression/ExpressionOperator.cpp	RexxBinaryOperator::evaluate(RexxActivation*, ExpressionStack*)
235065822	LIBC	/usr/lib/x86_64-linux-gnu/libc.so.6	/build/reproducible-path/glibc-2.43/string/../sysdeps/x86_64/multiarch/memset-vec-unaligned-erms.S	__memset_avx2_unaligned_erms
215603828	CONV	/home/moritz/dev/repos/ooRexx/build/lib/librexx.so.4	/home/moritz/dev/repos/ooRexx/interpreter/classes/ObjectClass.cpp	RexxInternalObject::requestString()
214341280	MACH	/home/moritz/dev/repos/ooRexx/build/lib/librexx.so.4	/home/moritz/dev/repos/ooRexx/interpreter/instructions/IfInstruction.cpp	RexxInstructionIf::execute(RexxActivation*, ExpressionStack*)
210252426	VSIM	/home/moritz/dev/repos/ooRexx/build/lib/librexx.so.4	/home/moritz/dev/repos/ooRexx/interpreter/expression/ExpressionVariable.cpp	RexxSimpleVariable::assign(RexxActivation*, RexxObject*)
208338816	GC	/home/moritz/dev/repos/ooRexx/build/lib/librexx.so.4	/home/moritz/dev/repos/ooRexx/interpreter/memory/ProtectedObject.cpp	ProtectedBase::ProtectedBase()
206238270	VSIM	/home/moritz/dev/repos/ooRexx/build/lib/librexx.so.4	/home/moritz/dev/repos/ooRexx/interpreter/expression/ExpressionVariable.cpp	RexxSimpleVariable::evaluate(RexxActivation*, ExpressionStack*)
189249535	LIBC	/usr/lib/x86_64-linux-gnu/libc.so.6	/build/reproducible-path/glibc-2.43/string/../sysdeps/x86_64/multiarch/memcmp-avx2-movbe.S	__memcmp_avx2_movbe
186240000	VCMP	/home/moritz/dev/repos/ooRexx/build/lib/librexx.so.4	/home/moritz/dev/repos/ooRexx/interpreter/classes/support/CompoundVariableTail.cpp	CompoundVariableTail::buildTail(RexxActivation*, RexxInternalObject**, unsigned long)
178935407	CALL	/home/moritz/dev/repos/ooRexx/build/lib/librexx.so.4	/home/moritz/dev/repos/ooRexx/interpreter/expression/ExpressionFunction.cpp	RexxExpressionFunction::evaluate(RexxActivation*, ExpressionStack*)
173040851	PARSE	/home/moritz/dev/repos/ooRexx/build/lib/librexx.so.4	/home/moritz/dev/repos/ooRexx/interpreter/instructions/ParseInstruction.cpp	RexxInstructionParse::execute(RexxActivation*, ExpressionStack*)
165000004	VCMP	/home/moritz/dev/repos/ooRexx/build/lib/librexx.so.4	/home/moritz/dev/repos/ooRexx/interpreter/execution/RexxActivation.cpp	RexxActivation::evaluateLocalCompoundVariable(RexxString*, unsigned long, RexxInternalObject**, unsigned long)
151213743	GC	/home/moritz/dev/repos/ooRexx/build/lib/librexx.so.4	/home/moritz/dev/repos/ooRexx/interpreter/classes/StringClass.cpp	RexxString::newString(char const*, unsigned long)
147440000	VCMP	/home/moritz/dev/repos/ooRexx/build/lib/librexx.so.4	/home/moritz/dev/repos/ooRexx/interpreter/classes/StringClass.cpp	RexxString::copyIntoTail(CompoundVariableTail*)
142482055	GC	/home/moritz/dev/repos/ooRexx/build/lib/librexx.so.4	/home/moritz/dev/repos/ooRexx/interpreter/memory/MemorySegment.cpp	MemorySegmentSet::sweepSingleSegment(MemorySegment*)
129938031	CALL	/home/moritz/dev/repos/ooRexx/build/lib/librexx.so.4	/home/moritz/dev/repos/ooRexx/interpreter/instructions/RexxInstruction.cpp	RexxInstruction::evaluateArguments(RexxActivation*, ExpressionStack*, RexxInternalObject**, unsigned long)
121506084	MACH	/home/moritz/dev/repos/ooRexx/build/lib/librexx.so.4	/home/moritz/dev/repos/ooRexx/interpreter/behaviour/RexxBehaviour.hpp	RexxObject::callOperatorMethod(unsigned long, RexxObject*)
115080473	PARSE	/home/moritz/dev/repos/ooRexx/build/lib/librexx.so.4	/home/moritz/dev/repos/ooRexx/interpreter/instructions/ParseTarget.cpp	RexxTarget::getWord()
111160491	PARSE	/home/moritz/dev/repos/ooRexx/build/lib/librexx.so.4	/home/moritz/dev/repos/ooRexx/interpreter/instructions/ParseTarget.cpp	RexxTarget::next(RexxActivation*)
110321770	PARSE	/home/moritz/dev/repos/ooRexx/build/lib/librexx.so.4	/home/moritz/dev/repos/ooRexx/interpreter/classes/StringClass.cpp	RexxString::upper()
106726699	MACH	/home/moritz/dev/repos/ooRexx/build/lib/librexx.so.4	/home/moritz/dev/repos/ooRexx/interpreter/instructions/AssignmentInstruction.cpp	RexxInstructionAssignment::execute(RexxActivation*, ExpressionStack*)
104169404	GC	/home/moritz/dev/repos/ooRexx/build/lib/librexx.so.4	/home/moritz/dev/repos/ooRexx/interpreter/memory/ProtectedObject.cpp	ProtectedBase::~ProtectedBase()
101438209	CONV	/home/moritz/dev/repos/ooRexx/build/lib/librexx.so.4	/home/moritz/dev/repos/ooRexx/interpreter/classes/NumberStringClass.cpp	NumberString::parseNumber(char const*, unsigned long)
98319895	VCMP	/home/moritz/dev/repos/ooRexx/build/lib/librexx.so.4	/home/moritz/dev/repos/ooRexx/interpreter/classes/support/CompoundVariableTable.cpp	CompoundVariableTable::findEntry(CompoundVariableTail&)
96320000	ARITH	/home/moritz/dev/repos/ooRexx/build/lib/librexx.so.4	/home/moritz/dev/repos/ooRexx/interpreter/classes/NumberStringMath2.cpp	NumberString::addMultiplier(char const*, long, char*, int)
96099355	CONV	/home/moritz/dev/repos/ooRexx/build/lib/librexx.so.4	/home/moritz/dev/repos/ooRexx/interpreter/classes/NumberStringClass.cpp	numberStringScan(char const*, unsigned long)
93400280	MACH	/home/moritz/dev/repos/ooRexx/build/lib/librexx.so.4	/home/moritz/dev/repos/ooRexx/interpreter/classes/IntegerClass.cpp	RexxInteger::evaluate(RexxActivation*, ExpressionStack*)
86940018	VCMP	/home/moritz/dev/repos/ooRexx/build/lib/librexx.so.4	/home/moritz/dev/repos/ooRexx/interpreter/execution/RexxActivation.cpp	RexxActivation::assignLocalCompoundVariable(RexxString*, unsigned long, RexxInternalObject**, unsigned long, RexxObject*)
85412267	MACH	/home/moritz/dev/repos/ooRexx/build/lib/librexx.so.4	/home/moritz/dev/repos/ooRexx/interpreter/execution/RexxActivation.cpp	RexxActivation::run(RexxObject*, RexxString*, RexxObject**, unsigned long, RexxInstruction*, ProtectedObject&)'2
84316114	MACH	/home/moritz/dev/repos/ooRexx/build/lib/librexx.so.4	/home/moritz/dev/repos/ooRexx/interpreter/instructions/DoBlock.cpp	DoBlock::checkControl(RexxActivation*, ExpressionStack*, bool)
82060345	VCMP	/home/moritz/dev/repos/ooRexx/build/lib/librexx.so.4	/home/moritz/dev/repos/ooRexx/interpreter/classes/support/CompoundVariableTable.cpp	CompoundVariableTable::findEntry(CompoundVariableTail&, bool)
81488534	ARITH	/home/moritz/dev/repos/ooRexx/build/lib/librexx.so.4	/home/moritz/dev/repos/ooRexx/interpreter/classes/NumberStringMath.cpp	NumberString::adjustPrecision(char*, long)
76161258	MACH	/home/moritz/dev/repos/ooRexx/build/lib/librexx.so.4	/home/moritz/dev/repos/ooRexx/interpreter/expression/ExpressionOperator.cpp	RexxBinaryOperator::evaluate(RexxActivation*, ExpressionStack*)'2
70740004	ARITH	/home/moritz/dev/repos/ooRexx/build/lib/librexx.so.4	/home/moritz/dev/repos/ooRexx/interpreter/classes/NumberStringMath2.cpp	NumberString::Multiply(NumberString*)
70487680	ARITH	/home/moritz/dev/repos/ooRexx/build/lib/librexx.so.4	/home/moritz/dev/repos/ooRexx/interpreter/classes/IntegerClass.cpp	RexxInteger::comp(RexxObject*)
70005200	MACH	/home/moritz/dev/repos/ooRexx/build/lib/librexx.so.4	/home/moritz/dev/repos/ooRexx/interpreter/classes/StringClass.cpp	RexxString::evaluate(RexxActivation*, ExpressionStack*)
67200164	CONV	/home/moritz/dev/repos/ooRexx/build/lib/librexx.so.4	/home/moritz/dev/repos/ooRexx/interpreter/classes/NumberStringClass.cpp	NumberString::stringValue() [clone .part.0]
65802966	CALL	/home/moritz/dev/repos/ooRexx/build/lib/librexx.so.4	/home/moritz/dev/repos/ooRexx/interpreter/expression/ExpressionStack.cpp	ExpressionStack::expandArgs(unsigned long, unsigned long, unsigned long, char const*)
63087213	CONV	/home/moritz/dev/repos/ooRexx/build/lib/librexx.so.4	/home/moritz/dev/repos/ooRexx/interpreter/classes/NumberStringClass.cpp	NumberString::newInstance(char const*, unsigned long)
63005085	GC	/home/moritz/dev/repos/ooRexx/build/lib/librexx.so.4	/home/moritz/dev/repos/ooRexx/interpreter/classes/StringClass.cpp	RexxString::rawString(unsigned long)
63003315	CONV	/home/moritz/dev/repos/ooRexx/build/lib/librexx.so.4	/home/moritz/dev/repos/ooRexx/common/BitSet.hpp	RexxInternalObject::isBaseClass()
61040976	ARITH	/home/moritz/dev/repos/ooRexx/build/lib/librexx.so.4	/home/moritz/dev/repos/ooRexx/interpreter/classes/StringClass.cpp	RexxString::comp(RexxObject*)
59160004	VCMP	/home/moritz/dev/repos/ooRexx/build/lib/librexx.so.4	/home/moritz/dev/repos/ooRexx/interpreter/classes/StemClass.cpp	StemClass::evaluateCompoundVariableValue(RexxActivation*, RexxString*, CompoundVariableTail&)
56000120	CONV	/home/moritz/dev/repos/ooRexx/build/lib/librexx.so.4	/home/moritz/dev/repos/ooRexx/interpreter/classes/StringClass.cpp	RexxString::concatRexx(RexxObject*)
54880249	BIF	/home/moritz/dev/repos/ooRexx/build/lib/librexx.so.4	/home/moritz/dev/repos/ooRexx/interpreter/classes/support/StringUtil.cpp	StringUtil::pos(char const*, unsigned long, RexxString*, unsigned long, unsigned long)
53400020	VSIM	/home/moritz/dev/repos/ooRexx/build/lib/librexx.so.4	/home/moritz/dev/repos/ooRexx/interpreter/expression/ExpressionVariable.cpp	RexxSimpleVariable::getValue(RexxActivation*)
52920008	BIF	/home/moritz/dev/repos/ooRexx/build/lib/librexx.so.4	/home/moritz/dev/repos/ooRexx/interpreter/classes/support/StringUtil.cpp	StringUtil::substr(char const*, unsigned long, RexxInteger*, RexxInteger*, RexxString*)
52027157	GC	/home/moritz/dev/repos/ooRexx/build/lib/librexx.so.4	/home/moritz/dev/repos/ooRexx/interpreter/classes/NumberStringClass.cpp	NumberString::NumberString(unsigned long)
49001160	ARITH	/home/moritz/dev/repos/ooRexx/build/lib/librexx.so.4	/home/moritz/dev/repos/ooRexx/interpreter/classes/StringClass.cpp	RexxString::stringComp(RexxString*)
46996370	MACH	/home/moritz/dev/repos/ooRexx/build/lib/librexx.so.4	/home/moritz/dev/repos/ooRexx/interpreter/instructions/BaseDoInstruction.cpp	RexxInstructionBaseLoop::execute(RexxActivation*, ExpressionStack*)
45840216	MACH	/home/moritz/dev/repos/ooRexx/build/lib/librexx.so.4	/home/moritz/dev/repos/ooRexx/interpreter/instructions/DoBlockComponents.cpp	ControlledLoop::setup(RexxActivation*, ExpressionStack*, DoBlock*)
44805718	CONV	/home/moritz/dev/repos/ooRexx/build/lib/librexx.so.4	/home/moritz/dev/repos/ooRexx/interpreter/classes/StringClass.cpp	RexxString::numberString() [clone .part.0]
42000008	BIF	/home/moritz/dev/repos/ooRexx/build/lib/librexx.so.4	/home/moritz/dev/repos/ooRexx/interpreter/expression/BuiltinFunctions.cpp	builtin_function_SUBSTR(RexxActivation*, unsigned long, ExpressionStack*)
41440370	CONV	/home/moritz/dev/repos/ooRexx/build/lib/librexx.so.4	/home/moritz/dev/repos/ooRexx/interpreter/classes/StringClass.cpp	RexxString::concatBlank(RexxObject*)
40320096	CONV	/home/moritz/dev/repos/ooRexx/build/lib/librexx.so.4	/home/moritz/dev/repos/ooRexx/interpreter/classes/IntegerClass.cpp	RexxInteger::unsignedNumberValue(unsigned long&, long)
40000004	VCMP	/home/moritz/dev/repos/ooRexx/build/lib/librexx.so.4	/home/moritz/dev/repos/ooRexx/interpreter/expression/ExpressionCompoundVariable.cpp	RexxCompoundVariable::evaluate(RexxActivation*, ExpressionStack*)
39480088	PARSE	/home/moritz/dev/repos/ooRexx/build/lib/librexx.so.4	/home/moritz/dev/repos/ooRexx/interpreter/instructions/ParseTarget.cpp	RexxTarget::remainder()
37126404	MACH	/home/moritz/dev/repos/ooRexx/build/lib/librexx.so.4	/home/moritz/dev/repos/ooRexx/interpreter/instructions/BaseDoInstruction.cpp	RexxInstructionBaseLoop::reExecute(RexxActivation*, ExpressionStack*, DoBlock*)
36120036	CALL	/home/moritz/dev/repos/ooRexx/build/lib/librexx.so.4	/home/moritz/dev/repos/ooRexx/interpreter/expression/ExpressionStack.cpp	ExpressionStack::requiredStringArg(unsigned long)
34440000	CALL	/home/moritz/dev/repos/ooRexx/build/lib/librexx.so.4	/home/moritz/dev/repos/ooRexx/interpreter/execution/RexxActivation.cpp	RexxActivation::RexxActivation(Activity*, RexxActivation*, RexxCode*, ActivationContext)
34160000	BIF	/home/moritz/dev/repos/ooRexx/build/lib/librexx.so.4	/home/moritz/dev/repos/ooRexx/interpreter/classes/support/StringUtil.cpp	StringUtil::word(char const*, unsigned long, RexxInteger*)
33600169	PARSE	/home/moritz/dev/repos/ooRexx/build/lib/librexx.so.4	/home/moritz/dev/repos/ooRexx/interpreter/instructions/ParseTarget.cpp	RexxTarget::init(RexxObject*, RexxObject**, unsigned long, FlagSet<ParseFlags, 32>, bool, RexxActivation*, ExpressionStack*)
33600000	CALL	/home/moritz/dev/repos/ooRexx/build/lib/librexx.so.4	/home/moritz/dev/repos/ooRexx/interpreter/expression/ExpressionStack.cpp	ExpressionStack::requiredIntegerArg(unsigned long, unsigned long, char const*)
32502678	ARITH	/home/moritz/dev/repos/ooRexx/build/lib/librexx.so.4	/home/moritz/dev/repos/ooRexx/interpreter/classes/NumberStringClass.cpp	NumberStringBase::checkOverflow()
31280238	CONV	/home/moritz/dev/repos/ooRexx/build/lib/librexx.so.4	/home/moritz/dev/repos/ooRexx/interpreter/classes/StringClass.cpp	RexxString::numberString()
30685000	MACH	/home/moritz/dev/repos/ooRexx/build/lib/librexx.so.4	/home/moritz/dev/repos/ooRexx/interpreter/instructions/EndInstruction.cpp	RexxInstructionEnd::execute(RexxActivation*, ExpressionStack*)
30243012	ARITH	/home/moritz/dev/repos/ooRexx/build/lib/librexx.so.4	/home/moritz/dev/repos/ooRexx/interpreter/classes/NumberStringClass.cpp	NumberString::plus(RexxObject*)
27543789	GC	/home/moritz/dev/repos/ooRexx/build/lib/librexx.so.4	/home/moritz/dev/repos/ooRexx/interpreter/classes/NumberStringClass.cpp	NumberString::operator new(unsigned long, unsigned long)
27480004	VCMP	/home/moritz/dev/repos/ooRexx/build/lib/librexx.so.4	/home/moritz/dev/repos/ooRexx/interpreter/classes/StemClass.cpp	StemClass::findCompoundVariable(CompoundVariableTail&)
26880076	PARSE	/home/moritz/dev/repos/ooRexx/build/lib/librexx.so.4	/home/moritz/dev/repos/ooRexx/interpreter/instructions/ParseTarget.cpp	RexxTarget::search(RexxString*)
26880000	ARITH	/home/moritz/dev/repos/ooRexx/build/lib/librexx.so.4	/home/moritz/dev/repos/ooRexx/interpreter/classes/NumberStringClass.cpp	NumberString::checkLostDigits(long)
25222665	ARITH	/home/moritz/dev/repos/ooRexx/build/lib/librexx.so.4	/home/moritz/dev/repos/ooRexx/interpreter/classes/NumberStringClass.cpp	NumberString::operatorArgument(RexxObject*)
25200000	BIF	/home/moritz/dev/repos/ooRexx/build/lib/librexx.so.4	/home/moritz/dev/repos/ooRexx/interpreter/classes/StringClassUtil.cpp	positionArgument(RexxObject*, unsigned long)
25200000	ARITH	/home/moritz/dev/repos/ooRexx/build/lib/librexx.so.4	/home/moritz/dev/repos/ooRexx/interpreter/classes/NumberStringMath.cpp	NumberString::prepareOperatorNumber(long, long, bool)
24640000	ARITH	/home/moritz/dev/repos/ooRexx/build/lib/librexx.so.4	/home/moritz/dev/repos/ooRexx/interpreter/classes/IntegerClass.cpp	RexxInteger::minus(RexxInteger*)
23944305	MACH	/home/moritz/dev/repos/ooRexx/build/lib/librexx.so.4	/home/moritz/dev/repos/ooRexx/interpreter/instructions/DoBlock.cpp	DoBlock::DoBlock(RexxActivation*, RexxBlockInstruction*)
23808698	ARITH	/home/moritz/dev/repos/ooRexx/build/lib/librexx.so.4	/home/moritz/dev/repos/ooRexx/interpreter/classes/IntegerClass.cpp	RexxInteger::plus(RexxInteger*)
23520588	GC	/home/moritz/dev/repos/ooRexx/build/lib/librexx.so.4	/home/moritz/dev/repos/ooRexx/interpreter/classes/ObjectClass.cpp	RexxInternalObject::clone()
22680099	PARSE	/home/moritz/dev/repos/ooRexx/build/lib/librexx.so.4	/home/moritz/dev/repos/ooRexx/interpreter/instructions/ParseTarget.cpp	RexxTarget::moveToEnd()
21576010	CALL	/home/moritz/dev/repos/ooRexx/build/lib/librexx.so.4	/home/moritz/dev/repos/ooRexx/interpreter/instructions/CallInstruction.cpp	RexxInstructionCall::execute(RexxActivation*, ExpressionStack*)
21000000	ARITH	/home/moritz/dev/repos/ooRexx/build/lib/librexx.so.4	/home/moritz/dev/repos/ooRexx/interpreter/classes/NumberStringClass.cpp	NumberString::isGreaterThan(RexxObject*)
20173863	LIBC	/usr/lib/x86_64-linux-gnu/libc.so.6	/build/reproducible-path/glibc-2.43/string/../sysdeps/x86_64/multiarch/memchr-avx2.S	__memchr_avx2
20160428	CALL	/home/moritz/dev/repos/ooRexx/build/lib/librexx.so.4	/home/moritz/dev/repos/ooRexx/interpreter/expression/ExpressionStack.cpp	ExpressionStack::optionalIntegerArg(unsigned long, unsigned long, char const*)
20160340	ARITH	/home/moritz/dev/repos/ooRexx/build/lib/librexx.so.4	/home/moritz/dev/repos/ooRexx/interpreter/classes/StringClass.cpp	RexxString::equal(RexxObject*)
20160054	PARSE	/home/moritz/dev/repos/ooRexx/build/lib/librexx.so.4	/home/moritz/dev/repos/ooRexx/interpreter/instructions/ParseTrigger.cpp	ParseTrigger::stringTrigger(RexxActivation*, ExpressionStack*)
18480030	CONV	/home/moritz/dev/repos/ooRexx/build/lib/librexx.so.4	/home/moritz/dev/repos/ooRexx/interpreter/classes/IntegerClass.cpp	RexxInteger::numberString()
18480000	MACH	/home/moritz/dev/repos/ooRexx/build/lib/librexx.so.4	/home/moritz/dev/repos/ooRexx/interpreter/execution/RexxActivation.cpp	RexxActivation::iterate(RexxString*)
17940004	VCMP	/home/moritz/dev/repos/ooRexx/build/lib/librexx.so.4	/home/moritz/dev/repos/ooRexx/interpreter/classes/StemClass.cpp	StemClass::setCompoundVariable(CompoundVariableTail&, RexxObject*)
17925000	ARITH	/home/moritz/dev/repos/ooRexx/build/lib/librexx.so.4	/home/moritz/dev/repos/ooRexx/interpreter/classes/StringClass.cpp	RexxString::plus(RexxObject*)
17648604	MACH	/home/moritz/dev/repos/ooRexx/build/lib/librexx.so.4	/home/moritz/dev/repos/ooRexx/interpreter/instructions/TraceInstruction.cpp	RexxInstructionTrace::execute(RexxActivation*, ExpressionStack*)
16800000	VCMP	/home/moritz/dev/repos/ooRexx/build/lib/librexx.so.4	/home/moritz/dev/repos/ooRexx/interpreter/classes/IntegerClass.cpp	RexxInteger::copyIntoTail(CompoundVariableTail*)
16800000	ARITH	/home/moritz/dev/repos/ooRexx/build/lib/librexx.so.4	/home/moritz/dev/repos/ooRexx/interpreter/classes/NumberStringClass.cpp	NumberString::equal(RexxObject*)
16520217	MACH	/home/moritz/dev/repos/ooRexx/build/lib/librexx.so.4	/home/moritz/dev/repos/ooRexx/interpreter/instructions/EndIf.cpp	RexxInstructionEndIf::execute(RexxActivation*, ExpressionStack*)
16520013	CALL	/home/moritz/dev/repos/ooRexx/build/lib/librexx.so.4	/home/moritz/dev/repos/ooRexx/interpreter/execution/RexxActivation.cpp	RexxActivation::internalCall(RexxString*, RexxInstruction*, RexxObject**, unsigned long, ProtectedObject&)
16240008	MACH	/home/moritz/dev/repos/ooRexx/build/lib/librexx.so.4	/home/moritz/dev/repos/ooRexx/interpreter/instructions/AddressInstruction.cpp	RexxInstructionAddress::execute(RexxActivation*, ExpressionStack*)
15960004	BIF	/home/moritz/dev/repos/ooRexx/build/lib/librexx.so.4	/home/moritz/dev/repos/ooRexx/interpreter/expression/BuiltinFunctions.cpp	builtin_function_TRACE(RexxActivation*, unsigned long, ExpressionStack*)
15680000	BIF	/home/moritz/dev/repos/ooRexx/build/lib/librexx.so.4	/home/moritz/dev/repos/ooRexx/interpreter/expression/BuiltinFunctions.cpp	builtin_function_WORD(RexxActivation*, unsigned long, ExpressionStack*)
15180004	VCMP	/home/moritz/dev/repos/ooRexx/build/lib/librexx.so.4	/home/moritz/dev/repos/ooRexx/interpreter/classes/StemClass.cpp	StemClass::getCompoundVariable(CompoundVariableTail&)
15121971	CONV	/home/moritz/dev/repos/ooRexx/build/lib/librexx.so.4	/home/moritz/dev/repos/ooRexx/interpreter/classes/ObjectClass.hpp	NumberString::setString(RexxString*)
15120342	CONV	/home/moritz/dev/repos/ooRexx/build/lib/librexx.so.4	/home/moritz/dev/repos/ooRexx/interpreter/classes/StringClass.cpp	RexxString::primitiveMakeString()
15120089	MACH	/home/moritz/dev/repos/ooRexx/build/lib/librexx.so.4	/home/moritz/dev/repos/ooRexx/interpreter/instructions/SelectInstruction.cpp	RexxInstructionSelect::execute(RexxActivation*, ExpressionStack*)
13440016	BIF	/home/moritz/dev/repos/ooRexx/build/lib/librexx.so.4	/home/moritz/dev/repos/ooRexx/interpreter/classes/StringClassUtil.cpp	lengthArgument(RexxObject*, unsigned long)
12880000	MACH	/home/moritz/dev/repos/ooRexx/build/lib/librexx.so.4	/home/moritz/dev/repos/ooRexx/interpreter/instructions/SimpleDoInstruction.cpp	RexxInstructionSimpleDo::execute(RexxActivation*, ExpressionStack*)
12600198	MACH	/home/moritz/dev/repos/ooRexx/build/lib/librexx.so.4	/home/moritz/dev/repos/ooRexx/interpreter/execution/RexxActivation.hpp	RexxInstructionThen::execute(RexxActivation*, ExpressionStack*)
12600000	ARITH	/home/moritz/dev/repos/ooRexx/build/lib/librexx.so.4	/home/moritz/dev/repos/ooRexx/interpreter/classes/NumberStringClass.cpp	NumberString::isLessThan(RexxObject*)
12420004	VCMP	/home/moritz/dev/repos/ooRexx/build/lib/librexx.so.4	/home/moritz/dev/repos/ooRexx/interpreter/expression/ExpressionCompoundVariable.cpp	RexxCompoundVariable::assign(RexxActivation*, RexxObject*)
12322873	CALL	/home/moritz/dev/repos/ooRexx/build/lib/librexx.so.4	/home/moritz/dev/repos/ooRexx/interpreter/concurrency/Activity.cpp	Activity::updateFrameMarkers()
12320331	PARSE	/home/moritz/dev/repos/ooRexx/build/lib/librexx.so.4	/home/moritz/dev/repos/ooRexx/interpreter/classes/StringClass.cpp	RexxString::checkLower()
11481922	CALL	/home/moritz/dev/repos/ooRexx/build/lib/librexx.so.4	/home/moritz/dev/repos/ooRexx/interpreter/execution/RexxActivation.cpp	RexxActivation::termination()
11200000	BIF	/home/moritz/dev/repos/ooRexx/build/lib/librexx.so.4	/home/moritz/dev/repos/ooRexx/interpreter/expression/BuiltinFunctions.cpp	builtin_function_LENGTH(RexxActivation*, unsigned long, ExpressionStack*)
10978544	LIBC	/usr/lib/x86_64-linux-gnu/libc.so.6	/build/reproducible-path/glibc-2.43/string/../sysdeps/x86_64/multiarch/strlen-avx2.S	__strlen_avx2
10927800	MACH	/home/moritz/dev/repos/ooRexx/build/lib/librexx.so.4	/home/moritz/dev/repos/ooRexx/interpreter/instructions/DoBlockComponents.cpp	ForLoop::setup(RexxActivation*, ExpressionStack*, DoBlock*, bool)
10080000	ARITH	/home/moritz/dev/repos/ooRexx/build/lib/librexx.so.4	/home/moritz/dev/repos/ooRexx/interpreter/classes/IntegerClass.cpp	RexxInteger::equal(RexxObject*)
9520004	MACH	/home/moritz/dev/repos/ooRexx/build/lib/librexx.so.4	/home/moritz/dev/repos/ooRexx/interpreter/instructions/LeaveInstruction.cpp	RexxInstructionLeave::execute(RexxActivation*, ExpressionStack*)
9240136	PARSE	/home/moritz/dev/repos/ooRexx/build/lib/librexx.so.4	/home/moritz/dev/repos/ooRexx/interpreter/instructions/ParseTrigger.cpp	ParseTrigger::integerTrigger(RexxActivation*, ExpressionStack*)
8960521	CONV	/home/moritz/dev/repos/ooRexx/build/lib/librexx.so.4	/home/moritz/dev/repos/ooRexx/interpreter/classes/NumberStringClass.cpp	NumberString::numberValue(long&, long)
8960028	BIF	/home/moritz/dev/repos/ooRexx/build/lib/librexx.so.4	/home/moritz/dev/repos/ooRexx/interpreter/classes/StringClassMisc.cpp	RexxString::pos(RexxString*, unsigned long)
8703026	MACH	/home/moritz/dev/repos/ooRexx/build/lib/librexx.so.4	/home/moritz/dev/repos/ooRexx/interpreter/execution/RexxActivation.hpp	RexxInstructionBaseLoop::endLoop(RexxActivation*)
8402535	CONV	/home/moritz/dev/repos/ooRexx/build/lib/librexx.so.4	/home/moritz/dev/repos/ooRexx/interpreter/classes/StringClass.cpp	RexxString::numberValue(long&, long)
8400255	CONV	/home/moritz/dev/repos/ooRexx/build/lib/librexx.so.4	/home/moritz/dev/repos/ooRexx/interpreter/classes/StringClass.cpp	RexxString::setNumberString(NumberString*)
8120004	VCMP	/home/moritz/dev/repos/ooRexx/build/lib/librexx.so.4	/home/moritz/dev/repos/ooRexx/interpreter/execution/RexxVariable.cpp	RexxVariable::setStem(RexxObject*)
7761216	ARITH	/home/moritz/dev/repos/ooRexx/build/lib/librexx.so.4	/home/moritz/dev/repos/ooRexx/interpreter/classes/NumberStringMath.cpp	NumberStringBase::stripLeadingZeros(char*)
7560004	CALL	/home/moritz/dev/repos/ooRexx/build/lib/librexx.so.4	/home/moritz/dev/repos/ooRexx/interpreter/concurrency/ActivityManager.cpp	ActivityManager::newActivation(Activity*, RexxActivation*, RexxCode*, ActivationContext)
7560000	ARITH	/home/moritz/dev/repos/ooRexx/build/lib/librexx.so.4	/home/moritz/dev/repos/ooRexx/interpreter/classes/NumberStringClass.cpp	NumberString::checkIntegerDigits(long, long&, long&, bool&)
7282626	MACH	/home/moritz/dev/repos/ooRexx/build/lib/librexx.so.4	/home/moritz/dev/repos/ooRexx/interpreter/classes/StringClass.hpp	TraceSetting::parseTraceSetting(RexxString*, char&)
7281560	CALL	/home/moritz/dev/repos/ooRexx/build/lib/librexx.so.4	/home/moritz/dev/repos/ooRexx/interpreter/concurrency/Activity.cpp	Activity::pushStackFrame(ActivationBase*)
7281118	CALL	/home/moritz/dev/repos/ooRexx/build/lib/librexx.so.4	/home/moritz/dev/repos/ooRexx/interpreter/concurrency/Activity.cpp	Activity::popStackFrame(bool)
7281118	CALL	/home/moritz/dev/repos/ooRexx/build/lib/librexx.so.4	/home/moritz/dev/repos/ooRexx/interpreter/execution/RexxActivation.cpp	RexxActivation::allocateStackFrame()
6720008	CONV	/home/moritz/dev/repos/ooRexx/build/lib/librexx.so.4	/home/moritz/dev/repos/ooRexx/interpreter/classes/IntegerClass.cpp	RexxInteger::primitiveMakeString()
6720004	BIF	/home/moritz/dev/repos/ooRexx/build/lib/librexx.so.4	/home/moritz/dev/repos/ooRexx/interpreter/classes/StringClassSub.cpp	RexxString::substr(RexxInteger*, RexxInteger*, RexxString*)
6720000	ARITH	/home/moritz/dev/repos/ooRexx/build/lib/librexx.so.4	/home/moritz/dev/repos/ooRexx/interpreter/classes/IntegerClass.cpp	RexxInteger::isLessThan(RexxObject*)
6720000	MACH	/home/moritz/dev/repos/ooRexx/build/lib/librexx.so.4	/home/moritz/dev/repos/ooRexx/interpreter/execution/TraceSetting.cpp	TraceSetting::toString()
6680094	MACH	/home/moritz/dev/repos/ooRexx/build/lib/librexx.so.4	/home/moritz/dev/repos/ooRexx/interpreter/classes/IntegerClass.cpp	RexxInteger::truthValue(RexxErrorCodes)
6442304	MACH	/home/moritz/dev/repos/ooRexx/build/lib/librexx.so.4	/home/moritz/dev/repos/ooRexx/interpreter/execution/RexxActivation.cpp	RexxActivation::setTrace(RexxString*)
6160400	CONV	/home/moritz/dev/repos/ooRexx/build/lib/librexx.so.4	/home/moritz/dev/repos/ooRexx/interpreter/classes/NumberStringClass.hpp	NumberString::numberString()
5880021	GC	/home/moritz/dev/repos/ooRexx/build/lib/librexx.so.4	/home/moritz/dev/repos/ooRexx/interpreter/classes/NumberStringClass.cpp	NumberString::clone()
5701025	GC	/home/moritz/dev/repos/ooRexx/build/lib/librexx.so.4	/home/moritz/dev/repos/ooRexx/interpreter/instructions/DoBlock.cpp	DoBlock::operator new(unsigned long)
5701014	MACH	/home/moritz/dev/repos/ooRexx/build/lib/librexx.so.4	/home/moritz/dev/repos/ooRexx/interpreter/instructions/ControlledDoInstruction.cpp	RexxInstructionControlledDo::iterate(RexxActivation*, ExpressionStack*, DoBlock*, bool)
5640000	ARITH	/home/moritz/dev/repos/ooRexx/build/lib/librexx.so.4	/home/moritz/dev/repos/ooRexx/interpreter/classes/IntegerClass.cpp	RexxInteger::strictEquality(RexxObject*)
5604000	MACH	/home/moritz/dev/repos/ooRexx/build/lib/librexx.so.4	/home/moritz/dev/repos/ooRexx/common/BitSet.hpp	RexxActivation::setTrace(TraceSetting const&)
5600044	VCMP	/home/moritz/dev/repos/ooRexx/build/lib/librexx.so.4	/home/moritz/dev/repos/ooRexx/interpreter/classes/StemClass.cpp	StemClass::StemClass(RexxString*)
5600010	VCMP	/home/moritz/dev/repos/ooRexx/build/lib/librexx.so.4	/home/moritz/dev/repos/ooRexx/interpreter/expression/ExpressionStem.cpp	RexxStemVariable::assign(RexxActivation*, RexxObject*)
5440000	CONV	/home/moritz/dev/repos/ooRexx/build/lib/librexx.so.4	/home/moritz/dev/repos/ooRexx/interpreter/classes/StringClass.cpp	RexxString::getValue(RexxActivation*)
5320532	CALL	/home/moritz/dev/repos/ooRexx/build/lib/librexx.so.4	/home/moritz/dev/repos/ooRexx/interpreter/execution/RexxActivation.cpp	RexxActivation::returnFrom(RexxObject*)
5320078	ARITH	/home/moritz/dev/repos/ooRexx/build/lib/librexx.so.4	/home/moritz/dev/repos/ooRexx/interpreter/classes/StringClass.cpp	RexxString::primitiveIsEqual(RexxObject*)
5040512	CALL	/home/moritz/dev/repos/ooRexx/build/lib/librexx.so.4	/home/moritz/dev/repos/ooRexx/interpreter/instructions/ReturnInstruction.cpp	RexxInstructionReturn::execute(RexxActivation*, ExpressionStack*)
5040054	PARSE	/home/moritz/dev/repos/ooRexx/build/lib/librexx.so.4	/home/moritz/dev/repos/ooRexx/interpreter/instructions/ParseTarget.cpp	RexxTarget::forward(unsigned long)
5040009	CONV	/home/moritz/dev/repos/ooRexx/build/lib/librexx.so.4	/home/moritz/dev/repos/ooRexx/interpreter/classes/NumberStringClass.cpp	NumberString::primitiveMakeString()
5040000	CONV	/home/moritz/dev/repos/ooRexx/build/lib/librexx.so.4	/home/moritz/dev/repos/ooRexx/interpreter/classes/IntegerClass.cpp	RexxInteger::stringValue()
4860004	ARITH	/home/moritz/dev/repos/ooRexx/build/lib/librexx.so.4	/home/moritz/dev/repos/ooRexx/interpreter/classes/NumberStringClass.cpp	NumberString::multiply(RexxObject*)
4480000	ARITH	/home/moritz/dev/repos/ooRexx/build/lib/librexx.so.4	/home/moritz/dev/repos/ooRexx/interpreter/classes/StringClass.cpp	RexxString::multiply(RexxObject*)
4480000	BIF	/home/moritz/dev/repos/ooRexx/build/lib/librexx.so.4	/home/moritz/dev/repos/ooRexx/interpreter/classes/StringClass.hpp	RexxString::lengthRexx()
4200990	CONV	/home/moritz/dev/repos/ooRexx/build/lib/librexx.so.4	/home/moritz/dev/repos/ooRexx/interpreter/classes/ObjectClass.cpp	RexxInternalObject::requiredString()
3920196	VCMP	/home/moritz/dev/repos/ooRexx/build/lib/librexx.so.4	/home/moritz/dev/repos/ooRexx/interpreter/classes/support/CompoundVariableTail.cpp	CompoundVariableTail::makeString()
3602428	ARITH	/home/moritz/dev/repos/ooRexx/build/lib/librexx.so.4	/home/moritz/dev/repos/ooRexx/interpreter/classes/IntegerClass.cpp	RexxInteger::isGreaterThan(RexxObject*)
3600004	ARITH	/home/moritz/dev/repos/ooRexx/build/lib/librexx.so.4	/home/moritz/dev/repos/ooRexx/interpreter/classes/IntegerClass.cpp	RexxInteger::strictEqual(RexxObject*)
3480600	MACH	/home/moritz/dev/repos/ooRexx/build/lib/librexx.so.4	/home/moritz/dev/repos/ooRexx/interpreter/instructions/DoBlock.cpp	DoBlock::setCounter(RexxActivation*)
3420606	MACH	/home/moritz/dev/repos/ooRexx/build/lib/librexx.so.4	/home/moritz/dev/repos/ooRexx/interpreter/execution/RexxActivation.hpp	RexxBlockInstruction::handleDebugPause(RexxActivation*, DoBlock*)
3360036	VCMP	/home/moritz/dev/repos/ooRexx/build/lib/librexx.so.4	/home/moritz/dev/repos/ooRexx/interpreter/classes/support/CompoundVariableTable.cpp	CompoundVariableTable::setRoot(CompoundTableElement*)
3080433	CONV	/home/moritz/dev/repos/ooRexx/build/lib/librexx.so.4	/home/moritz/dev/repos/ooRexx/interpreter/classes/ObjectClass.cpp	RexxInternalObject::requiredString(unsigned long)
3080214	CONV	/home/moritz/dev/repos/ooRexx/build/lib/librexx.so.4	/home/moritz/dev/repos/ooRexx/interpreter/classes/NumberStringClass.cpp	NumberString::integerValue(long)
3080000	BIF	/home/moritz/dev/repos/ooRexx/build/lib/librexx.so.4	/home/moritz/dev/repos/ooRexx/interpreter/expression/BuiltinFunctions.cpp	builtin_function_ADDRESS(RexxActivation*, unsigned long, ExpressionStack*)
2800670	VSIM	/home/moritz/dev/repos/ooRexx/build/lib/librexx.so.4	/home/moritz/dev/repos/ooRexx/interpreter/execution/RexxVariable.cpp	RexxVariable::drop()
2800004	BIF	/home/moritz/dev/repos/ooRexx/build/lib/librexx.so.4	/home/moritz/dev/repos/ooRexx/interpreter/classes/StringClassWord.cpp	RexxString::word(RexxInteger*)
2520621	CONV	/home/moritz/dev/repos/ooRexx/build/lib/librexx.so.4	/home/moritz/dev/repos/ooRexx/interpreter/classes/StringClass.cpp	RexxString::makeString()
2520026	VCMP	/home/moritz/dev/repos/ooRexx/build/lib/librexx.so.4	/home/moritz/dev/repos/ooRexx/interpreter/classes/support/CompoundVariableTable.cpp	CompoundVariableTable::init(StemClass*)
2400800	MACH	/home/moritz/dev/repos/ooRexx/build/lib/librexx.so.4	/home/moritz/dev/repos/ooRexx/interpreter/instructions/DoBlock.hpp	RexxInstructionDoCount::iterate(RexxActivation*, ExpressionStack*, DoBlock*, bool)
2240000	MACH	/home/moritz/dev/repos/ooRexx/build/lib/librexx.so.4	/home/moritz/dev/repos/ooRexx/common/BitSet.hpp	RexxInstructionLabel::execute(RexxActivation*, ExpressionStack*)
2240000	CONV	/home/moritz/dev/repos/ooRexx/build/lib/librexx.so.4	/home/moritz/dev/repos/ooRexx/interpreter/classes/IntegerClass.cpp	RexxInteger::concat(RexxString*)
2112633	ELSE	/usr/lib/x86_64-linux-gnu/ld-linux-x86-64.so.2	./elf/./elf/dl-lookup.c	_dl_lookup_symbol_x
1985240	ELSE	/usr/lib/x86_64-linux-gnu/ld-linux-x86-64.so.2	./elf/./elf/dl-lookup.c	do_lookup_x
1960000	VCMP	/home/moritz/dev/repos/ooRexx/build/lib/librexx.so.4	/home/moritz/dev/repos/ooRexx/interpreter/classes/StemClass.cpp	StemClass::setValue(RexxObject*)
1680270	ELSE	/home/moritz/dev/repos/ooRexx/build/lib/librexx.so.4	/home/moritz/dev/repos/ooRexx/interpreter/classes/support/RexxDateTime.cpp	RexxDateTime::clear()
1680000	MACH	/home/moritz/dev/repos/ooRexx/build/lib/librexx.so.4	/home/moritz/dev/repos/ooRexx/interpreter/execution/RexxActivation.cpp	RexxActivation::setAddress(RexxString*, CommandIOConfiguration*)
1610436	GC	/home/moritz/dev/repos/ooRexx/build/lib/librexx.so.4	/home/moritz/dev/repos/ooRexx/interpreter/classes/support/HashContents.cpp	HashContents::live(unsigned long)
1602135	GC	/home/moritz/dev/repos/ooRexx/build/lib/librexx.so.4	/home/moritz/dev/repos/ooRexx/interpreter/memory/RexxMemory.cpp	MemoryObject::mark(RexxInternalObject*)
1540377	ELSE	/usr/lib/x86_64-linux-gnu/ld-linux-x86-64.so.2	./elf/./elf/dl-reloc.c	_dl_relocate_object_no_relro
1413564	GC	/home/moritz/dev/repos/ooRexx/build/lib/librexx.so.4	/home/moritz/dev/repos/ooRexx/interpreter/memory/RexxMemory.cpp	MemoryObject::markObjectsMain(RexxInternalObject*)
1400215	GC	/home/moritz/dev/repos/ooRexx/build/lib/librexx.so.4	/home/moritz/dev/repos/ooRexx/interpreter/execution/RexxActivation.cpp	RexxActivation::operator new(unsigned long)
1400200	ELSE	???	???	0x000000000492a608
1400070	VCMP	/home/moritz/dev/repos/ooRexx/build/lib/librexx.so.4	/home/moritz/dev/repos/ooRexx/interpreter/classes/support/CompoundTableElement.cpp	CompoundTableElement::operator new(unsigned long)
1400010	VCMP	/home/moritz/dev/repos/ooRexx/build/lib/librexx.so.4	/home/moritz/dev/repos/ooRexx/interpreter/classes/StemClass.cpp	StemClass::operator new(unsigned long)
1400010	VCMP	/home/moritz/dev/repos/ooRexx/build/lib/librexx.so.4	/home/moritz/dev/repos/ooRexx/interpreter/classes/support/CompoundVariableTable.cpp	CompoundVariableTable::setParent(StemClass*)
1160404	MACH	/home/moritz/dev/repos/ooRexx/build/lib/librexx.so.4	/home/moritz/dev/repos/ooRexx/interpreter/instructions/DoInstruction.hpp	RexxInstructionBaseLoop::getCountVariable()
1122892	CALL	/home/moritz/dev/repos/ooRexx/build/lib/librexx.so.4	/home/moritz/dev/repos/ooRexx/interpreter/concurrency/Activity.cpp	Activity::checkStackSpace()
1120804	MACH	/home/moritz/dev/repos/ooRexx/build/lib/librexx.so.4	/home/moritz/dev/repos/ooRexx/interpreter/instructions/DoCountInstruction.cpp	RexxInstructionDoCount::setup(RexxActivation*, ExpressionStack*, DoBlock*)
1120280	CALL	/home/moritz/dev/repos/ooRexx/build/lib/librexx.so.4	/home/moritz/dev/repos/ooRexx/interpreter/concurrency/Activity.cpp	Activity::checkActivationStack()
1120266	MACH	/home/moritz/dev/repos/ooRexx/build/lib/librexx.so.4	/home/moritz/dev/repos/ooRexx/interpreter/instructions/RexxInstruction.cpp	RexxInstructionExpression::evaluateExpression(RexxActivation*, ExpressionStack*)
1120228	CALL	/home/moritz/dev/repos/ooRexx/build/lib/librexx.so.4	/home/moritz/dev/repos/ooRexx/interpreter/execution/RexxActivation.cpp	RexxActivation::getRexxContext()
1120208	MACH	/home/moritz/dev/repos/ooRexx/build/lib/librexx.so.4	/home/moritz/dev/repos/ooRexx/interpreter/runtime/Numerics.cpp	NumericSettings::setDefault()
1120196	MACH	/home/moritz/dev/repos/ooRexx/build/lib/librexx.so.4	/home/moritz/dev/repos/ooRexx/interpreter/execution/RexxActivation.cpp	RexxActivation::getNumericSettings()
1120172	MACH	/home/moritz/dev/repos/ooRexx/build/lib/librexx.so.4	/home/moritz/dev/repos/ooRexx/interpreter/execution/ActivationBase.hpp	ActivationBase::isStackBase()
1120006	MACH	/home/moritz/dev/repos/ooRexx/build/lib/librexx.so.4	/home/moritz/dev/repos/ooRexx/interpreter/instructions/RexxInstruction.hpp	RexxBlockInstruction::getCountVariable()
1120000	MACH	/home/moritz/dev/repos/ooRexx/build/lib/librexx.so.4	/home/moritz/dev/repos/ooRexx/interpreter/instructions/DoInstruction.hpp	RexxInstructionBaseLoop::isLoop()
900010	MACH	/home/moritz/dev/repos/ooRexx/build/lib/librexx.so.4	/home/moritz/dev/repos/ooRexx/interpreter/instructions/ControlledDoInstruction.cpp	RexxInstructionControlledDo::setup(RexxActivation*, ExpressionStack*, DoBlock*)
841664	MACH	/home/moritz/dev/repos/ooRexx/build/lib/librexx.so.4	/home/moritz/dev/repos/ooRexx/interpreter/execution/RexxActivation.cpp	RexxActivation::traceEntry()
840300	MACH	/home/moritz/dev/repos/ooRexx/build/lib/librexx.so.4	/home/moritz/dev/repos/ooRexx/interpreter/execution/RexxActivation.cpp	RexxActivation::closeStreams()
840004	MACH	/home/moritz/dev/repos/ooRexx/build/lib/librexx.so.4	/home/moritz/dev/repos/ooRexx/interpreter/execution/PackageSetting.hpp	RexxActivation::traceSetting()
840000	MACH	/home/moritz/dev/repos/ooRexx/build/lib/librexx.so.4	/home/moritz/dev/repos/ooRexx/interpreter/platform/unix/MiscSystem.cpp	SystemInterpreter::validateAddressName(RexxString*)
840000	ELSE	???	???	0x000000000492a580
578932	GC	/home/moritz/dev/repos/ooRexx/build/lib/librexx.so.4	/home/moritz/dev/repos/ooRexx/interpreter/memory/RexxMemory.cpp	MemoryObject::markGeneral(void*)
560400	MACH	/home/moritz/dev/repos/ooRexx/build/lib/librexx.so.4	/home/moritz/dev/repos/ooRexx/interpreter/execution/RexxActivation.cpp	RexxActivation::digits()
560202	CONV	/home/moritz/dev/repos/ooRexx/build/lib/librexx.so.4	/home/moritz/dev/repos/ooRexx/interpreter/classes/ObjectClass.cpp	RexxInternalObject::requestNumber(long&, long)
560104	MACH	/home/moritz/dev/repos/ooRexx/build/lib/librexx.so.4	/home/moritz/dev/repos/ooRexx/interpreter/runtime/Numerics.cpp	NumericSettings::NumericSettings()
560088	ELSE	/home/moritz/dev/repos/ooRexx/build/lib/librexx.so.4	/home/moritz/dev/repos/ooRexx/interpreter/classes/support/RexxDateTime.cpp	RexxDateTime::RexxDateTime()
560086	CALL	/home/moritz/dev/repos/ooRexx/build/lib/librexx.so.4	/home/moritz/dev/repos/ooRexx/interpreter/execution/BaseCode.cpp	BaseCode::getPackageObject()
560008	CONV	/home/moritz/dev/repos/ooRexx/build/lib/librexx.so.4	/home/moritz/dev/repos/ooRexx/interpreter/classes/ObjectClass.cpp	RexxInternalObject::requestUnsignedNumber(unsigned long&, long)
560000	ELSE	???	???	0x000000000492a688
560000	ELSE	???	???	0x000000000492a7c8
536976	GC	/home/moritz/dev/repos/ooRexx/build/lib/librexx.so.4	/home/moritz/dev/repos/ooRexx/interpreter/memory/MapBucket.cpp	MapBucket::live(unsigned long)
499383	GC	/home/moritz/dev/repos/ooRexx/build/lib/librexx.so.4	/home/moritz/dev/repos/ooRexx/interpreter/classes/support/HashContents.cpp	HashContents::liveGeneral(MarkReason)
440986	ELSE	/home/moritz/dev/repos/ooRexx/build/lib/librexx.so.4	/home/moritz/dev/repos/ooRexx/interpreter/memory/MemorySegment.cpp	NormalSegmentSet::addDeadObject(char*, unsigned long)
384038	ELSE	/usr/lib/x86_64-linux-gnu/libc.so.6	./stdlib/./stdlib/getenv.c	getenv
342150	GC	/home/moritz/dev/repos/ooRexx/build/lib/librexx.so.4	/home/moritz/dev/repos/ooRexx/interpreter/memory/RexxMemory.cpp	MemoryObject::restoreImage()
337735	ELSE	/usr/lib/x86_64-linux-gnu/ld-linux-x86-64.so.2	./elf/./elf/dl-lookup-direct.c	check_match
308760	ELSE	/usr/lib/x86_64-linux-gnu/libc.so.6	./stdio-common/./stdio-common/vfscanf-internal.c	__vfscanf_internal
280000	ELSE	???	???	0x000000000492a7b0
280000	ELSE	???	???	0x000000000492a5f8
246960	GC	/home/moritz/dev/repos/ooRexx/build/lib/librexx.so.4	/home/moritz/dev/repos/ooRexx/interpreter/execution/RexxVariable.cpp	RexxVariable::live(unsigned long)
245004	ELSE	/usr/lib/x86_64-linux-gnu/libc.so.6	./time/./time/offtime.c	__offtime
173281	ELSE	/usr/lib/x86_64-linux-gnu/libc.so.6	./stdio-common/./stdio-common/vfprintf-internal.c	__printf_buffer
162756	ELSE	/usr/lib/x86_64-linux-gnu/libc.so.6	./stdlib/../stdlib/strtol_l.c	____strtoul_l_internal
154051	GC	/home/moritz/dev/repos/ooRexx/build/lib/librexx.so.4	/home/moritz/dev/repos/ooRexx/interpreter/expression/ExpressionOperator.cpp	RexxExpressionOperator::live(unsigned long)
140340	ELSE	/home/moritz/dev/repos/ooRexx/build/lib/librexx.so.4	/home/moritz/dev/repos/ooRexx/interpreter/memory/RexxMemory.hpp	ImageRestoreMarkHandler::mark(RexxInternalObject**, RexxInternalObject*)
125060	GC	/home/moritz/dev/repos/ooRexx/build/lib/librexx.so.4	/home/moritz/dev/repos/ooRexx/interpreter/classes/ArrayClass.cpp	ArrayClass::live(unsigned long)
124460	GC	/home/moritz/dev/repos/ooRexx/build/lib/librexx.so.4	/home/moritz/dev/repos/ooRexx/interpreter/instructions/AssignmentInstruction.cpp	RexxInstructionAssignment::live(unsigned long)
117331	ELSE	/usr/lib/x86_64-linux-gnu/libc.so.6	./time/./time/tzfile.c	__tzfile_compute
107850	ELSE	/usr/lib/x86_64-linux-gnu/libc.so.6	./time/./time/tzset.c	__tzstring_len
106644	LIBC	/usr/lib/x86_64-linux-gnu/libc.so.6	/build/reproducible-path/glibc-2.43/string/../sysdeps/x86_64/multiarch/strcmp-avx2.S	__strncmp_avx2
105484	GC	/home/moritz/dev/repos/ooRexx/build/lib/librexx.so.4	/home/moritz/dev/repos/ooRexx/interpreter/classes/support/CompoundTableElement.cpp	CompoundTableElement::live(unsigned long)
95885	GC	/home/moritz/dev/repos/ooRexx/build/lib/librexx.so.4	/home/moritz/dev/repos/ooRexx/interpreter/instructions/IfInstruction.cpp	RexxInstructionIf::live(unsigned long)
88359	ELSE	/usr/lib/x86_64-linux-gnu/ld-linux-x86-64.so.2	./elf/./elf/dl-runtime.c	_dl_fixup
88090	ELSE	/usr/lib/x86_64-linux-gnu/ld-linux-x86-64.so.2	/build/reproducible-path/glibc-2.43/string/../sysdeps/x86_64/multiarch/../multiarch/strcmp-sse2.S	strcmp
86170	LIBC	/usr/lib/x86_64-linux-gnu/libc.so.6	/build/reproducible-path/glibc-2.43/string/../sysdeps/x86_64/multiarch/strchr-avx2.S	__strchr_avx2
83419	GC	/home/moritz/dev/repos/ooRexx/build/lib/librexx.so.4	/home/moritz/dev/repos/ooRexx/interpreter/execution/RexxLocalVariables.cpp	RexxLocalVariables::live(unsigned long)
81951	GC	/home/moritz/dev/repos/ooRexx/build/lib/librexx.so.4	/home/moritz/dev/repos/ooRexx/interpreter/classes/ArrayClass.cpp	ArrayClass::liveGeneral(MarkReason)
81356	GC	/home/moritz/dev/repos/ooRexx/build/lib/librexx.so.4	/home/moritz/dev/repos/ooRexx/interpreter/execution/VariableDictionary.cpp	VariableDictionary::live(unsigned long)
74930	GC	/home/moritz/dev/repos/ooRexx/build/lib/librexx.so.4	/home/moritz/dev/repos/ooRexx/interpreter/instructions/ParseTrigger.cpp	ParseTrigger::live(unsigned long)
72898	GC	/home/moritz/dev/repos/ooRexx/build/lib/librexx.so.4	/home/moritz/dev/repos/ooRexx/interpreter/instructions/EndIf.cpp	RexxInstructionEndIf::live(unsigned long)
72859	ELSE	/usr/lib/x86_64-linux-gnu/libc.so.6	./time/./time/tzset.c	__tz_convert
67249	ELSE	/usr/lib/x86_64-linux-gnu/libc.so.6	./time/./time/mktime.c	__mktime_internal
64657	ELSE	/usr/lib/x86_64-linux-gnu/libc.so.6	./stdio-common/./stdio-common/Xprintf_buffer_write.c	__printf_buffer_write
61849	GC	/home/moritz/dev/repos/ooRexx/build/lib/librexx.so.4	/home/moritz/dev/repos/ooRexx/interpreter/instructions/ParseInstruction.cpp	RexxInstructionParse::live(unsigned long)
58547	GC	/home/moritz/dev/repos/ooRexx/build/lib/librexx.so.4	/home/moritz/dev/repos/ooRexx/interpreter/instructions/RexxInstruction.cpp	RexxInstructionExpression::live(unsigned long)
58138	ELSE	/home/moritz/dev/repos/ooRexx/build/lib/librexx.so.4	/home/moritz/dev/repos/ooRexx/interpreter/parser/Scanner.cpp	LanguageParser::scanSymbol()
57912	GC	/home/moritz/dev/repos/ooRexx/build/lib/librexx.so.4	/home/moritz/dev/repos/ooRexx/interpreter/instructions/ThenInstruction.cpp	RexxInstructionThen::live(unsigned long)
56871	ELSE	/usr/lib/x86_64-linux-gnu/libc.so.6	./time/./time/mktime.c	ydhms_diff
56637	GC	/home/moritz/dev/repos/ooRexx/build/lib/librexx.so.4	/home/moritz/dev/repos/ooRexx/interpreter/behaviour/RexxBehaviour.cpp	RexxBehaviour::live(unsigned long)
53467	GC	/home/moritz/dev/repos/ooRexx/build/lib/librexx.so.4	/home/moritz/dev/repos/ooRexx/interpreter/expression/ExpressionFunction.cpp	RexxExpressionFunction::live(unsigned long)
52585	ELSE	/home/moritz/dev/repos/ooRexx/build/lib/librexx.so.4	/home/moritz/dev/repos/ooRexx/common/Utilities.cpp	Utilities::locateCharacter(char const*, char const*, unsigned long)
51083	ELSE	/home/moritz/dev/repos/ooRexx/build/lib/librexx.so.4	/home/moritz/dev/repos/ooRexx/interpreter/parser/Scanner.cpp	LanguageParser::sourceNextToken(RexxToken*)
49805	ELSE	/home/moritz/dev/repos/ooRexx/build/lib/librexx.so.4	/home/moritz/dev/repos/ooRexx/interpreter/classes/ArrayClass.cpp	ArrayClass::closeGap(unsigned long, unsigned long)
47902	ELSE	/usr/lib/x86_64-linux-gnu/libc.so.6	./time/./time/tzfile.c	__tzfile_read
47681	ELSE	/home/moritz/dev/repos/ooRexx/build/lib/librexx.so.4	/home/moritz/dev/repos/ooRexx/interpreter/classes/support/HashContents.cpp	HashContents::locateEntry(RexxInternalObject*, unsigned long&, unsigned long&)
47498	GC	/home/moritz/dev/repos/ooRexx/build/lib/librexx.so.4	/home/moritz/dev/repos/ooRexx/interpreter/expression/ExpressionVariable.cpp	RexxSimpleVariable::live(unsigned long)
44000	BIF	/home/moritz/dev/repos/ooRexx/build/lib/librexx.so.4	/home/moritz/dev/repos/ooRexx/interpreter/expression/BuiltinFunctions.cpp	builtin_function_TIME(RexxActivation*, unsigned long, ExpressionStack*)
42160	ELSE	/home/moritz/dev/repos/ooRexx/build/lib/librexx.so.4	/home/moritz/dev/repos/ooRexx/interpreter/parser/Scanner.cpp	LanguageParser::locateToken(unsigned int&, bool)
40004	CONV	/home/moritz/dev/repos/ooRexx/build/lib/librexx.so.4	/home/moritz/dev/repos/ooRexx/interpreter/classes/IntegerClass.cpp	RexxInteger::integerValue(long)
36918	ELSE	/usr/lib/x86_64-linux-gnu/libc.so.6	./stdio-common/./stdio-common/_fitoa_word.c	_itoa_word
35644	GC	/home/moritz/dev/repos/ooRexx/build/lib/librexx.so.4	/home/moritz/dev/repos/ooRexx/interpreter/classes/MethodClass.cpp	MethodClass::liveGeneral(MarkReason)
35413	GC	/home/moritz/dev/repos/ooRexx/build/lib/librexx.so.4	/home/moritz/dev/repos/ooRexx/interpreter/instructions/ControlledDoInstruction.cpp	RexxInstructionControlledDo::live(unsigned long)
35033	ELSE	/usr/lib/x86_64-linux-gnu/libc.so.6	./stdlib/./stdlib/random_r.c	random_r
34960	ELSE	/usr/lib/x86_64-linux-gnu/ld-linux-x86-64.so.2	/build/reproducible-path/glibc-2.43/elf/../sysdeps/x86_64/dl-trampoline.h	_dl_runtime_resolve_xsave
33683	GC	/home/moritz/dev/repos/ooRexx/build/lib/librexx.so.4	/home/moritz/dev/repos/ooRexx/interpreter/execution/NativeActivation.cpp	NativeActivation::live(unsigned long)
32604	ELSE	/home/moritz/dev/repos/ooRexx/build/lib/librexx.so.4	/home/moritz/dev/repos/ooRexx/interpreter/memory/MemorySegment.cpp	NormalSegmentSet::completeSweepOperation()
32466	ELSE	/home/moritz/dev/repos/ooRexx/build/lib/librexx.so.4	/home/moritz/dev/repos/ooRexx/interpreter/parser/Clause.cpp	RexxClause::newToken(TokenClass, TokenSubclass, RexxString*, SourceLocation&)
30875	ELSE	/home/moritz/dev/repos/ooRexx/build/lib/librexx.so.4	/home/moritz/dev/repos/ooRexx/interpreter/classes/StringClass.hpp	StringHashContents::hashIndex(RexxInternalObject*)
30135	GC	/home/moritz/dev/repos/ooRexx/build/lib/librexx.so.4	/home/moritz/dev/repos/ooRexx/interpreter/classes/support/HashCollection.cpp	HashCollection::live(unsigned long)
29994	GC	/home/moritz/dev/repos/ooRexx/build/lib/librexx.so.4	/home/moritz/dev/repos/ooRexx/interpreter/expression/ExpressionMessage.cpp	RexxExpressionMessage::liveGeneral(MarkReason)
29604	ELSE	/usr/lib/x86_64-linux-gnu/libc.so.6	./time/./time/tzset.c	tzset_internal
29592	CALLOC	/usr/lib/x86_64-linux-gnu/libc.so.6	./malloc/./malloc/malloc.c	free
28148	ELSE	/home/moritz/dev/repos/ooRexx/build/lib/librexx.so.4	/home/moritz/dev/repos/ooRexx/interpreter/parser/KeywordConstants.cpp	RexxToken::resolveKeyword(RexxString*, KeywordEntry*, unsigned long)
27042	ELSE	/home/moritz/dev/repos/ooRexx/build/lib/librexx.so.4	/home/moritz/dev/repos/ooRexx/interpreter/classes/ArrayClass.cpp	ArrayClass::openGap(unsigned long, unsigned long)
26289	GC	/home/moritz/dev/repos/ooRexx/build/lib/librexx.so.4	/home/moritz/dev/repos/ooRexx/interpreter/instructions/EndInstruction.cpp	RexxInstructionEnd::live(unsigned long)
25872	ELSE	/home/moritz/dev/repos/ooRexx/build/lib/librexx.so.4	/home/moritz/dev/repos/ooRexx/interpreter/classes/support/HashContents.cpp	HashContents::iterateNext(unsigned long&, unsigned long&)
25735	ELSE	/usr/lib/x86_64-linux-gnu/libc.so.6	./libio/./libio/iogetdelim.c	getdelim
25020	CALLOC	/usr/lib/x86_64-linux-gnu/libc.so.6	./malloc/./malloc/malloc.c	malloc
23742	LIBC	/usr/lib/x86_64-linux-gnu/libc.so.6	/build/reproducible-path/glibc-2.43/string/../sysdeps/x86_64/multiarch/strchr-avx2.S	__strchrnul_avx2
23360	ELSE	/usr/lib/x86_64-linux-gnu/libc.so.6	./libio/./libio/genops.c	_IO_sputbackc
21971	GC	/home/moritz/dev/repos/ooRexx/build/lib/librexx.so.4	/home/moritz/dev/repos/ooRexx/interpreter/expression/ExpressionCompoundVariable.cpp	RexxCompoundVariable::live(unsigned long)
21604	ELSE	/home/moritz/dev/repos/ooRexx/build/lib/librexx.so.4	/home/moritz/dev/repos/ooRexx/interpreter/classes/support/RexxDateTime.cpp	RexxDateTime::getBaseDate()
21581	ELSE	/usr/lib/x86_64-linux-gnu/ld-linux-x86-64.so.2	./elf/./elf/dl-version.c	_dl_check_map_versions
19939	GC	/home/moritz/dev/repos/ooRexx/build/lib/librexx.so.4	/home/moritz/dev/repos/ooRexx/interpreter/instructions/CallInstruction.cpp	RexxInstructionCall::live(unsigned long)
17947	LIBC	/usr/lib/x86_64-linux-gnu/libc.so.6	/build/reproducible-path/glibc-2.43/string/../sysdeps/x86_64/multiarch/strcmp-avx2.S	__strcmp_avx2
17693	ELSE	/home/moritz/dev/repos/ooRexx/build/lib/librexx.so.4	/home/moritz/dev/repos/ooRexx/interpreter/classes/ArrayClass.cpp	ArrayClass::insert(RexxInternalObject*, unsigned long)
17452	GC	/home/moritz/dev/repos/ooRexx/build/lib/librexx.so.4	/home/moritz/dev/repos/ooRexx/interpreter/instructions/DoBlock.cpp	DoBlock::live(unsigned long)
17390	ELSE	/home/moritz/dev/repos/ooRexx/build/lib/librexx.so.4	/home/moritz/dev/repos/ooRexx/interpreter/classes/support/HashContents.cpp	HashContents::initializeFreeChain()
17043	GC	/home/moritz/dev/repos/ooRexx/build/lib/librexx.so.4	/home/moritz/dev/repos/ooRexx/interpreter/execution/RexxActivation.cpp	RexxActivation::live(unsigned long)
16757	ELSE	/home/moritz/dev/repos/ooRexx/build/lib/librexx.so.4	/home/moritz/dev/repos/ooRexx/interpreter/classes/support/HashContents.cpp	HashContents::get(RexxInternalObject*)
16412	ELSE	/home/moritz/dev/repos/ooRexx/build/lib/librexx.so.4	/home/moritz/dev/repos/ooRexx/interpreter/platform/unix/TimeSupport.cpp	SystemInterpreter::getCurrentTime(RexxDateTime*)
16294	ELSE	/usr/lib/x86_64-linux-gnu/ld-linux-x86-64.so.2	./elf/./elf/dl-tunables.c	__GI___tunables_init
16080	ELSE	/usr/lib/x86_64-linux-gnu/libc.so.6	./string/./string/strdup.c	strdup
16012	ELSE	/home/moritz/dev/repos/ooRexx/build/lib/librexx.so.4	/home/moritz/dev/repos/ooRexx/interpreter/parser/Scanner.cpp	LanguageParser::scanComment()
15618	LIBC	/usr/lib/x86_64-linux-gnu/libc.so.6	/build/reproducible-path/glibc-2.43/string/../sysdeps/x86_64/multiarch/memmove-vec-unaligned-erms.S	__memcpy_chk_avx_unaligned_erms
15456	ELSE	/home/moritz/dev/repos/ooRexx/build/lib/librexx.so.4	/home/moritz/dev/repos/ooRexx/common/platform/unix/SysFile.cpp	SysFile::read(char*, unsigned long, unsigned long&)
15367	GC	/home/moritz/dev/repos/ooRexx/build/lib/librexx.so.4	/home/moritz/dev/repos/ooRexx/interpreter/classes/PackageClass.cpp	PackageClass::live(unsigned long)
15113	GC	/home/moritz/dev/repos/ooRexx/build/lib/librexx.so.4	/home/moritz/dev/repos/ooRexx/interpreter/instructions/DoCountInstruction.cpp	RexxInstructionDoCount::live(unsigned long)
14681	GC	/home/moritz/dev/repos/ooRexx/build/lib/librexx.so.4	/home/moritz/dev/repos/ooRexx/interpreter/concurrency/Activity.cpp	Activity::live(unsigned long)
14598	GC	/home/moritz/dev/repos/ooRexx/build/lib/librexx.so.4	/home/moritz/dev/repos/ooRexx/interpreter/memory/MemoryStack.cpp	PushThroughStack::live(unsigned long)
14557	GC	/home/moritz/dev/repos/ooRexx/build/lib/librexx.so.4	/home/moritz/dev/repos/ooRexx/interpreter/runtime/InterpreterInstance.cpp	InterpreterInstance::live(unsigned long)
14504	ELSE	/home/moritz/dev/repos/ooRexx/build/lib/librexx.so.4	/home/moritz/dev/repos/ooRexx/interpreter/classes/ArrayClass.hpp	ArrayClass::setArrayItem(unsigned long, RexxInternalObject*)
14463	GC	/home/moritz/dev/repos/ooRexx/build/lib/librexx.so.4	/home/moritz/dev/repos/ooRexx/interpreter/classes/StringClass.cpp	RexxString::live(unsigned long)
14421	ELSE	/home/moritz/dev/repos/ooRexx/build/lib/librexx.so.4	/home/moritz/dev/repos/ooRexx/interpreter/classes/StringClass.hpp	StringHashContents::isIndexEqual(RexxInternalObject*, RexxInternalObject*)
14408	ELSE	/home/moritz/dev/repos/ooRexx/build/lib/librexx.so.4	/home/moritz/dev/repos/ooRexx/interpreter/classes/support/RexxDateTime.cpp	RexxDateTime::getBaseTime()
14016	ELSE	/usr/lib/x86_64-linux-gnu/libc.so.6	./stdio-common/./stdio-common/isoc23_sscanf.c	__isoc23_sscanf
13984	ELSE	/usr/lib/x86_64-linux-gnu/libc.so.6	./libio/./libio/vsnprintf.c	__vsnprintf_internal
13665	ELSE	/home/moritz/dev/repos/ooRexx/build/lib/librexx.so.4	/home/moritz/dev/repos/ooRexx/interpreter/classes/support/HashContents.cpp	HashContents::put(RexxInternalObject*, RexxInternalObject*)
13657	ELSE	/usr/lib/x86_64-linux-gnu/libc.so.6	./nptl/./nptl/pthread_mutex_lock.c	pthread_mutex_lock@@GLIBC_2.2.5
13263	GC	/home/moritz/dev/repos/ooRexx/build/lib/librexx.so.4	/home/moritz/dev/repos/ooRexx/interpreter/execution/ActivationSettings.cpp	ActivationSettings::live(unsigned long)
13140	GC	/home/moritz/dev/repos/ooRexx/build/lib/librexx.so.4	/home/moritz/dev/repos/ooRexx/interpreter/classes/ObjectClass.cpp	RexxObject::live(unsigned long)
12880	ELSE	/usr/lib/x86_64-linux-gnu/libc.so.6	./time/./time/tzset.c	__tzstring
12795	MACH	/home/moritz/dev/repos/ooRexx/build/lib/librexx.so.4	/home/moritz/dev/repos/ooRexx/interpreter/execution/RexxActivation.cpp	RexxActivation::getTime()
12284	ELSE	/usr/lib/x86_64-linux-gnu/libc.so.6	./nptl/./nptl/pthread_mutex_unlock.c	__pthread_mutex_unlock_usercnt
12228	ELSE	/usr/lib/x86_64-linux-gnu/libstdc++.so.6.0.36	/build/reproducible-path/gcc-16-16.2.0/build/x86_64-linux-gnu/libstdc++-v3/src/c++98/../../../../../src/libstdc++-v3/src/c++98/locale.cc	std::locale::_Impl::_M_install_facet(std::locale::id const*, std::locale::facet const*)
12180	ELSE	/usr/lib/x86_64-linux-gnu/libc.so.6	./nss/./nss/fgetpwent_r.c	_nss_files_parse_pwent
11752	ELSE	/home/moritz/dev/repos/ooRexx/build/lib/librexx.so.4	/home/moritz/dev/repos/ooRexx/interpreter/memory/MemorySegment.cpp	NormalSegmentSet::prepareForSweep()
11464	ELSE	/home/moritz/dev/repos/ooRexx/build/lib/librexx.so.4	/home/moritz/dev/repos/ooRexx/interpreter/classes/ArrayClass.cpp	ArrayClass::deleteItem(unsigned long)
11211	ELSE	/home/moritz/dev/repos/ooRexx/build/lib/librexx.so.4	/home/moritz/dev/repos/ooRexx/interpreter/parser/LanguageParser.cpp	LanguageParser::nextClause()
11203	GC	/home/moritz/dev/repos/ooRexx/build/lib/librexx.so.4	/home/moritz/dev/repos/ooRexx/interpreter/execution/CPPCode.cpp	CPPCode::liveGeneral(MarkReason)
11135	CALLOC	/usr/lib/x86_64-linux-gnu/libc.so.6	./malloc/./malloc/malloc.c	_int_malloc
10985	ELSE	/home/moritz/dev/repos/ooRexx/build/lib/librexx.so.4	/home/moritz/dev/repos/ooRexx/interpreter/parser/LanguageParser.cpp	LanguageParser::parseSubExpression(int)
10851	GC	/home/moritz/dev/repos/ooRexx/build/lib/librexx.so.4	/home/moritz/dev/repos/ooRexx/interpreter/memory/RexxMemory.cpp	MemoryObject::live(unsigned long)
10804	ELSE	/usr/lib/x86_64-linux-gnu/libc.so.6	./libio/./libio/strops.c	_IO_str_init_static_internal
10584	ELSE	/home/moritz/dev/repos/ooRexx/build/lib/librexx.so.4	/home/moritz/dev/repos/ooRexx/interpreter/classes/support/HashContents.cpp	HashContents::setEntry(unsigned long, RexxInternalObject*, RexxInternalObject*)
10579	GC	/home/moritz/dev/repos/ooRexx/build/lib/librexx.so.4	/home/moritz/dev/repos/ooRexx/interpreter/classes/StemClass.cpp	StemClass::live(unsigned long)
10483	GC	/home/moritz/dev/repos/ooRexx/build/lib/librexx.so.4	/home/moritz/dev/repos/ooRexx/interpreter/instructions/UseInstruction.cpp	RexxInstructionUse::liveGeneral(MarkReason)
10453	ELSE	/usr/lib/x86_64-linux-gnu/libc.so.6	./elf/./elf/dl-addr.c	_dl_addr
10400	ELSE	/home/moritz/dev/repos/ooRexx/build/lib/librexx.so.4	/home/moritz/dev/repos/ooRexx/interpreter/classes/support/RexxDateTime.cpp	RexxDateTime::getYearDay()
10236	GC	/home/moritz/dev/repos/ooRexx/build/lib/librexx.so.4	/home/moritz/dev/repos/ooRexx/interpreter/instructions/MessageInstruction.cpp	RexxInstructionMessage::liveGeneral(MarkReason)
10200	ELSE	/usr/lib/x86_64-linux-gnu/libc.so.6	./stdio-common/./stdio-common/Xprintf_buffer_pad_1.c	__printf_buffer_pad_1
10051	ELSE	/usr/lib/x86_64-linux-gnu/libc.so.6	./stdio-common/./stdio-common/snprintf.c	snprintf
9652	GC	/home/moritz/dev/repos/ooRexx/build/lib/librexx.so.4	/home/moritz/dev/repos/ooRexx/interpreter/instructions/SelectInstruction.cpp	RexxInstructionSelect::live(unsigned long)
9464	ELSE	/home/moritz/dev/repos/ooRexx/build/lib/librexx.so.4	/home/moritz/dev/repos/ooRexx/interpreter/classes/ObjectClass.cpp	RexxObject::messageSend(RexxString*, RexxObject**, unsigned long, ProtectedObject&)'2
9451	GC	/home/moritz/dev/repos/ooRexx/build/lib/librexx.so.4	/home/moritz/dev/repos/ooRexx/interpreter/memory/RexxMemory.cpp	MemoryObject::checkUninit()
9393	GC	/home/moritz/dev/repos/ooRexx/build/lib/librexx.so.4	/home/moritz/dev/repos/ooRexx/interpreter/memory/InternalStack.cpp	InternalStack::live(unsigned long)
9210	GC	/home/moritz/dev/repos/ooRexx/build/lib/librexx.so.4	/home/moritz/dev/repos/ooRexx/interpreter/expression/ExpressionFunction.cpp	RexxExpressionFunction::liveGeneral(MarkReason)
9144	GC	/home/moritz/dev/repos/ooRexx/build/lib/librexx.so.4	/home/moritz/dev/repos/ooRexx/interpreter/instructions/BaseDoInstruction.cpp	RexxBlockInstruction::live(unsigned long)
9090	GC	/home/moritz/dev/repos/ooRexx/build/lib/librexx.so.4	/home/moritz/dev/repos/ooRexx/interpreter/concurrency/ActivityManager.cpp	ActivityManager::live(unsigned long)
9055	GC	/home/moritz/dev/repos/ooRexx/build/lib/librexx.so.4	/home/moritz/dev/repos/ooRexx/interpreter/classes/NumberStringClass.cpp	NumberString::live(unsigned long)
8831	ELSE	/home/moritz/dev/repos/ooRexx/build/lib/librexx.so.4	/home/moritz/dev/repos/ooRexx/interpreter/parser/LanguageParser.cpp	LanguageParser::parseMessageSubterm(int)
8677	ELSE	/usr/lib/x86_64-linux-gnu/ld-linux-x86-64.so.2	./elf/./elf/dl-load.c	_dl_map_object_from_fd
8496	ELSE	/home/moritz/dev/repos/ooRexx/build/lib/librexx.so.4	/home/moritz/dev/repos/ooRexx/interpreter/parser/Token.cpp	RexxToken::isTerminator(int)
8452	GC	/home/moritz/dev/repos/ooRexx/build/lib/librexx.so.4	/home/moritz/dev/repos/ooRexx/interpreter/memory/MemorySegment.cpp	MemorySegmentSet::sweep()
8395	ELSE	/home/moritz/dev/repos/ooRexx/build/lib/librexx.so.4	/home/moritz/dev/repos/ooRexx/interpreter/parser/Scanner.cpp	LanguageParser::scanLiteral()
8395	ELSE	/home/moritz/dev/repos/ooRexx/build/lib/librexx.so.4	/home/moritz/dev/repos/ooRexx/interpreter/parser/InstructionParser.cpp	LanguageParser::nextInstruction()
8044	ELSE	/home/moritz/dev/repos/ooRexx/build/lib/librexx.so.4	/home/moritz/dev/repos/ooRexx/interpreter/execution/RexxLocalVariables.cpp	RexxLocalVariables::lookupVariable(RexxString*, unsigned long)
7936	ELSE	/usr/lib/x86_64-linux-gnu/libc.so.6	./wcsmbs/./wcsmbs/btowc.c	btowc
7874	GC	/home/moritz/dev/repos/ooRexx/build/lib/librexx.so.4	/home/moritz/dev/repos/ooRexx/interpreter/instructions/TraceInstruction.cpp	RexxInstructionTrace::live(unsigned long)
7840	GC	/home/moritz/dev/repos/ooRexx/build/lib/librexx.so.4	/home/moritz/dev/repos/ooRexx/interpreter/behaviour/MethodDictionary.cpp	MethodDictionary::liveGeneral(MarkReason)
7832	GC	/home/moritz/dev/repos/ooRexx/build/lib/librexx.so.4	/home/moritz/dev/repos/ooRexx/interpreter/execution/RexxCode.cpp	RexxCode::liveGeneral(MarkReason)
7644	ELSE	/usr/lib/x86_64-linux-gnu/libc.so.6	./stdlib/./stdlib/random_r.c	srandom_r
7584	ELSE	/usr/lib/x86_64-linux-gnu/libc.so.6	./nptl/./nptl/pthread_getattr_np.c	pthread_getattr_np@@GLIBC_2.32
7544	ELSE	/home/moritz/dev/repos/ooRexx/build/lib/librexx.so.4	/home/moritz/dev/repos/ooRexx/interpreter/classes/ArrayClass.cpp	ArrayClass::put(RexxInternalObject*, unsigned long)
7516	GC	/home/moritz/dev/repos/ooRexx/build/lib/librexx.so.4	/home/moritz/dev/repos/ooRexx/interpreter/instructions/RaiseInstruction.cpp	RexxInstructionRaise::liveGeneral(MarkReason)
7429	ELSE	/usr/lib/x86_64-linux-gnu/libc.so.6	./stdio-common/./stdio-common/Xprintf_buffer_done.c	__printf_buffer_done
7055	CALL	/home/moritz/dev/repos/ooRexx/build/lib/librexx.so.4	/home/moritz/dev/repos/ooRexx/interpreter/expression/ExpressionStack.cpp	ExpressionStack::optionalStringArg(unsigned long)
7037	ELSE	/home/moritz/dev/repos/ooRexx/build/lib/librexx.so.4	/home/moritz/dev/repos/ooRexx/interpreter/parser/LanguageParser.cpp	LanguageParser::parseSubTerm(int)
7024	ELSE	/home/moritz/dev/repos/ooRexx/build/lib/librexx.so.4	/home/moritz/dev/repos/ooRexx/interpreter/parser/LanguageParser.cpp	LanguageParser::translateBlock()
6956	ELSE	/usr/lib/x86_64-linux-gnu/libc.so.6	./libio/./libio/genops.c	_IO_no_init
6916	ELSE	/usr/lib/x86_64-linux-gnu/libc.so.6	./libio/./libio/genops.c	_IO_old_init
6688	GC	/home/moritz/dev/repos/ooRexx/build/lib/librexx.so.4	/home/moritz/dev/repos/ooRexx/interpreter/expression/ExpressionOperator.cpp	RexxExpressionOperator::liveGeneral(MarkReason)
6400	ELSE	/usr/lib/x86_64-linux-gnu/libc.so.6	./time/./time/tzset.c	tzset
6210	GC	/home/moritz/dev/repos/ooRexx/build/lib/librexx.so.4	/home/moritz/dev/repos/ooRexx/interpreter/instructions/AssignmentInstruction.cpp	RexxInstructionAssignment::liveGeneral(MarkReason)
6072	GC	/home/moritz/dev/repos/ooRexx/build/lib/librexx.so.4	/home/moritz/dev/repos/ooRexx/interpreter/package/PackageManager.cpp	PackageManager::live(unsigned long)
6052	ELSE	/home/moritz/dev/repos/ooRexx/build/lib/librexx.so.4	/home/moritz/dev/repos/ooRexx/interpreter/parser/LanguageParser.cpp	LanguageParser::commonString(RexxString*)
6000	GC	/home/moritz/dev/repos/ooRexx/build/lib/librexx.so.4	/home/moritz/dev/repos/ooRexx/interpreter/instructions/EndIf.cpp	RexxInstructionEndIf::liveGeneral(MarkReason)
5876	ELSE	/home/moritz/dev/repos/ooRexx/build/lib/librexx.so.4	/home/moritz/dev/repos/ooRexx/interpreter/parser/LanguageParser.cpp	LanguageParser::addText(RexxToken*)
5822	ELSE	/usr/lib/x86_64-linux-gnu/ld-linux-x86-64.so.2	./elf/../sysdeps/x86/dl-cacheinfo.h	intel_check_word.constprop.0
5730	ELSE	/home/moritz/dev/repos/ooRexx/build/lib/librexx.so.4	/home/moritz/dev/repos/ooRexx/interpreter/classes/support/HashContents.cpp	HashContents::append(RexxInternalObject*, RexxInternalObject*, unsigned long)
5712	ELSE	/home/moritz/dev/repos/ooRexx/build/lib/librexx.so.4	/home/moritz/dev/repos/ooRexx/interpreter/classes/ArrayClass.cpp	ArrayClass::updateLastItem()
5704	ELSE	/home/moritz/dev/repos/ooRexx/build/lib/librexx.so.4	/home/moritz/dev/repos/ooRexx/interpreter/classes/ArrayClass.cpp	ArrayClass::getFirstItem()
5670	ELSE	/home/moritz/dev/repos/ooRexx/build/lib/librexx.so.4	/home/moritz/dev/repos/ooRexx/interpreter/parser/LanguageParser.cpp	LanguageParser::pushTerm(RexxInternalObject*)
5628	ELSE	/usr/lib/x86_64-linux-gnu/libc.so.6	./io/../sysdeps/unix/sysv/linux/fstatat64.c	fstatat
5616	ELSE	/home/moritz/dev/repos/ooRexx/build/lib/librexx.so.4	/home/moritz/dev/repos/ooRexx/interpreter/classes/ArrayClass.cpp	ArrayClass::empty()
5604	ELSE	/home/moritz/dev/repos/ooRexx/build/lib/librexx.so.4	/home/moritz/dev/repos/ooRexx/interpreter/classes/support/RexxDateTime.cpp	RexxDateTime::getUTCBaseTime()
5542	ELSE	/home/moritz/dev/repos/ooRexx/build/lib/librexx.so.4	/home/moritz/dev/repos/ooRexx/interpreter/parser/Clause.hpp	RexxClause::nextRealToken()
5530	ELSE	/usr/lib/x86_64-linux-gnu/libc.so.6	./nptl/./nptl/cancellation.c	__internal_syscall_cancel
5499	ELSE	/home/moritz/dev/repos/ooRexx/build/lib/librexx.so.4	/home/moritz/dev/repos/ooRexx/interpreter/classes/support/HashContents.cpp	HashContents::add(RexxInternalObject*, RexxInternalObject*)
5443	ELSE	/usr/lib/x86_64-linux-gnu/ld-linux-x86-64.so.2	./elf/./elf/dl-misc.c	_dl_name_match_p
5415	GC	/home/moritz/dev/repos/ooRexx/build/lib/librexx.so.4	/home/moritz/dev/repos/ooRexx/interpreter/expression/ExpressionStack.cpp	ExpressionStack::live(unsigned long)
5375	ELSE	/home/moritz/dev/repos/ooRexx/build/lib/librexx.so.4	/home/moritz/dev/repos/ooRexx/interpreter/execution/CPPCode.cpp	CPPCode::run(Activity*, MethodClass*, RexxObject*, RexxString*, RexxObject**, unsigned long, ProtectedObject&)'2
5334	GC	/home/moritz/dev/repos/ooRexx/build/lib/librexx.so.4	/home/moritz/dev/repos/ooRexx/interpreter/classes/IntegerClass.cpp	RexxInteger::live(unsigned long)
5207	GC	/home/moritz/dev/repos/ooRexx/build/lib/librexx.so.4	/home/moritz/dev/repos/ooRexx/interpreter/execution/RexxCode.cpp	RexxCode::live(unsigned long)
5143	GC	/home/moritz/dev/repos/ooRexx/build/lib/librexx.so.4	/home/moritz/dev/repos/ooRexx/interpreter/runtime/Interpreter.cpp	Interpreter::live(unsigned long)
5130	ELSE	/home/moritz/dev/repos/ooRexx/build/lib/librexx.so.4	/home/moritz/dev/repos/ooRexx/interpreter/classes/ArrayClass.cpp	ArrayClass::nextIndex(unsigned long)
5054	ELSE	/home/moritz/dev/repos/ooRexx/build/lib/librexx.so.4	/home/moritz/dev/repos/ooRexx/interpreter/parser/LanguageParser.cpp	LanguageParser::popTerm()
5032	ELSE	/usr/lib/x86_64-linux-gnu/libc.so.6	./libio/./libio/genops.c	_IO_setb
4985	ELSE	/usr/lib/x86_64-linux-gnu/libc.so.6	./nptl/./nptl/cancellation.c	__syscall_cancel
4849	ELSE	/home/moritz/dev/repos/ooRexx/build/lib/librexx.so.4	/home/moritz/dev/repos/ooRexx/interpreter/classes/support/HashCollection.cpp	HashCollection::put(RexxInternalObject*, RexxInternalObject*)
4805	ELSE	/home/moritz/dev/repos/ooRexx/build/lib/librexx.so.4	/home/moritz/dev/repos/ooRexx/interpreter/parser/SourceLocation.hpp	RexxClause::setEnd(unsigned long, unsigned long)
4800	ELSE	/home/moritz/dev/repos/ooRexx/build/lib/librexx.so.4	/home/moritz/dev/repos/ooRexx/interpreter/classes/support/RexxDateTime.cpp	RexxDateTime::getTimeSeconds()
4770	ELSE	/usr/lib/x86_64-linux-gnu/libc.so.6	./io/../sysdeps/unix/sysv/linux/read.c	read
4741	GC	/home/moritz/dev/repos/ooRexx/build/lib/librexx.so.4	/home/moritz/dev/repos/ooRexx/interpreter/instructions/RexxInstruction.cpp	RexxInstructionExpression::liveGeneral(MarkReason)
4699	GC	/home/moritz/dev/repos/ooRexx/build/lib/librexx.so.4	/home/moritz/dev/repos/ooRexx/interpreter/instructions/SignalInstruction.cpp	RexxInstructionSignalOn::live(unsigned long)
4448	ELSE	/home/moritz/dev/repos/ooRexx/build/lib/librexx.so.4	/home/moritz/dev/repos/ooRexx/interpreter/classes/NumberStringMath2.cpp	NumberString::subtractDivisor(char const*, long, char const*, long, char*, int)
4445	GC	/home/moritz/dev/repos/ooRexx/build/lib/librexx.so.4	/home/moritz/dev/repos/ooRexx/interpreter/instructions/AddressInstruction.cpp	RexxInstructionAddress::live(unsigned long)
4410	GC	/home/moritz/dev/repos/ooRexx/build/lib/librexx.so.4	/home/moritz/dev/repos/ooRexx/interpreter/instructions/IfInstruction.cpp	RexxInstructionIf::liveGeneral(MarkReason)
4323	GC	/home/moritz/dev/repos/ooRexx/build/lib/librexx.so.4	/home/moritz/dev/repos/ooRexx/interpreter/classes/DirectoryClass.cpp	DirectoryClass::live(unsigned long)
4218	GC	/home/moritz/dev/repos/ooRexx/build/lib/librexx.so.4	/home/moritz/dev/repos/ooRexx/interpreter/instructions/ExposeInstruction.cpp	RexxInstructionExpose::liveGeneral(MarkReason)
4180	ELSE	/home/moritz/dev/repos/ooRexx/build/lib/librexx.so.4	/home/moritz/dev/repos/ooRexx/interpreter/parser/LanguageParser.cpp	LanguageParser::parseMessageTerm()
4072	ELSE	/home/moritz/dev/repos/ooRexx/build/lib/librexx.so.4	/home/moritz/dev/repos/ooRexx/interpreter/behaviour/RexxBehaviour.cpp	RexxBehaviour::RexxBehaviour(ClassTypeCode, RexxObject* (RexxObject::**)())
4060	GC	/home/moritz/dev/repos/ooRexx/build/lib/librexx.so.4	/home/moritz/dev/repos/ooRexx/interpreter/classes/ClassClass.cpp	RexxClass::liveGeneral(MarkReason)
4026	ELSE	/home/moritz/dev/repos/ooRexx/build/lib/librexx.so.4	/home/moritz/dev/repos/ooRexx/interpreter/parser/Scanner.cpp	LanguageParser::endLocation(SourceLocation&)
4020	ELSE	/usr/lib/x86_64-linux-gnu/libc.so.6	./io/../sysdeps/unix/sysv/linux/stat64.c	stat
3973	CALL	/home/moritz/dev/repos/ooRexx/build/lib/librexx.so.4	/home/moritz/dev/repos/ooRexx/interpreter/execution/RexxActivation.cpp	RexxActivation::RexxActivation(Activity*, RexxActivation*, MethodClass*, RexxCode*)
3949	GC	/home/moritz/dev/repos/ooRexx/build/lib/librexx.so.4	/home/moritz/dev/repos/ooRexx/interpreter/classes/support/HashCollection.cpp	HashCollection::liveGeneral(MarkReason)
3937	GC	/home/moritz/dev/repos/ooRexx/build/lib/librexx.so.4	/home/moritz/dev/repos/ooRexx/interpreter/classes/RoutineClass.cpp	RoutineClass::live(unsigned long)
3901	ELSE	/home/moritz/dev/repos/ooRexx/build/lib/librexx.so.4	/home/moritz/dev/repos/ooRexx/interpreter/parser/ProgramSource.cpp	BufferProgramSource::buildDescriptors()
3900	ELSE	/home/moritz/dev/repos/ooRexx/build/lib/librexx.so.4	/home/moritz/dev/repos/ooRexx/interpreter/parser/InstructionParser.cpp	LanguageParser::sourceNewObject(unsigned long, RexxBehaviour*, InstructionKeyword)
3864	ELSE	/home/moritz/dev/repos/ooRexx/build/lib/librexx.so.4	/home/moritz/dev/repos/ooRexx/interpreter/memory/SmartBuffer.cpp	SmartBuffer::copyData(void*, unsigned long)
3825	ELSE	/home/moritz/dev/repos/ooRexx/build/lib/librexx.so.4	/home/moritz/dev/repos/ooRexx/interpreter/execution/CPPCode.cpp	CPPCode::run(Activity*, MethodClass*, RexxObject*, RexxString*, RexxObject**, unsigned long, ProtectedObject&)
3758	LIBC	/usr/lib/x86_64-linux-gnu/libc.so.6	/build/reproducible-path/glibc-2.43/string/../sysdeps/x86_64/multiarch/strncpy-avx2.S	__strncpy_avx2
3720	ELSE	/usr/lib/x86_64-linux-gnu/libc.so.6	./nptl/./nptl/libc-cleanup.c	__libc_cleanup_push_defer
3556	GC	/home/moritz/dev/repos/ooRexx/build/lib/librexx.so.4	/home/moritz/dev/repos/ooRexx/interpreter/instructions/RexxInstruction.cpp	RexxInstruction::live(unsigned long)
3540	ELSE	/home/moritz/dev/repos/ooRexx/build/lib/librexx.so.4	/home/moritz/dev/repos/ooRexx/interpreter/classes/ArrayClass.cpp	ArrayClass::extend(unsigned long)
3511	ELSE	/home/moritz/dev/repos/ooRexx/build/lib/librexx.so.4	/home/moritz/dev/repos/ooRexx/interpreter/classes/support/HashContents.cpp	HashContents::reMerge(HashContents*)
3435	ELSE	/home/moritz/dev/repos/ooRexx/build/lib/librexx.so.4	/home/moritz/dev/repos/ooRexx/interpreter/parser/Scanner.cpp	LanguageParser::startLocation(SourceLocation&)
3427	ELSE	/home/moritz/dev/repos/ooRexx/build/lib/librexx.so.4	/home/moritz/dev/repos/ooRexx/interpreter/expression/ExpressionDotVariable.cpp	RexxDotVariable::evaluate(RexxActivation*, ExpressionStack*)
3302	GC	/home/moritz/dev/repos/ooRexx/build/lib/librexx.so.4	/home/moritz/dev/repos/ooRexx/interpreter/parser/ProgramSource.cpp	BufferProgramSource::live(unsigned long)
3296	ELSE	/usr/lib/x86_64-linux-gnu/ld-linux-x86-64.so.2	./elf/./elf/dl-deps.c	_dl_map_object_deps
3295	MACH	/home/moritz/dev/repos/ooRexx/build/lib/librexx.so.4	/home/moritz/dev/repos/ooRexx/interpreter/instructions/MessageInstruction.cpp	RexxInstructionMessage::execute(RexxActivation*, ExpressionStack*)
3248	ELSE	/home/moritz/dev/repos/ooRexx/build/lib/librexx.so.4	/home/moritz/dev/repos/ooRexx/interpreter/parser/LanguageParser.cpp	LanguageParser::requiredTerm(RexxToken*, RexxErrorCodes)
3234	GC	/home/moritz/dev/repos/ooRexx/build/lib/librexx.so.4	/home/moritz/dev/repos/ooRexx/interpreter/instructions/ThenInstruction.cpp	RexxInstructionThen::liveGeneral(MarkReason)
3200	ELSE	/usr/lib/x86_64-linux-gnu/libc.so.6	./time/./time/mktime.c	mktime
3152	GC	/home/moritz/dev/repos/ooRexx/build/lib/librexx.so.4	/home/moritz/dev/repos/ooRexx/interpreter/expression/ExpressionVariable.cpp	RexxSimpleVariable::liveGeneral(MarkReason)
3150	ELSE	/usr/lib/x86_64-linux-gnu/libstdc++.so.6.0.36	/build/reproducible-path/gcc-16-16.2.0/build/x86_64-linux-gnu/libstdc++-v3/src/c++11/ctype_members.cc	std::ctype<wchar_t>::_M_initialize_ctype()
3143	ELSE	/usr/lib/x86_64-linux-gnu/libc.so.6	./nss/./nss/nss_action_parse.c	__nss_action_parse
3108	ELSE	/home/moritz/dev/repos/ooRexx/build/lib/librexx.so.4	/home/moritz/dev/repos/ooRexx/interpreter/parser/LanguageParser.cpp	LanguageParser::flushControl(RexxInstruction*)
3108	ELSE	/usr/lib/x86_64-linux-gnu/libc.so.6	./libio/./libio/iogetline.c	_IO_getline_info
3051	ELSE	/usr/lib/x86_64-linux-gnu/ld-linux-x86-64.so.2	./elf/./elf/dl-cache.c	_dl_cache_libcmp
3048	GC	/home/moritz/dev/repos/ooRexx/build/lib/librexx.so.4	/home/moritz/dev/repos/ooRexx/interpreter/instructions/ElseInstruction.cpp	RexxInstructionElse::live(unsigned long)
3048	GC	/home/moritz/dev/repos/ooRexx/build/lib/librexx.so.4	/home/moritz/dev/repos/ooRexx/interpreter/instructions/LeaveInstruction.cpp	RexxInstructionLeave::live(unsigned long)
3042	MACH	/home/moritz/dev/repos/ooRexx/build/lib/librexx.so.4	/home/moritz/dev/repos/ooRexx/interpreter/instructions/MessageInstruction.cpp	RexxInstructionMessage::execute(RexxActivation*, ExpressionStack*)'2
3029	ELSE	/home/moritz/dev/repos/ooRexx/build/lib/librexx.so.4	/home/moritz/dev/repos/ooRexx/interpreter/runtime/Interpreter.cpp	Interpreter::resourceLock()
3025	ELSE	/usr/lib/x86_64-linux-gnu/ld-linux-x86-64.so.2	./elf/./elf/dl-load.c	_dl_lookup_map
3022	ELSE	/home/moritz/dev/repos/ooRexx/build/lib/librexx.so.4	/home/moritz/dev/repos/ooRexx/interpreter/classes/support/HashCollection.cpp	HashCollection::get(RexxInternalObject*)
3006	ARITH	/home/moritz/dev/repos/ooRexx/build/lib/librexx.so.4	/home/moritz/dev/repos/ooRexx/interpreter/classes/NumberStringMath2.cpp	NumberString::Division(NumberString*, NumberString::ArithmeticOperator)
2995	ELSE	/usr/lib/x86_64-linux-gnu/libc.so.6	./nss/./nss/nss_database.c	nss_database_check_reload_and_get
2994	ELSE	/home/moritz/dev/repos/ooRexx/build/lib/librexx.so.4	/home/moritz/dev/repos/ooRexx/interpreter/parser/LanguageParser.cpp	LanguageParser::addSimpleVariable(RexxString*)
2902	ELSE	/home/moritz/dev/repos/ooRexx/build/lib/librexx.so.4	/home/moritz/dev/repos/ooRexx/interpreter/classes/support/HashContents.cpp	HashContents::iterator()
2870	ELSE	/home/moritz/dev/repos/ooRexx/build/lib/librexx.so.4	/home/moritz/dev/repos/ooRexx/interpreter/parser/ProgramSource.cpp	BufferProgramSource::getLine(unsigned long, char const*&, unsigned long&)
2821	ELSE	/usr/lib/x86_64-linux-gnu/libc.so.6	./time/../sysdeps/unix/sysv/linux/gettimeofday.c	__gettimeofday_syscall
2790	ELSE	/usr/lib/x86_64-linux-gnu/libc.so.6	./nptl/./nptl/libc-cleanup.c	__libc_cleanup_pop_restore
2760	GC	/home/moritz/dev/repos/ooRexx/build/lib/librexx.so.4	/home/moritz/dev/repos/ooRexx/interpreter/execution/ActivationStack.cpp	ActivationStack::live(unsigned long)
2756	ELSE	/home/moritz/dev/repos/ooRexx/build/lib/librexx.so.4	/home/moritz/dev/repos/ooRexx/interpreter/classes/MethodClass.cpp	MethodClass::run(Activity*, RexxObject*, RexxString*, RexxObject**, unsigned long, ProtectedObject&)'2
2728	GC	/home/moritz/dev/repos/ooRexx/build/lib/librexx.so.4	/home/moritz/dev/repos/ooRexx/interpreter/execution/NativeCode.cpp	NativeCode::liveGeneral(MarkReason)
2720	LIBC	/usr/lib/x86_64-linux-gnu/libc.so.6	./stdlib/../stdlib/strtol.c	__strtoul_internal
2688	ELSE	/usr/lib/x86_64-linux-gnu/libc.so.6	./nss/nss_files/files-XXX.c	internal_getent
2676	ELSE	/home/moritz/dev/repos/ooRexx/build/lib/librexx.so.4	/home/moritz/dev/repos/ooRexx/interpreter/classes/PackageClass.cpp	PackageClass::findClass(RexxString*, RexxObject*&)
2675	ELSE	/home/moritz/dev/repos/ooRexx/build/lib/librexx.so.4	/home/moritz/dev/repos/ooRexx/interpreter/memory/MemorySegment.cpp	NormalSegmentSet::handleAllocationFailure(unsigned long)
2657	MACH	/home/moritz/dev/repos/ooRexx/build/lib/librexx.so.4	/home/moritz/dev/repos/ooRexx/interpreter/expression/ExpressionMessage.cpp	RexxExpressionMessage::evaluate(RexxActivation*, ExpressionStack*)
2640	GC	/home/moritz/dev/repos/ooRexx/build/lib/librexx.so.4	/home/moritz/dev/repos/ooRexx/interpreter/memory/MapTable.cpp	MapTable::live(unsigned long)
2638	GC	/home/moritz/dev/repos/ooRexx/build/lib/librexx.so.4	/home/moritz/dev/repos/ooRexx/interpreter/behaviour/RexxBehaviour.cpp	RexxBehaviour::liveGeneral(MarkReason)
2627	ELSE	/usr/lib/x86_64-linux-gnu/libc.so.6	./libio/./libio/fileops.c	_IO_file_seekoff@@GLIBC_2.2.5
2551	ELSE	/home/moritz/dev/repos/ooRexx/build/lib/librexx.so.4	/home/moritz/dev/repos/ooRexx/interpreter/parser/InstructionParser.cpp	LanguageParser::parseNew(InstructionSubKeyword)
2540	GC	/home/moritz/dev/repos/ooRexx/build/lib/librexx.so.4	/home/moritz/dev/repos/ooRexx/interpreter/execution/TrapHandler.cpp	TrapHandler::live(unsigned long)
2459	MACH	/home/moritz/dev/repos/ooRexx/build/lib/librexx.so.4	/home/moritz/dev/repos/ooRexx/interpreter/instructions/UseInstruction.cpp	RexxInstructionUse::execute(RexxActivation*, ExpressionStack*)
2403	ELSE	/home/moritz/dev/repos/ooRexx/build/lib/librexx.so.4	/home/moritz/dev/repos/ooRexx/interpreter/memory/MemorySegment.hpp	NormalSegmentSet::findObject(unsigned long)
2400	GC	/home/moritz/dev/repos/ooRexx/build/lib/librexx.so.4	/home/moritz/dev/repos/ooRexx/interpreter/instructions/BaseDoInstruction.cpp	RexxBlockInstruction::liveGeneral(MarkReason)
2387	GC	/home/moritz/dev/repos/ooRexx/build/lib/librexx.so.4	/home/moritz/dev/repos/ooRexx/interpreter/instructions/EndInstruction.cpp	RexxInstructionEnd::liveGeneral(MarkReason)
2324	ELSE	/home/moritz/dev/repos/ooRexx/build/lib/librexx.so.4	/home/moritz/dev/repos/ooRexx/interpreter/parser/LanguageParser.cpp	LanguageParser::parseFullSubExpression(int)
2324	ELSE	/home/moritz/dev/repos/ooRexx/build/lib/librexx.so.4	/home/moritz/dev/repos/ooRexx/interpreter/platform/unix/SysFileSystem.cpp	SysFileSystem::normalizePathName(char const*, FileNameBuffer&)
2292	ELSE	/home/moritz/dev/repos/ooRexx/build/lib/librexx.so.4	/home/moritz/dev/repos/ooRexx/interpreter/classes/ArrayClass.hpp	ArrayClass::shrink(unsigned long)
2286	ELSE	/home/moritz/dev/repos/ooRexx/build/lib/librexx.so.4	/home/moritz/dev/repos/ooRexx/interpreter/memory/MemorySegment.hpp	NormalSegmentSet::suggestMemoryExpansion()
2284	MACH	/home/moritz/dev/repos/ooRexx/build/lib/librexx.so.4	/home/moritz/dev/repos/ooRexx/interpreter/expression/ExpressionMessage.cpp	RexxExpressionMessage::evaluate(RexxActivation*, ExpressionStack*)'2
2252	GC	/home/moritz/dev/repos/ooRexx/build/lib/librexx.so.4	/home/moritz/dev/repos/ooRexx/interpreter/memory/RexxMemory.cpp	MemoryObject::collect()
2238	ELSE	/home/moritz/dev/repos/ooRexx/build/lib/librexx.so.4	/home/moritz/dev/repos/ooRexx/interpreter/classes/StringClass.cpp	RexxString::newUpperString(char const*, unsigned long)
2218	ELSE	/home/moritz/dev/repos/ooRexx/build/lib/librexx.so.4	/home/moritz/dev/repos/ooRexx/interpreter/parser/LanguageParser.cpp	LanguageParser::nextLine()
2211	CALL	/home/moritz/dev/repos/ooRexx/build/lib/librexx.so.4	/home/moritz/dev/repos/ooRexx/interpreter/instructions/RexxInstruction.cpp	RexxInstruction::evaluateArguments(RexxActivation*, ExpressionStack*, RexxInternalObject**, unsigned long)'2
2208	ELSE	/usr/lib/x86_64-linux-gnu/libc.so.6	./nss/./nss/nss_readline.c	__nss_readline
2178	ELSE	/home/moritz/dev/repos/ooRexx/build/lib/librexx.so.4	/home/moritz/dev/repos/ooRexx/interpreter/memory/DeadObject.cpp	DeadObjectPool::addSortedBySize(DeadObject*)
2165	ELSE	/home/moritz/dev/repos/ooRexx/build/lib/librexx.so.4	/home/moritz/dev/repos/ooRexx/interpreter/memory/ProtectedObject.hpp	ProtectedObject::mark(unsigned long)
2124	GC	/home/moritz/dev/repos/ooRexx/build/lib/librexx.so.4	/home/moritz/dev/repos/ooRexx/interpreter/memory/RexxMemory.cpp	MemoryObject::markObjects()
2100	ELSE	/home/moritz/dev/repos/ooRexx/build/lib/librexx.so.4	/home/moritz/dev/repos/ooRexx/interpreter/parser/LanguageParser.cpp	LanguageParser::pushSubTerm(RexxInternalObject*)
2073	GC	/home/moritz/dev/repos/ooRexx/build/lib/librexx.so.4	/home/moritz/dev/repos/ooRexx/interpreter/memory/RexxMemory.cpp	MemoryObject::setOref(RexxInternalObject*, RexxInternalObject*)
2070	ELSE	/home/moritz/dev/repos/ooRexx/build/lib/librexx.so.4	/home/moritz/dev/repos/ooRexx/interpreter/classes/DirectoryClass.cpp	DirectoryClass::methodTableValue(RexxInternalObject*)
2067	ELSE	/usr/lib/x86_64-linux-gnu/ld-linux-x86-64.so.2	./elf/./elf/dl-load.c	open_path
2048	ELSE	/usr/lib/x86_64-linux-gnu/libc.so.6	./wcsmbs/./wcsmbs/wctob.c	wctob
2041	ELSE	/home/moritz/dev/repos/ooRexx/build/lib/librexx.so.4	/home/moritz/dev/repos/ooRexx/interpreter/classes/ObjectClass.cpp	RexxObject::getObjectVariables(RexxClass*)
2041	GC	/home/moritz/dev/repos/ooRexx/build/lib/librexx.so.4	/home/moritz/dev/repos/ooRexx/interpreter/classes/StringClass.cpp	RexxString::liveGeneral(MarkReason)
2020	ELSE	/home/moritz/dev/repos/ooRexx/build/lib/librexx.so.4	/home/moritz/dev/repos/ooRexx/interpreter/behaviour/RexxBehaviour.cpp	RexxBehaviour::methodLookup(RexxString*)
1993	ELSE	/usr/lib/x86_64-linux-gnu/ld-linux-x86-64.so.2	./elf/./elf/rtld.c	dl_main
1964	ELSE	/home/moritz/dev/repos/ooRexx/build/lib/librexx.so.4	/home/moritz/dev/repos/ooRexx/interpreter/parser/Scanner.cpp	LanguageParser::nextSpecial(unsigned int, SourceLocation&)
1913	ELSE	/home/moritz/dev/repos/ooRexx/build/lib/librexx.so.4	/home/moritz/dev/repos/ooRexx/interpreter/execution/CPPCode.cpp	_GLOBAL__sub_I_CPPCode.cpp
1881	ELSE	/home/moritz/dev/repos/ooRexx/build/lib/librexx.so.4	/home/moritz/dev/repos/ooRexx/interpreter/instructions/RexxInstruction.cpp	RexxInstruction::RexxInstruction(RexxClause*, InstructionKeyword)
1846	GC	/home/moritz/dev/repos/ooRexx/build/lib/librexx.so.4	/home/moritz/dev/repos/ooRexx/interpreter/instructions/ParseTrigger.cpp	ParseTrigger::liveGeneral(MarkReason)
1844	ELSE	/home/moritz/dev/repos/ooRexx/build/lib/librexx.so.4	/home/moritz/dev/repos/ooRexx/interpreter/execution/NativeActivation.cpp	NativeActivation::run(MethodClass*, NativeMethod*, RexxObject*, RexxString*, RexxObject**, unsigned long, ProtectedObject&)
1834	ELSE	/usr/lib/x86_64-linux-gnu/ld-linux-x86-64.so.2	./elf/./elf/dl-minimal.c	strsep
1820	GC	/home/moritz/dev/repos/ooRexx/build/lib/librexx.so.4	/home/moritz/dev/repos/ooRexx/interpreter/classes/WeakReferenceClass.cpp	WeakReference::liveGeneral(MarkReason)
1816	ELSE	/home/moritz/dev/repos/ooRexx/build/lib/librexx.so.4	/home/moritz/dev/repos/ooRexx/interpreter/classes/DirectoryClass.cpp	DirectoryClass::get(RexxInternalObject*)
1781	ELSE	/home/moritz/dev/repos/ooRexx/build/lib/librexx.so.4	/home/moritz/dev/repos/ooRexx/interpreter/execution/NativeActivation.cpp	NativeActivation::processArguments(unsigned long, RexxObject**, unsigned short*, _ValueDescriptor*, unsigned long)
1776	ELSE	/usr/lib/x86_64-linux-gnu/libc.so.6	./libio/./libio/iofgets_u.c	fgets_unlocked
1740	ELSE	/home/moritz/dev/repos/ooRexx/build/lib/librexx.so.4	/home/moritz/dev/repos/ooRexx/interpreter/classes/PackageClass.cpp	PackageClass::findPublicClass(RexxString*)
1727	GC	/home/moritz/dev/repos/ooRexx/build/lib/librexx.so.4	/home/moritz/dev/repos/ooRexx/interpreter/classes/NumberStringClass.cpp	NumberString::liveGeneral(MarkReason)
1716	ELSE	/home/moritz/dev/repos/ooRexx/build/lib/librexx.so.4	/home/moritz/dev/repos/ooRexx/interpreter/memory/MemorySegment.cpp	LargeSegmentSet::prepareForSweep()
1714	ELSE	/home/moritz/dev/repos/ooRexx/build/lib/librexx.so.4	/home/moritz/dev/repos/ooRexx/interpreter/classes/ArrayClass.cpp	ArrayClass::firstIndex()
1710	ELSE	/usr/lib/x86_64-linux-gnu/libc.so.6	./libio/./libio/fileops.c	_IO_file_underflow@@GLIBC_2.2.5
1672	GC	/home/moritz/dev/repos/ooRexx/build/lib/librexx.so.4	/home/moritz/dev/repos/ooRexx/interpreter/behaviour/VirtualFunctionTable.cpp	MemoryObject::buildVirtualFunctionTable()
1636	ELSE	???	???	0x0000000004b353d0
1629	ELSE	/home/moritz/dev/repos/ooRexx/build/lib/librexx.so.4	/home/moritz/dev/repos/ooRexx/interpreter/concurrency/ActivityManager.cpp	ActivityManager::releaseAccess(bool)
1613	MACH	/home/moritz/dev/repos/ooRexx/build/lib/librexx.so.4	/home/moritz/dev/repos/ooRexx/interpreter/execution/RexxActivation.cpp	RexxActivation::getElapsed()
1612	GC	/home/moritz/dev/repos/ooRexx/build/lib/librexx.so.4	/home/moritz/dev/repos/ooRexx/interpreter/classes/IntegerClass.cpp	RexxInteger::liveGeneral(MarkReason)
1604	ELSE	/usr/lib/x86_64-linux-gnu/libc.so.6	./time/./time/localtime.c	localtime_r
1603	ELSE	/usr/lib/x86_64-linux-gnu/ld-linux-x86-64.so.2	./elf/./elf/dl-object.c	_dl_new_object
1600	ELSE	/usr/lib/x86_64-linux-gnu/libc.so.6	./time/./time/localtime.c	localtime
1600	ELSE	/usr/lib/x86_64-linux-gnu/libc.so.6	./time/./time/gmtime.c	gmtime
1591	ELSE	/home/moritz/dev/repos/ooRexx/build/lib/librexx.so.4	/home/moritz/dev/repos/ooRexx/interpreter/classes/support/HashContents.cpp	HashContents::HashContents(unsigned long, unsigned long)
1560	GC	/home/moritz/dev/repos/ooRexx/build/lib/librexx.so.4	/home/moritz/dev/repos/ooRexx/interpreter/instructions/SignalInstruction.cpp	RexxInstructionSignalOn::liveGeneral(MarkReason)
1470	ELSE	/home/moritz/dev/repos/ooRexx/build/lib/librexx.so.4	/home/moritz/dev/repos/ooRexx/common/Utilities.cpp	Utilities::strCaselessCompare(char const*, char const*)
1452	ELSE	/home/moritz/dev/repos/ooRexx/build/lib/librexx.so.4	/home/moritz/dev/repos/ooRexx/interpreter/memory/MemorySegment.cpp	SingleObjectSegmentSet::completeSweepOperation()
1441	GC	/home/moritz/dev/repos/ooRexx/build/lib/librexx.so.4	/home/moritz/dev/repos/ooRexx/interpreter/classes/ObjectClass.hpp	RexxVirtualBase::live(unsigned long)
1438	VSIM	/home/moritz/dev/repos/ooRexx/build/lib/librexx.so.4	/home/moritz/dev/repos/ooRexx/interpreter/expression/ExpressionVariable.cpp	RexxSimpleVariable::expose(RexxActivation*, VariableDictionary*)
1419	ELSE	/usr/lib/x86_64-linux-gnu/libc.so.6	./nss/./nss/nss_module.c	__nss_module_allocate
1418	ELSE	/usr/lib/x86_64-linux-gnu/ld-linux-x86-64.so.2	./elf/./elf/dl-load.c	open_verify.constprop.0
1392	GC	/home/moritz/dev/repos/ooRexx/build/lib/librexx.so.4	/home/moritz/dev/repos/ooRexx/interpreter/classes/RoutineClass.cpp	RoutineClass::liveGeneral(MarkReason)
1387	MACH	/home/moritz/dev/repos/ooRexx/build/lib/librexx.so.4	/home/moritz/dev/repos/ooRexx/interpreter/execution/RexxActivation.cpp	RexxActivation::expose(RexxVariableBase**, unsigned long)
1379	ELSE	/usr/lib/x86_64-linux-gnu/ld-linux-x86-64.so.2	/build/reproducible-path/glibc-2.43/string/../sysdeps/x86_64/multiarch/../multiarch/memset-vec-unaligned-erms.S	memset
1349	ELSE	/home/moritz/dev/repos/ooRexx/build/lib/librexx.so.4	/home/moritz/dev/repos/ooRexx/interpreter/parser/Clause.cpp	RexxClause::RexxClause()
1340	ELSE	/home/moritz/dev/repos/ooRexx/build/lib/librexx.so.4	/home/moritz/dev/repos/ooRexx/interpreter/classes/PackageClass.cpp	PackageClass::findInstalledClass(RexxString*)
1318	CALLOC	/usr/lib/x86_64-linux-gnu/libc.so.6	./malloc/./malloc/malloc.c	__libc_malloc2
1304	ELSE	/home/moritz/dev/repos/ooRexx/build/lib/librexx.so.4	/home/moritz/dev/repos/ooRexx/interpreter/classes/StringClass.cpp	mapped(char const*, char*)
1300	ELSE	/home/moritz/dev/repos/ooRexx/build/lib/librexx.so.4	/home/moritz/dev/repos/ooRexx/interpreter/classes/support/HashContents.hpp	HashCollection::checkFull()
1292	ELSE	/home/moritz/dev/repos/ooRexx/build/lib/librexx.so.4	/home/moritz/dev/repos/ooRexx/interpreter/parser/LanguageParser.cpp	LanguageParser::popSubTerm()
1270	GC	/home/moritz/dev/repos/ooRexx/build/lib/librexx.so.4	/home/moritz/dev/repos/ooRexx/interpreter/expression/ExpressionStem.cpp	RexxStemVariable::live(unsigned long)
1270	ELSE	/home/moritz/dev/repos/ooRexx/build/lib/librexx.so.4	/home/moritz/dev/repos/ooRexx/interpreter/memory/ProtectedObject.hpp	Protected<RoutineClass>::mark(unsigned long)
1262	ELSE	/home/moritz/dev/repos/ooRexx/build/lib/librexx.so.4	/home/moritz/dev/repos/ooRexx/interpreter/runtime/InterpreterInstance.cpp	InterpreterInstance::addCommandHandler(char const*, void*, HandlerType::Enum)
1255	VSIM	/home/moritz/dev/repos/ooRexx/build/lib/librexx.so.4	/home/moritz/dev/repos/ooRexx/interpreter/execution/RexxVariable.cpp	RexxVariable::operator new(unsigned long)
1248	ELSE	/home/moritz/dev/repos/ooRexx/build/lib/librexx.so.4	/home/moritz/dev/repos/ooRexx/interpreter/execution/RexxCode.cpp	RexxCode::run(Activity*, MethodClass*, RexxObject*, RexxString*, RexxObject**, unsigned long, ProtectedObject&)'2
1244	ELSE	/home/moritz/dev/repos/ooRexx/build/lib/librexx.so.4	/home/moritz/dev/repos/ooRexx/interpreter/concurrency/ActivityManager.cpp	WaitingActivityQueue::instance()
1230	ELSE	/usr/lib/x86_64-linux-gnu/ld-linux-x86-64.so.2	/build/reproducible-path/glibc-2.43/string/../sysdeps/x86_64/multiarch/../multiarch/strlen-sse2.S	strlen
1224	ELSE	/home/moritz/dev/repos/ooRexx/build/lib/librexx.so.4	/home/moritz/dev/repos/ooRexx/interpreter/parser/LanguageParser.cpp	LanguageParser::position(unsigned long, unsigned long)
1207	ELSE	/home/moritz/dev/repos/ooRexx/build/bin/rexx	/home/moritz/dev/repos/ooRexx/utilities/rexx/platform/unix/rexx.cpp	main
1204	MACH	/home/moritz/dev/repos/ooRexx/build/lib/librexx.so.4	/home/moritz/dev/repos/ooRexx/interpreter/execution/RexxActivation.cpp	RexxActivation::allocateLocalVariables()
1188	GC	/home/moritz/dev/repos/ooRexx/build/lib/librexx.so.4	/home/moritz/dev/repos/ooRexx/interpreter/memory/MemorySegment.cpp	MemorySegmentSet::prepareForSweep()
1184	GC	/home/moritz/dev/repos/ooRexx/build/lib/librexx.so.4	/home/moritz/dev/repos/ooRexx/interpreter/instructions/ForwardInstruction.cpp	RexxInstructionForward::liveGeneral(MarkReason)
1182	GC	/home/moritz/dev/repos/ooRexx/build/lib/librexx.so.4	/home/moritz/dev/repos/ooRexx/interpreter/instructions/ParseInstruction.cpp	RexxInstructionParse::liveGeneral(MarkReason)
1174	ELSE	/usr/lib/x86_64-linux-gnu/libc.so.6	./nss/./nss/nss_database.c	name_to_database_index
1170	GC	/home/moritz/dev/repos/ooRexx/build/lib/librexx.so.4	/home/moritz/dev/repos/ooRexx/interpreter/classes/support/ListContents.cpp	ListContents::liveGeneral(MarkReason)
1170	ELSE	/home/moritz/dev/repos/ooRexx/build/lib/librexx.so.4	/home/moritz/dev/repos/ooRexx/interpreter/instructions/UseInstruction.cpp	UseVariable::handleArgument(RexxActivation*, ExpressionStack*, RexxObject*, unsigned long, bool)
1169	ELSE	/usr/lib/x86_64-linux-gnu/ld-linux-x86-64.so.2	./elf/./elf/dl-minimal-malloc.c	__minimal_malloc
1166	GC	/home/moritz/dev/repos/ooRexx/build/lib/librexx.so.4	/home/moritz/dev/repos/ooRexx/interpreter/instructions/ElseInstruction.cpp	RexxInstructionElse::liveGeneral(MarkReason)
1162	ELSE	/usr/lib/x86_64-linux-gnu/libc.so.6	./stdlib/./stdlib/setenv.c	__add_to_environ
1156	VSIM	/home/moritz/dev/repos/ooRexx/build/lib/librexx.so.4	/home/moritz/dev/repos/ooRexx/interpreter/execution/VariableDictionary.cpp	VariableDictionary::createVariable(RexxString*)
1155	ELSE	/home/moritz/dev/repos/ooRexx/build/lib/librexx.so.4	/home/moritz/dev/repos/ooRexx/common/Utilities.cpp	Utilities::strlower(char*)
1144	GC	/home/moritz/dev/repos/ooRexx/build/lib/librexx.so.4	/home/moritz/dev/repos/ooRexx/interpreter/expression/ExpressionLogical.cpp	RexxExpressionLogical::liveGeneral(MarkReason)
1143	ELSE	/usr/lib/x86_64-linux-gnu/libc.so.6	./wctype/./wctype/wctype_l.c	wctype_l
1142	CALL	/home/moritz/dev/repos/ooRexx/build/lib/librexx.so.4	/home/moritz/dev/repos/ooRexx/interpreter/concurrency/ActivityManager.cpp	ActivityManager::newActivation(Activity*, RexxActivation*, MethodClass*, RexxCode*)
1140	ELSE	/home/moritz/dev/repos/ooRexx/build/lib/librexx.so.4	/home/moritz/dev/repos/ooRexx/interpreter/classes/ArrayClass.cpp	ArrayClass::allocateNewObject(unsigned long, unsigned long, unsigned long, unsigned long)
1140	ELSE	/home/moritz/dev/repos/ooRexx/build/lib/librexx.so.4	/home/moritz/dev/repos/ooRexx/interpreter/parser/InstructionParser.cpp	LanguageParser::assignmentNew(RexxToken*)
1140	ELSE	/usr/lib/x86_64-linux-gnu/ld-linux-x86-64.so.2	/build/reproducible-path/glibc-2.43/string/../sysdeps/x86_64/multiarch/memmove-vec-unaligned-erms.S	mempcpy
1125	ELSE	/home/moritz/dev/repos/ooRexx/build/lib/librexx.so.4	/home/moritz/dev/repos/ooRexx/interpreter/parser/LanguageParser.cpp	LanguageParser::parseMessageSubterm(int)'2
1112	ELSE	/usr/lib/x86_64-linux-gnu/ld-linux-x86-64.so.2	/build/reproducible-path/glibc-2.43/string/../sysdeps/x86_64/multiarch/../multiarch/strchr-sse2.S	index
1111	ELSE	/home/moritz/dev/repos/ooRexx/build/lib/librexx.so.4	/home/moritz/dev/repos/ooRexx/interpreter/classes/ArrayClass.cpp	ArrayClass::append(RexxInternalObject*)
1108	ELSE	/home/moritz/dev/repos/ooRexx/build/lib/librexx.so.4	/home/moritz/dev/repos/ooRexx/interpreter/classes/support/HashCollection.cpp	HashCollection::iterator()
1102	ELSE	/home/moritz/dev/repos/ooRexx/build/lib/librexx.so.4	/home/moritz/dev/repos/ooRexx/interpreter/parser/LanguageParser.cpp	LanguageParser::parseSubExpression(int)'2
1092	ELSE	/home/moritz/dev/repos/ooRexx/build/lib/librexx.so.4	/home/moritz/dev/repos/ooRexx/interpreter/parser/ProgramSource.cpp	BufferProgramSource::getDescriptor(unsigned long)
1078	ELSE	/usr/lib/x86_64-linux-gnu/libc.so.6	./libio/./libio/ftello.c	ftello
1061	ELSE	/usr/lib/x86_64-linux-gnu/libc.so.6	./stdlib/./stdlib/canonicalize.c	realpath@@GLIBC_2.3
1052	ELSE	/home/moritz/dev/repos/ooRexx/build/lib/librexx.so.4	/home/moritz/dev/repos/ooRexx/interpreter/behaviour/PrimitiveBehaviours.cpp	_GLOBAL__sub_I_PrimitiveBehaviours.cpp
1024	ELSE	/home/moritz/dev/repos/ooRexx/build/lib/librexx.so.4	/home/moritz/dev/repos/ooRexx/interpreter/parser/LanguageParser.cpp	LanguageParser::parseExpression(int)
1024	ELSE	/home/moritz/dev/repos/ooRexx/build/lib/librexx.so.4	/home/moritz/dev/repos/ooRexx/interpreter/classes/ClassClass.cpp	RexxClass::completeNewObject(RexxObject*, RexxObject**, unsigned long)'2
1024	GC	/home/moritz/dev/repos/ooRexx/build/lib/librexx.so.4	/home/moritz/dev/repos/ooRexx/interpreter/memory/MemorySegment.cpp	MemorySegmentSet::adjustMemorySize()
999	ELSE	/usr/lib/x86_64-linux-gnu/ld-linux-x86-64.so.2	./elf/./dl-find_object.h	_dl_find_object_from_map
988	ELSE	/usr/lib/x86_64-linux-gnu/ld-linux-x86-64.so.2	./elf/./elf/dl-cache.c	search_cache
987	BIF	/home/moritz/dev/repos/ooRexx/build/lib/librexx.so.4	/home/moritz/dev/repos/ooRexx/interpreter/expression/BuiltinFunctions.cpp	builtin_function_ARG(RexxActivation*, unsigned long, ExpressionStack*)
977	MACH	/home/moritz/dev/repos/ooRexx/build/lib/librexx.so.4	/home/moritz/dev/repos/ooRexx/interpreter/instructions/ForwardInstruction.cpp	RexxInstructionForward::execute(RexxActivation*, ExpressionStack*)
962	ELSE	/usr/lib/x86_64-linux-gnu/libc.so.6	./nss/./nss/nss_action.c	__nss_action_allocate
954	ELSE	/usr/lib/x86_64-linux-gnu/libc.so.6	./libio/./libio/genops.c	__underflow
952	ELSE	/home/moritz/dev/repos/ooRexx/build/lib/librexx.so.4	/home/moritz/dev/repos/ooRexx/interpreter/parser/ProgramSource.cpp	BufferProgramSource::getDescriptors()
952	ELSE	/home/moritz/dev/repos/ooRexx/build/lib/librexx.so.4	/home/moritz/dev/repos/ooRexx/interpreter/parser/ProgramSource.cpp	BufferProgramSource::getBufferPointer()
949	ELSE	/home/moritz/dev/repos/ooRexx/build/lib/librexx.so.4	/home/moritz/dev/repos/ooRexx/interpreter/parser/LanguageParser.cpp	LanguageParser::parseArgList(RexxToken*, int)
948	ELSE	/usr/lib/x86_64-linux-gnu/libstdc++.so.6.0.36	/build/reproducible-path/gcc-16-16.2.0/build/x86_64-linux-gnu/libstdc++-v3/src/c++98/../../../../../src/libstdc++-v3/src/c++98/locale.cc	std::locale::id::_M_id() const
944	ELSE	/usr/lib/x86_64-linux-gnu/libc.so.6	./stdlib/./stdlib/random.c	random
942	ELSE	/home/moritz/dev/repos/ooRexx/build/lib/librexx.so.4	/home/moritz/dev/repos/ooRexx/interpreter/parser/LanguageParser.cpp	LanguageParser::addCompound(RexxString*)
942	ELSE	/home/moritz/dev/repos/ooRexx/build/lib/librexx.so.4	/home/moritz/dev/repos/ooRexx/interpreter/parser/Token.hpp	_GLOBAL__sub_I_KeywordConstants.cpp
939	ELSE	/usr/lib/x86_64-linux-gnu/libc.so.6	./stdio-common/./stdio-common/getline.c	getline
924	GC	/home/moritz/dev/repos/ooRexx/build/lib/librexx.so.4	/home/moritz/dev/repos/ooRexx/interpreter/memory/RexxMemory.cpp	MemoryObject::checkWeakReferences()
910	ELSE	/usr/lib/x86_64-linux-gnu/libc.so.6	./nptl/./nptl/pthread_mutex_trylock.c	pthread_mutex_trylock@@GLIBC_2.34
903	VSIM	/home/moritz/dev/repos/ooRexx/build/lib/librexx.so.4	/home/moritz/dev/repos/ooRexx/interpreter/execution/VariableDictionary.cpp	VariableDictionary::allocateContents(unsigned long, unsigned long)
898	ELSE	/home/moritz/dev/repos/ooRexx/build/lib/librexx.so.4	/home/moritz/dev/repos/ooRexx/interpreter/parser/KeywordConstants.cpp	RexxToken::subKeyword()
884	ELSE	/home/moritz/dev/repos/ooRexx/build/lib/librexx.so.4	/home/moritz/dev/repos/ooRexx/interpreter/memory/MemorySegment.cpp	NormalSegmentSet::NormalSegmentSet(MemoryObject*)
874	MACH	/home/moritz/dev/repos/ooRexx/build/lib/librexx.so.4	/home/moritz/dev/repos/ooRexx/interpreter/concurrency/Activity.cpp	Activity::setupCurrentActivity()
871	GC	/home/moritz/dev/repos/ooRexx/build/lib/librexx.so.4	/home/moritz/dev/repos/ooRexx/interpreter/classes/support/HashContents.cpp	StringHashContents::operator new(unsigned long, unsigned long)
869	ELSE	/home/moritz/dev/repos/ooRexx/build/lib/librexx.so.4	/home/moritz/dev/repos/ooRexx/common/BitSet.hpp	RexxBehaviour::resolveNonPrimitiveBehaviour()
866	ELSE	/usr/lib/x86_64-linux-gnu/libc.so.6	./nptl/./nptl/pthread_mutex_unlock.c	pthread_mutex_unlock@@GLIBC_2.2.5
861	ELSE	/usr/lib/x86_64-linux-gnu/libc.so.6	./malloc/./malloc/arena.c	__ptmalloc_init
850	ELSE	/home/moritz/dev/repos/ooRexx/build/lib/librexx.so.4	/home/moritz/dev/repos/ooRexx/interpreter/package/LibraryPackage.cpp	LibraryPackage::locateMethodEntry(RexxString*)
847	ELSE	???	???	0x0000000004b353d8
844	ELSE	/home/moritz/dev/repos/ooRexx/build/lib/librexx.so.4	/home/moritz/dev/repos/ooRexx/interpreter/classes/ObjectClass.cpp	RexxObject::objectNameEquals(RexxObject*)
841	ELSE	/home/moritz/dev/repos/ooRexx/build/lib/librexx.so.4	/home/moritz/dev/repos/ooRexx/interpreter/parser/LanguageParser.cpp	LanguageParser::parseSubTerm(int)'2
840	ELSE	/usr/lib/x86_64-linux-gnu/libc.so.6	./libio/./libio/fileops.c	_IO_file_fopen@@GLIBC_2.2.5
836	ELSE	/home/moritz/dev/repos/ooRexx/build/lib/librexx.so.4	/home/moritz/dev/repos/ooRexx/interpreter/concurrency/ActivityManager.cpp	ActivityManager::dispatchNext(DispatchSection&)
836	ELSE	/home/moritz/dev/repos/ooRexx/build/lib/librexx.so.4	/home/moritz/dev/repos/ooRexx/interpreter/parser/LanguageParser.cpp	LanguageParser::parseLogical(int)
836	GC	/home/moritz/dev/repos/ooRexx/build/lib/librexx.so.4	/home/moritz/dev/repos/ooRexx/interpreter/instructions/ControlledDoInstruction.cpp	RexxInstructionControlledDo::liveGeneral(MarkReason)
820	VSIM	/home/moritz/dev/repos/ooRexx/build/lib/librexx.so.4	/home/moritz/dev/repos/ooRexx/interpreter/execution/VariableDictionary.cpp	VariableDictionary::addVariable(RexxString*, RexxVariable*)
816	ELSE	/usr/lib/x86_64-linux-gnu/libc.so.6	./stdlib/./stdlib/cxa_finalize.c	__cxa_finalize
815	VCMP	/home/moritz/dev/repos/ooRexx/build/lib/librexx.so.4	/home/moritz/dev/repos/ooRexx/interpreter/classes/support/CompoundVariableTable.cpp	CompoundVariableTable::balance(CompoundTableElement*)
805	ELSE	/usr/lib/x86_64-linux-gnu/ld-linux-x86-64.so.2	./elf/./elf/dl-load.c	_dl_map_new_object
800	MACH	/home/moritz/dev/repos/ooRexx/build/lib/librexx.so.4	/home/moritz/dev/repos/ooRexx/common/BitSet.hpp	RexxActivation::resetElapsed()
800	ELSE	/usr/lib/x86_64-linux-gnu/ld-linux-x86-64.so.2	./elf/./elf/dl-catch.c	_dl_catch_exception
796	GC	/home/moritz/dev/repos/ooRexx/build/lib/librexx.so.4	/home/moritz/dev/repos/ooRexx/interpreter/classes/IntegerClass.cpp	RexxIntegerClass::liveGeneral(MarkReason)
787	ELSE	/home/moritz/dev/repos/ooRexx/build/lib/librexx.so.4	/home/moritz/dev/repos/ooRexx/interpreter/classes/support/HashCollection.cpp	StringHashCollection::setEntryRexx(RexxObject*, RexxObject*)
770	GC	/home/moritz/dev/repos/ooRexx/build/lib/librexx.so.4	/home/moritz/dev/repos/ooRexx/interpreter/classes/ListClass.cpp	ListClass::liveGeneral(MarkReason)
768	ELSE	/home/moritz/dev/repos/ooRexx/build/lib/librexx.so.4	/home/moritz/dev/repos/ooRexx/interpreter/parser/Clause.cpp	RexxClause::newClause()
758	ELSE	/usr/lib/x86_64-linux-gnu/libstdc++.so.6.0.36	/build/reproducible-path/gcc-16-16.2.0/build/x86_64-linux-gnu/libstdc++-v3/src/c++11/../../../../../src/libstdc++-v3/src/c++11/ctype.cc	std::ctype<char>::_M_widen_init() const
756	ELSE	/home/moritz/dev/repos/ooRexx/build/lib/librexx.so.4	/home/moritz/dev/repos/ooRexx/interpreter/classes/support/HashCollection.cpp	StringHashCollection::setEntry(RexxString*, RexxInternalObject*)
750	ELSE	/usr/lib/x86_64-linux-gnu/ld-linux-x86-64.so.2	./elf/./elf/dl-load.c	decompose_rpath
742	ELSE	/usr/lib/x86_64-linux-gnu/ld-linux-x86-64.so.2	./elf/./elf/dl-init.c	call_init
741	ELSE	/usr/lib/x86_64-linux-gnu/libc.so.6	./libio/./libio/ioseekoff.c	_IO_seekoff_unlocked
740	ELSE	/home/moritz/dev/repos/ooRexx/build/lib/librexx.so.4	/home/moritz/dev/repos/ooRexx/interpreter/memory/FileNameBuffer.cpp	FileNameBuffer::ensureCapacity(unsigned long)
727	ELSE	/home/moritz/dev/repos/ooRexx/build/lib/librexx.so.4	/home/moritz/dev/repos/ooRexx/interpreter/concurrency/ActivityManager.cpp	ActivityManager::allActivities()
721	ELSE	/usr/lib/x86_64-linux-gnu/ld-linux-x86-64.so.2	/build/reproducible-path/glibc-2.43/string/../sysdeps/x86_64/multiarch/memmove-vec-unaligned-erms.S	memcpy
720	ELSE	/home/moritz/dev/repos/ooRexx/build/lib/librexx.so.4	/home/moritz/dev/repos/ooRexx/interpreter/execution/NativeCode.cpp	NativeMethod::run(Activity*, MethodClass*, RexxObject*, RexxString*, RexxObject**, unsigned long, ProtectedObject&)
719	GC	/home/moritz/dev/repos/ooRexx/build/lib/librexx.so.4	/home/moritz/dev/repos/ooRexx/interpreter/classes/ArrayClass.hpp	MemoryObject::restoreStrings(ArrayClass*)
705	ELSE	/home/moritz/dev/repos/ooRexx/build/lib/librexx.so.4	/home/moritz/dev/repos/ooRexx/interpreter/classes/QueueClass.cpp	QueueClass::newRexx(RexxObject**, unsigned long)
704	MACH	/home/moritz/dev/repos/ooRexx/build/lib/librexx.so.4	/home/moritz/dev/repos/ooRexx/interpreter/instructions/ExposeInstruction.cpp	RexxInstructionExpose::execute(RexxActivation*, ExpressionStack*)
692	VSIM	/home/moritz/dev/repos/ooRexx/build/lib/librexx.so.4	/home/moritz/dev/repos/ooRexx/interpreter/execution/VariableDictionary.cpp	VariableDictionary::VariableDictionary(RexxClass*)
688	ELSE	/usr/lib/x86_64-linux-gnu/libc.so.6	./libio/./libio/genops.c	_IO_link_in
687	ELSE	/usr/lib/x86_64-linux-gnu/libc.so.6	./libio/./libio/fileops.c	_IO_file_close_it@@GLIBC_2.2.5
686	ELSE	/usr/lib/x86_64-linux-gnu/ld-linux-x86-64.so.2	./misc/../sysdeps/unix/sysv/linux/mmap64.c	mmap
684	GC	/home/moritz/dev/repos/ooRexx/build/lib/librexx.so.4	/home/moritz/dev/repos/ooRexx/interpreter/expression/ExpressionDotVariable.cpp	RexxDotVariable::liveGeneral(MarkReason)
680	ELSE	/home/moritz/dev/repos/ooRexx/build/lib/librexx.so.4	/home/moritz/dev/repos/ooRexx/interpreter/classes/ObjectClass.hpp	LargeSegmentSet::addDeadObject(char*, unsigned long)
675	ELSE	/usr/lib/x86_64-linux-gnu/libstdc++.so.6.0.36	/build/reproducible-path/gcc-16-16.2.0/build/x86_64-linux-gnu/libstdc++-v3/src/c++11/../../../../../src/libstdc++-v3/src/c++11/locale_init.cc	std::locale::_Impl::_Impl(unsigned long)
660	VSIM	/home/moritz/dev/repos/ooRexx/build/lib/librexx.so.4	/home/moritz/dev/repos/ooRexx/interpreter/execution/VariableDictionary.cpp	VariableDictionary::reserve(Activity*)
655	GC	/home/moritz/dev/repos/ooRexx/build/lib/librexx.so.4	/home/moritz/dev/repos/ooRexx/interpreter/execution/ActivationStack.cpp	ActivationFrameBuffer::live(unsigned long)
655	GC	/home/moritz/dev/repos/ooRexx/build/lib/librexx.so.4	/home/moritz/dev/repos/ooRexx/interpreter/execution/SecurityManager.cpp	SecurityManager::live(unsigned long)
649	VSIM	/home/moritz/dev/repos/ooRexx/build/lib/librexx.so.4	/home/moritz/dev/repos/ooRexx/interpreter/execution/VariableDictionary.cpp	VariableDictionary::initialize(unsigned long)
646	ELSE	/usr/lib/x86_64-linux-gnu/libc.so.6	./libio/./libio/genops.c	_IO_switch_to_get_mode
645	MACH	/home/moritz/dev/repos/ooRexx/build/lib/librexx.so.4	/home/moritz/dev/repos/ooRexx/interpreter/concurrency/Activity.cpp	Activity::getRandomSeed()
640	ELSE	/usr/lib/x86_64-linux-gnu/libc.so.6	./iconv/./iconv/gconv_simple.c	__gconv_btwoc_ascii
634	ELSE	/home/moritz/dev/repos/ooRexx/build/lib/librexx.so.4	/usr/include/c++/15/bits/atomic_base.h	ActivityManager::lockKernelImmediate()
634	ELSE	/home/moritz/dev/repos/ooRexx/build/lib/librexx.so.4	/home/moritz/dev/repos/ooRexx/interpreter/behaviour/MethodDictionary.cpp	MethodDictionary::resolveSuperScope(RexxClass*)
630	CALLOC	/usr/lib/x86_64-linux-gnu/libc.so.6	./malloc/./malloc/malloc.c	_int_free_merge_chunk
624	ELSE	/home/moritz/dev/repos/ooRexx/build/lib/librexx.so.4	/home/moritz/dev/repos/ooRexx/interpreter/instructions/RexxInstruction.hpp	LanguageParser::addClause(RexxInstruction*)
621	ELSE	/home/moritz/dev/repos/ooRexx/build/lib/librexx.so.4	/home/moritz/dev/repos/ooRexx/interpreter/execution/NativeActivation.cpp	NativeActivation::NativeActivation(Activity*)
620	ELSE	/home/moritz/dev/repos/ooRexx/build/lib/librexx.so.4	/home/moritz/dev/repos/ooRexx/interpreter/classes/ObjectClass.hpp	RexxBehaviour::restore(RexxBehaviour*)
613	ELSE	/home/moritz/dev/repos/ooRexx/build/lib/librexx.so.4	/home/moritz/dev/repos/ooRexx/interpreter/parser/KeywordConstants.cpp	RexxToken::keyword()
613	ELSE	/home/moritz/dev/repos/ooRexx/build/lib/librexx.so.4	/home/moritz/dev/repos/ooRexx/interpreter/classes/support/HashCollection.cpp	HashCollection::calculateBucketSize(unsigned long)
613	ELSE	/usr/lib/x86_64-linux-gnu/ld-linux-x86-64.so.2	./elf/./elf/dl-sort-maps.c	dfs_traversal.part.0
612	ELSE	/usr/lib/x86_64-linux-gnu/libc.so.6	./nptl/./nptl/pthread_mutex_init.c	pthread_mutex_init@@GLIBC_2.2.5
604	ELSE	/usr/lib/x86_64-linux-gnu/libc.so.6	./nss/nss_files/files-pwd.c	_nss_files_getpwuid_r
602	ELSE	/home/moritz/dev/repos/ooRexx/build/lib/librexx.so.4	/home/moritz/dev/repos/ooRexx/interpreter/classes/ObjectClass.cpp	RexxObject::getCSelf(RexxClass*)
599	ELSE	/usr/lib/x86_64-linux-gnu/ld-linux-x86-64.so.2	./elf/./elf/dl-load.c	fillin_rpath.isra.0
598	ELSE	/home/moritz/dev/repos/ooRexx/build/lib/librexx.so.4	/home/moritz/dev/repos/ooRexx/interpreter/parser/LanguageParser.cpp	LanguageParser::parseVariableOrMessageTerm()
598	ELSE	/usr/lib/x86_64-linux-gnu/ld-linux-x86-64.so.2	./elf/./elf/dl-load.c	_dl_init_paths
592	ELSE	/home/moritz/dev/repos/ooRexx/build/lib/librexx.so.4	/home/moritz/dev/repos/ooRexx/common/platform/unix/SysSemaphore.cpp	SysSemaphore::create()
584	ELSE	/home/moritz/dev/repos/ooRexx/build/lib/librexx.so.4	/home/moritz/dev/repos/ooRexx/interpreter/classes/ClassClass.cpp	RexxClass::isCompatibleWith(RexxClass*)
584	ELSE	/usr/lib/x86_64-linux-gnu/ld-linux-x86-64.so.2	./io/../sysdeps/unix/sysv/linux/open64_nocancel.c	__open_nocancel
580	ELSE	/home/moritz/dev/repos/ooRexx/build/lib/librexx.so.4	/home/moritz/dev/repos/ooRexx/interpreter/classes/ObjectClass.cpp	RexxObject::newRexx(RexxObject**, unsigned long)
573	ELSE	/usr/lib/x86_64-linux-gnu/ld-linux-x86-64.so.2	./elf/./elf/rtld.c	_dl_start
570	ELSE	/home/moritz/dev/repos/ooRexx/build/lib/librexx.so.4	/home/moritz/dev/repos/ooRexx/interpreter/classes/support/HashCollection.cpp	StringHashCollection::entry(RexxString*)
570	ELSE	/home/moritz/dev/repos/ooRexx/build/lib/librexx.so.4	/home/moritz/dev/repos/ooRexx/interpreter/classes/QueueClass.cpp	QueueClass::peek()
570	ELSE	???	???	0x000000000492a6f0
567	VSIM	/home/moritz/dev/repos/ooRexx/build/lib/librexx.so.4	/home/moritz/dev/repos/ooRexx/interpreter/execution/VariableDictionary.cpp	VariableDictionary::set(RexxString*, RexxObject*)
564	ELSE	/home/moritz/dev/repos/ooRexx/build/lib/librexx.so.4	/home/moritz/dev/repos/ooRexx/interpreter/execution/NativeActivation.cpp	NativeActivation::methodVariables()
563	ELSE	???	???	0x000000000492a918
558	ELSE	/home/moritz/dev/repos/ooRexx/build/lib/librexx.so.4	/home/moritz/dev/repos/ooRexx/interpreter/parser/InstructionParser.cpp	LanguageParser::createLoop(bool)
550	ELSE	/home/moritz/dev/repos/ooRexx/build/lib/librexx.so.4	/home/moritz/dev/repos/ooRexx/interpreter/classes/ClassClass.cpp	RexxClass::completeNewObject(RexxObject*, RexxObject**, unsigned long)
544	ELSE	/home/moritz/dev/repos/ooRexx/build/lib/librexx.so.4	/usr/include/c++/15/bits/atomic_base.h	ActivityManager::getLocalEnvironment(RexxString*)
539	PARSE	/home/moritz/dev/repos/ooRexx/build/lib/librexx.so.4	/home/moritz/dev/repos/ooRexx/interpreter/instructions/ParseTrigger.cpp	ParseTrigger::ParseTrigger(ParseTriggerType, RexxInternalObject*, unsigned long, QueueClass*)
535	GC	/home/moritz/dev/repos/ooRexx/build/lib/librexx.so.4	/home/moritz/dev/repos/ooRexx/interpreter/memory/RexxMemory.cpp	MemoryObject::initialize(bool, char const*)
530	GC	/home/moritz/dev/repos/ooRexx/build/lib/librexx.so.4	/home/moritz/dev/repos/ooRexx/interpreter/parser/Token.cpp	RexxToken::operator new(unsigned long)
524	ELSE	/usr/lib/x86_64-linux-gnu/ld-linux-x86-64.so.2	./elf/./elf/dl-tunables.c	__tunable_get_val
523	ELSE	/usr/lib/x86_64-linux-gnu/ld-linux-x86-64.so.2	./elf/../sysdeps/x86/dl-cacheinfo.h	handle_intel.constprop.0
520	ELSE	/usr/lib/x86_64-linux-gnu/libc.so.6	./elf/./elf/libc-dl-profstub.c	_dl_mcount_wrapper_check
517	ELSE	/home/moritz/dev/repos/ooRexx/build/lib/librexx.so.4	/home/moritz/dev/repos/ooRexx/interpreter/classes/IntegerClass.cpp	RexxInteger::orOp(RexxObject*)
515	ELSE	/usr/lib/x86_64-linux-gnu/ld-linux-x86-64.so.2	./elf/./elf/dl-load.c	_dl_map_object
510	ELSE	/home/moritz/dev/repos/ooRexx/build/lib/librexx.so.4	/home/moritz/dev/repos/ooRexx/interpreter/parser/InstructionParser.cpp	LanguageParser::sayNew()
508	ELSE	/home/moritz/dev/repos/ooRexx/build/lib/librexx.so.4	/home/moritz/dev/repos/ooRexx/interpreter/classes/support/HashCollection.cpp	StringHashCollection::allocateContents(unsigned long, unsigned long)
501	ELSE	/home/moritz/dev/repos/ooRexx/build/lib/librexx.so.4	/home/moritz/dev/repos/ooRexx/interpreter/classes/ObjectClass.cpp	RexxObject::processUnknown(RexxErrorCodes, RexxString*, RexxObject**, unsigned long, ProtectedObject&)
500	ELSE	/home/moritz/dev/repos/ooRexx/build/lib/librexx.so.4	/home/moritz/dev/repos/ooRexx/interpreter/classes/ClassClass.cpp	RexxClass::setInstanceBehaviour(RexxBehaviour*)
496	ELSE	/home/moritz/dev/repos/ooRexx/build/lib/librexx.so.4	/home/moritz/dev/repos/ooRexx/interpreter/classes/BufferClass.hpp	SmartBuffer::space()
492	ELSE	/home/moritz/dev/repos/ooRexx/build/lib/librexx.so.4	/home/moritz/dev/repos/ooRexx/interpreter/classes/ClassClass.cpp	RexxClass::isCompatibleWith(RexxClass*)'2
490	MACH	/home/moritz/dev/repos/ooRexx/build/lib/librexx.so.4	/home/moritz/dev/repos/ooRexx/interpreter/execution/RexxActivation.cpp	RexxActivation::forward(RexxObject*, RexxString*, RexxClass*, RexxObject**, unsigned long, bool)
488	ELSE	/usr/lib/x86_64-linux-gnu/libstdc++.so.6.0.36	/build/reproducible-path/gcc-16-16.2.0/build/x86_64-linux-gnu/libstdc++-v3/src/c++11/../../../../../src/libstdc++-v3/src/c++11/ios.cc	std::ios_base::ios_base()
486	CALLOC	/usr/lib/x86_64-linux-gnu/libc.so.6	./malloc/./malloc/malloc.c	unlink_chunk.isra.0
480	ELSE	/usr/lib/x86_64-linux-gnu/libc.so.6	./libio/./libio/iofclose.c	fclose@@GLIBC_2.2.5
479	ELSE	/usr/lib/x86_64-linux-gnu/ld-linux-x86-64.so.2	./elf/../sysdeps/unix/sysv/linux/dl-sysdep.c	_dl_sysdep_parse_arguments
478	ELSE	/usr/lib/x86_64-linux-gnu/libc.so.6	./libio/./libio/fileops.c	_IO_file_xsgetn
476	ELSE	/home/moritz/dev/repos/ooRexx/build/lib/librexx.so.4	/home/moritz/dev/repos/ooRexx/interpreter/parser/InstructionParser.cpp	LanguageParser::newControlledLoop(RexxString*, RexxVariableBase*, RexxToken*)
475	ELSE	/usr/lib/x86_64-linux-gnu/libc.so.6	./nss/./nss/nss_module.c	module_load_builtin.isra.0
469	ELSE	/home/moritz/dev/repos/ooRexx/build/lib/librexx.so.4	/home/moritz/dev/repos/ooRexx/interpreter/runtime/InterpreterInstance.cpp	InterpreterInstance::terminate()
464	ELSE	/usr/lib/x86_64-linux-gnu/libc.so.6	./libio/./libio/genops.c	__GI__IO_un_link.part.0
460	ELSE	/home/moritz/dev/repos/ooRexx/build/lib/librexx.so.4	/home/moritz/dev/repos/ooRexx/interpreter/classes/support/HashContents.hpp	HashContents::hashIndex(RexxInternalObject*)
458	ELSE	/usr/lib/x86_64-linux-gnu/ld-linux-x86-64.so.2	./elf/./elf/dl-sort-maps.c	_dl_sort_maps
449	VCMP	/home/moritz/dev/repos/ooRexx/build/lib/librexx.so.4	/home/moritz/dev/repos/ooRexx/interpreter/classes/support/CompoundVariableTable.cpp	CompoundVariableTable::moveNode(CompoundTableElement*&, bool)
449	ELSE	/home/moritz/dev/repos/ooRexx/build/lib/librexx.so.4	/home/moritz/dev/repos/ooRexx/interpreter/classes/NumberStringClass.cpp	NumberString::createUnsignedValue(char const*, unsigned long, int, long, unsigned long, unsigned long&) [clone .part.0]
448	GC	/home/moritz/dev/repos/ooRexx/build/lib/librexx.so.4	/home/moritz/dev/repos/ooRexx/interpreter/instructions/DoOverInstruction.cpp	RexxInstructionDoOver::liveGeneral(MarkReason)
448	GC	/home/moritz/dev/repos/ooRexx/build/lib/librexx.so.4	/home/moritz/dev/repos/ooRexx/interpreter/instructions/DoWhileInstruction.cpp	RexxInstructionDoWhile::liveGeneral(MarkReason)
445	ELSE	/home/moritz/dev/repos/ooRexx/build/lib/librexx.so.4	/home/moritz/dev/repos/ooRexx/interpreter/parser/InstructionParser.cpp	LanguageParser::whenNew()
445	CONV	/home/moritz/dev/repos/ooRexx/build/lib/librexx.so.4	/home/moritz/dev/repos/ooRexx/interpreter/classes/StringClass.cpp	RexxString::integerValue(long)
441	ELSE	/home/moritz/dev/repos/ooRexx/build/lib/librexx.so.4	/home/moritz/dev/repos/ooRexx/interpreter/classes/ObjectClass.cpp	RexxObject::messageSend(RexxString*, RexxObject**, unsigned long, ProtectedObject&)
440	ELSE	/usr/lib/x86_64-linux-gnu/libc.so.6	./libio/./libio/iofflush.c	fflush
440	ELSE	/usr/lib/x86_64-linux-gnu/ld-linux-x86-64.so.2	./elf/../sysdeps/x86/cpu-features.c	init_cpu_features.constprop.0
433	ELSE	/usr/lib/x86_64-linux-gnu/ld-linux-x86-64.so.2	./elf/./elf/dl-find_object.c	_dlfo_sort_mappings
432	ELSE	/usr/lib/x86_64-linux-gnu/libc.so.6	./nss/./nss/nss_parse_line_result.c	__nss_parse_line_result
430	MACH	/home/moritz/dev/repos/ooRexx/build/lib/librexx.so.4	/home/moritz/dev/repos/ooRexx/interpreter/execution/RexxActivation.cpp	RexxActivation::inheritPackageSettings()
422	ELSE	/home/moritz/dev/repos/ooRexx/build/lib/librexx.so.4	/home/moritz/dev/repos/ooRexx/interpreter/parser/InstructionParser.cpp	LanguageParser::thenNew(RexxToken*, RexxInstructionIf*)
420	ELSE	/home/moritz/dev/repos/ooRexx/build/lib/librexx.so.4	/home/moritz/dev/repos/ooRexx/interpreter/classes/DirectoryClass.cpp	DirectoryClass::unknownValue(RexxInternalObject*)
416	ELSE	/home/moritz/dev/repos/ooRexx/build/lib/librexx.so.4	/home/moritz/dev/repos/ooRexx/interpreter/behaviour/VirtualFunctionTable.cpp	getVftPointer(void*)
415	CALLOC	/usr/lib/x86_64-linux-gnu/libc.so.6	./malloc/./malloc/malloc.c	_int_free_maybe_trim
414	ELSE	/usr/lib/x86_64-linux-gnu/libstdc++.so.6.0.36	/build/reproducible-path/gcc-16-16.2.0/build/x86_64-linux-gnu/libstdc++-v3/src/c++98/numeric_members_cow.cc	std::numpunct<char>::_M_initialize_numpunct(__locale_struct*)
414	ELSE	/usr/lib/x86_64-linux-gnu/libstdc++.so.6.0.36	/build/reproducible-path/gcc-16-16.2.0/build/x86_64-linux-gnu/libstdc++-v3/src/c++98/numeric_members.cc	std::__cxx11::numpunct<char>::_M_initialize_numpunct(__locale_struct*)
413	ELSE	/home/moritz/dev/repos/ooRexx/build/lib/librexx.so.4	/home/moritz/dev/repos/ooRexx/interpreter/concurrency/ActivityManager.cpp	ActivityManager::newNativeActivation(Activity*)
407	LIBC	/usr/lib/x86_64-linux-gnu/libc.so.6	/build/reproducible-path/glibc-2.43/string/../sysdeps/x86_64/multiarch/strncat-avx2.S	__strncat_avx2
402	ELSE	/home/moritz/dev/repos/ooRexx/build/lib/librexx.so.4	/home/moritz/dev/repos/ooRexx/interpreter/runtime/InterpreterInstance.cpp	InterpreterInstance::initialize(Activity*, RexxOption*)
402	ELSE	/home/moritz/dev/repos/ooRexx/build/lib/librexx.so.4	/home/moritz/dev/repos/ooRexx/interpreter/execution/RexxCode.cpp	RexxCode::run(Activity*, MethodClass*, RexxObject*, RexxString*, RexxObject**, unsigned long, ProtectedObject&)
402	ELSE	/usr/lib/x86_64-linux-gnu/ld-linux-x86-64.so.2	./elf/./elf/dl-find_object.c	_dlfo_process_initial
401	ELSE	/home/moritz/dev/repos/ooRexx/build/lib/librexx.so.4	/home/moritz/dev/repos/ooRexx/interpreter/concurrency/ActivityManager.cpp	ActivityManager::kernelLock()
400	ELSE	/home/moritz/dev/repos/ooRexx/build/lib/librexx.so.4	/home/moritz/dev/repos/ooRexx/common/platform/unix/SysFile.cpp	SysFile::writeData(char const*, unsigned long)
400	ELSE	/home/moritz/dev/repos/ooRexx/build/lib/librexx.so.4	/home/moritz/dev/repos/ooRexx/common/platform/unix/SysFile.cpp	SysFile::write(char const*, unsigned long, unsigned long&)
400	ELSE	/usr/lib/x86_64-linux-gnu/ld-linux-x86-64.so.2	/build/reproducible-path/glibc-2.43/setjmp/../sysdeps/x86_64/setjmp.S	__sigsetjmp
398	ELSE	/home/moritz/dev/repos/ooRexx/build/lib/librexx.so.4	/home/moritz/dev/repos/ooRexx/interpreter/parser/LanguageParser.cpp	LanguageParser::parseFunction(RexxToken*, RexxToken*)
398	ELSE	/home/moritz/dev/repos/ooRexx/build/lib/librexx.so.4	/home/moritz/dev/repos/ooRexx/interpreter/memory/RexxMemory.cpp	_GLOBAL__sub_I_RexxMemory.cpp
396	ELSE	/home/moritz/dev/repos/ooRexx/build/lib/librexx.so.4	/home/moritz/dev/repos/ooRexx/interpreter/classes/ObjectClass.cpp	RexxObject::newRexx(RexxObject**, unsigned long)'2
392	ELSE	/home/moritz/dev/repos/ooRexx/build/lib/librexx.so.4	/home/moritz/dev/repos/ooRexx/interpreter/expression/ExpressionOperator.cpp	RexxExpressionOperator::RexxExpressionOperator(TokenSubclass, RexxInternalObject*, RexxInternalObject*)
392	ELSE	/home/moritz/dev/repos/ooRexx/build/lib/librexx.so.4	/home/moritz/dev/repos/ooRexx/interpreter/classes/DirectoryClass.cpp	DirectoryClass::put(RexxInternalObject*, RexxInternalObject*)
388	ELSE	/home/moritz/dev/repos/ooRexx/build/lib/librexx.so.4	/home/moritz/dev/repos/ooRexx/interpreter/instructions/EndIf.cpp	RexxInstructionEndIf::RexxInstructionEndIf(RexxInstructionIf*)
388	ELSE	/home/moritz/dev/repos/ooRexx/build/lib/librexx.so.4	/home/moritz/dev/repos/ooRexx/interpreter/parser/InstructionParser.cpp	LanguageParser::ifNew()
386	ELSE	/home/moritz/dev/repos/ooRexx/build/lib/librexx.so.4	/home/moritz/dev/repos/ooRexx/interpreter/parser/Token.hpp	LanguageParser::needVariable(RexxToken*)
384	MACH	/home/moritz/dev/repos/ooRexx/build/lib/librexx.so.4	/usr/include/c++/15/bits/atomic_base.h	Activity::releaseAccess(bool)
384	ELSE	/home/moritz/dev/repos/ooRexx/build/lib/librexx.so.4	/home/moritz/dev/repos/ooRexx/interpreter/parser/SourceLocation.hpp	RexxClause::setStart(unsigned long, unsigned long)
380	ELSE	/home/moritz/dev/repos/ooRexx/build/lib/librexx.so.4	/home/moritz/dev/repos/ooRexx/interpreter/parser/LanguageParser.cpp	LanguageParser::addVariable(RexxToken*)
378	ELSE	/home/moritz/dev/repos/ooRexx/build/lib/librexx.so.4	/home/moritz/dev/repos/ooRexx/interpreter/classes/support/HashCollection.cpp	HashCollection::initialize(unsigned long)
378	CALL	/home/moritz/dev/repos/ooRexx/build/lib/librexx.so.4	/home/moritz/dev/repos/ooRexx/interpreter/concurrency/Activity.cpp	Activity::popStackFrame(ActivationBase*)
376	ELSE	/usr/lib/x86_64-linux-gnu/ld-linux-x86-64.so.2	./elf/../sysdeps/nptl/dl-tls_init_tp.c	rtld_mutex_dummy
373	ELSE	/usr/lib/x86_64-linux-gnu/ld-linux-x86-64.so.2	./elf/./elf/dl-environ.c	_dl_next_ld_env_entry
372	ELSE	/home/moritz/dev/repos/ooRexx/build/lib/librexx.so.4	/home/moritz/dev/repos/ooRexx/interpreter/streamLibrary/StreamNative.cpp	StreamInfo::lineout(_RexxStringObject*, bool, long)
370	ELSE	/usr/lib/x86_64-linux-gnu/libstdc++.so.6.0.36	/build/reproducible-path/gcc-16-16.2.0/build/x86_64-linux-gnu/libstdc++-v3/src/c++11/../../../../../src/libstdc++-v3/src/c++11/cow-locale_init.cc	std::locale::_Impl::_M_init_extra(std::locale::facet**)
367	ELSE	/usr/lib/x86_64-linux-gnu/libgcc_s.so.1	/build/reproducible-path/gcc-16-16.2.0/build/x86_64-linux-gnu/libgcc/../../../src/libgcc/config/i386/cpuinfo.c	__cpu_indicator_init@GCC_4.8.0
364	ELSE	/home/moritz/dev/repos/ooRexx/build/lib/librexx.so.4	/home/moritz/dev/repos/ooRexx/interpreter/parser/InstructionParser.cpp	LanguageParser::endIfNew(RexxInstructionIf*)
362	ELSE	/home/moritz/dev/repos/ooRexx/build/lib/librexx.so.4	/home/moritz/dev/repos/ooRexx/interpreter/classes/ObjectClass.cpp	RexxObject::copy()
360	ELSE	/usr/lib/x86_64-linux-gnu/libc.so.6	./libio/./libio/filedoalloc.c	_IO_file_doallocate
360	ELSE	/usr/lib/x86_64-linux-gnu/libc.so.6	./signal/../sysdeps/unix/sysv/linux/libc_sigaction.c	__libc_sigaction
359	ELSE	/usr/lib/x86_64-linux-gnu/ld-linux-x86-64.so.2	./elf/./elf/dl-fini.c	_dl_fini
354	ELSE	/usr/lib/x86_64-linux-gnu/ld-linux-x86-64.so.2	./elf/./elf/dl-hwcaps_split.c	_dl_hwcaps_split
351	CALLOC	/usr/lib/x86_64-linux-gnu/libstdc++.so.6.0.36	/build/reproducible-path/gcc-16-16.2.0/build/x86_64-linux-gnu/libstdc++-v3/libsupc++/../../../../src/libstdc++-v3/libsupc++/new_op.cc	operator new(unsigned long)
348	ELSE	/usr/lib/x86_64-linux-gnu/libstdc++.so.6.0.36	/build/reproducible-path/gcc-16-16.2.0/build/x86_64-linux-gnu/libstdc++-v3/src/c++98/numeric_members_cow.cc	std::numpunct<wchar_t>::_M_initialize_numpunct(__locale_struct*)
348	ELSE	/usr/lib/x86_64-linux-gnu/libstdc++.so.6.0.36	/build/reproducible-path/gcc-16-16.2.0/build/x86_64-linux-gnu/libstdc++-v3/src/c++98/numeric_members.cc	std::__cxx11::numpunct<wchar_t>::_M_initialize_numpunct(__locale_struct*)
348	ELSE	/home/moritz/dev/repos/ooRexx/build/lib/librexx.so.4	/home/moritz/dev/repos/ooRexx/interpreter/runtime/InterpreterInstance.cpp	InterpreterInstance::InterpreterInstance()
347	ELSE	/usr/lib/x86_64-linux-gnu/ld-linux-x86-64.so.2	./elf/./elf/dl-object.c	_dl_add_to_namespace_list
344	ELSE	/home/moritz/dev/repos/ooRexx/build/lib/librexx.so.4	/home/moritz/dev/repos/ooRexx/interpreter/instructions/ParseInstruction.cpp	RexxInstructionParse::RexxInstructionParse(RexxInternalObject*, InstructionSubKeyword, FlagSet<ParseFlags, 32>, unsigned long, QueueClass*)
342	ELSE	/home/moritz/dev/repos/ooRexx/build/lib/librexx.so.4	/home/moritz/dev/repos/ooRexx/interpreter/parser/Token.cpp	RexxToken::precedence()
340	ELSE	/home/moritz/dev/repos/ooRexx/build/lib/librexx.so.4	/home/moritz/dev/repos/ooRexx/interpreter/classes/ObjectClass.cpp	RexxObject::setObjectVariable(RexxString*, RexxObject*, RexxClass*)
339	ELSE	/home/moritz/dev/repos/ooRexx/build/lib/librexx.so.4	/home/moritz/dev/repos/ooRexx/interpreter/parser/LanguageParser.cpp	LanguageParser::captureGuardVariable(RexxString*, RexxVariableBase*)
337	ELSE	/usr/lib/x86_64-linux-gnu/ld-linux-x86-64.so.2	./elf/../elf/dl-tls.c	_dl_allocate_tls_storage
336	ELSE	/usr/lib/x86_64-linux-gnu/libc.so.6	./libio/./libio/iofopen.c	__fopen_internal
335	ELSE	/home/moritz/dev/repos/ooRexx/build/lib/librexx.so.4	/home/moritz/dev/repos/ooRexx/interpreter/runtime/InterpreterInstance.cpp	InterpreterInstance::getLocalEnvironment(RexxString*)
330	ELSE	/usr/lib/x86_64-linux-gnu/libstdc++.so.6.0.36	/build/reproducible-path/gcc-16-16.2.0/build/x86_64-linux-gnu/libstdc++-v3/src/c++11/../../../../../src/libstdc++-v3/src/c++11/locale_init.cc	std::locale::locale()
328	CALLOC	/usr/lib/x86_64-linux-gnu/libc.so.6	./malloc/./malloc/malloc.c	realloc
326	MACH	/home/moritz/dev/repos/ooRexx/build/lib/librexx.so.4	/home/moritz/dev/repos/ooRexx/interpreter/concurrency/Activity.cpp	Activity::sayOutput(RexxActivation*, RexxString*)
324	ELSE	/home/moritz/dev/repos/ooRexx/build/lib/librexx.so.4	/home/moritz/dev/repos/ooRexx/interpreter/classes/StringClass.hpp	LanguageParser::scanSymbol(RexxString*)
323	ELSE	/usr/lib/x86_64-linux-gnu/ld-linux-x86-64.so.2	./elf/./elf/dl-deps.c	openaux
322	ELSE	/home/moritz/dev/repos/ooRexx/build/lib/librexx.so.4	/home/moritz/dev/repos/ooRexx/interpreter/expression/ExpressionFunction.cpp	RexxExpressionFunction::RexxExpressionFunction(RexxString*, unsigned long, QueueClass*, BuiltinCode)
322	ELSE	/home/moritz/dev/repos/ooRexx/build/lib/librexx.so.4	/home/moritz/dev/repos/ooRexx/interpreter/parser/InstructionParser.cpp	LanguageParser::endNew()
321	PARSE	/home/moritz/dev/repos/ooRexx/build/lib/librexx.so.4	/home/moritz/dev/repos/ooRexx/interpreter/classes/StringClass.cpp	RexxString::upper(unsigned long, unsigned long)
319	CALLOC	/usr/lib/x86_64-linux-gnu/libc.so.6	./malloc/./malloc/malloc.c	calloc
318	ELSE	/home/moritz/dev/repos/ooRexx/build/lib/librexx.so.4	/home/moritz/dev/repos/ooRexx/interpreter/parser/LanguageParser.cpp	LanguageParser::topBlockInstruction()
318	CALLOC	/usr/lib/x86_64-linux-gnu/libc.so.6	./malloc/./malloc/malloc.c	sysmalloc
317	ELSE	/home/moritz/dev/repos/ooRexx/build/lib/librexx.so.4	/home/moritz/dev/repos/ooRexx/interpreter/classes/ObjectClass.cpp	RexxObject::requestRexx(RexxString*)
312	ELSE	/usr/lib/x86_64-linux-gnu/ld-linux-x86-64.so.2	./elf/./elf/dl-load.c	_dl_dst_count
304	ELSE	/usr/lib/x86_64-linux-gnu/libstdc++.so.6.0.36	/build/reproducible-path/gcc-16-16.2.0/build/x86_64-linux-gnu/libstdc++-v3/src/c++98/../../../../../src/libstdc++-v3/src/c++98/ios_init.cc	std::ios_base::Init::Init()
300	MACH	/home/moritz/dev/repos/ooRexx/build/lib/librexx.so.4	/home/moritz/dev/repos/ooRexx/interpreter/execution/RexxActivation.cpp	RexxActivation::resolveDotVariable(RexxString*, RexxObject*&)
297	CONV	/home/moritz/dev/repos/ooRexx/build/lib/librexx.so.4	/home/moritz/dev/repos/ooRexx/interpreter/classes/ObjectClass.cpp	RexxInternalObject::requiredString(char const*)
292	ELSE	/home/moritz/dev/repos/ooRexx/build/lib/librexx.so.4	/home/moritz/dev/repos/ooRexx/interpreter/classes/support/HashCollection.cpp	HashCollection::copy()
292	GC	/home/moritz/dev/repos/ooRexx/build/lib/librexx.so.4	/home/moritz/dev/repos/ooRexx/interpreter/instructions/RexxInstruction.cpp	RexxInstruction::liveGeneral(MarkReason)
288	ELSE	/usr/lib/x86_64-linux-gnu/libc.so.6	./stdlib/./stdlib/cxa_atexit.c	__internal_atexit
285	ELSE	/home/moritz/dev/repos/ooRexx/build/lib/librexx.so.4	/home/moritz/dev/repos/ooRexx/interpreter/execution/NativeActivation.cpp	NativeActivation::findRexxContext()
285	MACH	/home/moritz/dev/repos/ooRexx/build/lib/librexx.so.4	/home/moritz/dev/repos/ooRexx/interpreter/concurrency/Activity.cpp	Activity::Activity(GlobalProtectedObject&, bool)
285	ELSE	/home/moritz/dev/repos/ooRexx/build/lib/librexx.so.4	/home/moritz/dev/repos/ooRexx/interpreter/instructions/IfInstruction.cpp	RexxInstructionIf::RexxInstructionIf(RexxInternalObject*, RexxToken*)
284	CALLOC	/usr/lib/x86_64-linux-gnu/libc.so.6	./malloc/./malloc/malloc.c	_int_free_create_chunk
283	ELSE	/home/moritz/dev/repos/ooRexx/build/lib/librexx.so.4	/home/moritz/dev/repos/ooRexx/interpreter/behaviour/RexxBehaviour.cpp	RexxBehaviour::restoreClass()
283	ELSE	/home/moritz/dev/repos/ooRexx/build/lib/librexx.so.4	/home/moritz/dev/repos/ooRexx/interpreter/classes/StringClass.cpp	mappedHex(char const*, char*)
282	CALLOC	/usr/lib/x86_64-linux-gnu/libc.so.6	./malloc/./malloc/malloc.c	_int_realloc
280	GC	/home/moritz/dev/repos/ooRexx/build/lib/librexx.so.4	/home/moritz/dev/repos/ooRexx/interpreter/expression/ExpressionOperator.cpp	RexxBinaryOperator::operator new(unsigned long)
276	MACH	/home/moritz/dev/repos/ooRexx/build/lib/librexx.so.4	/home/moritz/dev/repos/ooRexx/interpreter/execution/RexxActivation.cpp	RexxActivation::trapOn(RexxString*, RexxInstructionTrapBase*, bool)
275	CALLOC	/usr/lib/x86_64-linux-gnu/libc.so.6	./malloc/./malloc/malloc.c	sysmalloc_mmap
272	ELSE	/usr/lib/x86_64-linux-gnu/libc.so.6	./string/../string/strstr.c	__GI_strstr
270	ELSE	/usr/lib/x86_64-linux-gnu/ld-linux-x86-64.so.2	./elf/./elf/dl-call_fini.c	_dl_call_fini
268	VSIM	/home/moritz/dev/repos/ooRexx/build/lib/librexx.so.4	/home/moritz/dev/repos/ooRexx/interpreter/execution/VariableDictionary.cpp	VariableDictionary::release(Activity*)
268	GC	/home/moritz/dev/repos/ooRexx/build/lib/librexx.so.4	/home/moritz/dev/repos/ooRexx/interpreter/execution/NativeCode.cpp	NativeMethod::liveGeneral(MarkReason)
266	ELSE	/home/moritz/dev/repos/ooRexx/build/lib/librexx.so.4	/home/moritz/dev/repos/ooRexx/interpreter/instructions/ThenInstruction.cpp	RexxInstructionThen::RexxInstructionThen(RexxToken*, RexxInstructionIf*)
264	ELSE	/usr/lib/x86_64-linux-gnu/libc.so.6	./libio/./libio/fileops.c	_IO_file_open
263	ELSE	/home/moritz/dev/repos/ooRexx/build/lib/librexx.so.4	/home/moritz/dev/repos/ooRexx/interpreter/execution/NativeActivation.cpp	NativeActivation::guardOff()
260	ELSE	/home/moritz/dev/repos/ooRexx/build/lib/librexx.so.4	/home/moritz/dev/repos/ooRexx/interpreter/classes/ObjectClass.cpp	RexxObject::isInstanceOf(RexxClass*)
258	VSIM	/home/moritz/dev/repos/ooRexx/build/lib/librexx.so.4	/home/moritz/dev/repos/ooRexx/interpreter/execution/VariableDictionary.cpp	VariableDictionary::setNextDictionary(VariableDictionary*)
256	ELSE	/home/moritz/dev/repos/ooRexx/build/lib/librexx.so.4	/home/moritz/dev/repos/ooRexx/interpreter/behaviour/RexxBehaviour.cpp	RexxBehaviour::superScope(RexxClass*)
256	ELSE	/home/moritz/dev/repos/ooRexx/build/lib/librexx.so.4	/home/moritz/dev/repos/ooRexx/common/platform/unix/SysFile.cpp	SysFile::getPosition(long&)
252	ELSE	/home/moritz/dev/repos/ooRexx/build/lib/librexx.so.4	/home/moritz/dev/repos/ooRexx/interpreter/classes/ArrayClass.cpp	ArrayClass::getLastItem()
252	ELSE	/usr/lib/x86_64-linux-gnu/libc.so.6	./libio/./libio/iofread_u.c	fread_unlocked
252	GC	/home/moritz/dev/repos/ooRexx/build/lib/librexx.so.4	/home/moritz/dev/repos/ooRexx/interpreter/execution/CPPCode.cpp	AttributeGetterCode::liveGeneral(MarkReason)
252	ELSE	/usr/lib/x86_64-linux-gnu/libc.so.6	./libio/./libio/fileops.c	_IO_file_sync@@GLIBC_2.2.5
250	ELSE	/usr/lib/x86_64-linux-gnu/ld-linux-x86-64.so.2	./string/../string/strcspn.c	strcspn
249	ELSE	/usr/lib/x86_64-linux-gnu/ld-linux-x86-64.so.2	./elf/../sysdeps/x86/dl-cacheinfo.h	get_common_cache_info.constprop.0
248	GC	/home/moritz/dev/repos/ooRexx/build/lib/librexx.so.4	/home/moritz/dev/repos/ooRexx/interpreter/memory/RexxMemory.cpp	MemoryObject::runUninits()
246	VSIM	/home/moritz/dev/repos/ooRexx/build/lib/librexx.so.4	/home/moritz/dev/repos/ooRexx/interpreter/expression/ExpressionVariable.cpp	RexxSimpleVariable::RexxSimpleVariable(RexxString*, unsigned long)
244	CALLOC	/usr/lib/x86_64-linux-gnu/libc.so.6	./malloc/./malloc/malloc.c	__libc_calloc2
244	MACH	/home/moritz/dev/repos/ooRexx/build/lib/librexx.so.4	/home/moritz/dev/repos/ooRexx/interpreter/concurrency/Activity.cpp	Activity::generateRandomNumberSeed()
241	ELSE	/usr/lib/x86_64-linux-gnu/ld-linux-x86-64.so.2	./elf/./elf/dl-cache.c	_dl_load_cache_lookup
240	ELSE	/home/moritz/dev/repos/ooRexx/build/lib/librexx.so.4	/home/moritz/dev/repos/ooRexx/interpreter/classes/ArrayClass.cpp	ArrayClass::findSingleIndexItem(RexxInternalObject*)
238	ELSE	/home/moritz/dev/repos/ooRexx/build/lib/librexx.so.4	/home/moritz/dev/repos/ooRexx/interpreter/classes/ArrayClass.cpp	ArrayClass::ArrayClass(RexxInternalObject**, unsigned long)
237	ELSE	/usr/lib/x86_64-linux-gnu/libc.so.6	./stdlib/./stdlib/cxa_atexit.c	__new_exitfn
237	GC	/home/moritz/dev/repos/ooRexx/build/lib/librexx.so.4	/home/moritz/dev/repos/ooRexx/interpreter/memory/RexxMemory.cpp	MemoryObject::restore()
237	GC	/home/moritz/dev/repos/ooRexx/build/lib/librexx.so.4	/home/moritz/dev/repos/ooRexx/interpreter/memory/RexxMemory.cpp	MemoryObject::newSegment(unsigned long)
236	ELSE	/usr/lib/x86_64-linux-gnu/libc.so.6	./stdlib/./stdlib/rand.c	rand
234	ELSE	/home/moritz/dev/repos/ooRexx/build/lib/librexx.so.4	/home/moritz/dev/repos/ooRexx/interpreter/parser/InstructionParser.cpp	LanguageParser::callNew()
234	ELSE	???	???	0x000000000492a690
234	ELSE	/usr/lib/x86_64-linux-gnu/ld-linux-x86-64.so.2	./elf/./elf/dl-setup_hash.c	_dl_setup_hash
232	GC	/home/moritz/dev/repos/ooRexx/build/lib/librexx.so.4	/home/moritz/dev/repos/ooRexx/interpreter/execution/NativeCode.cpp	NativeRoutine::liveGeneral(MarkReason)
227	ELSE	/home/moritz/dev/repos/ooRexx/build/lib/librexx.so.4	/home/moritz/dev/repos/ooRexx/interpreter/concurrency/ActivityManager.cpp	ActivityManager::createCurrentActivity()
226	ELSE	/home/moritz/dev/repos/ooRexx/build/lib/librexx.so.4	/home/moritz/dev/repos/ooRexx/interpreter/platform/unix/SystemCommands.cpp	SysInterpreterInstance::registerCommandHandlers(InterpreterInstance*)
225	ELSE	/home/moritz/dev/repos/ooRexx/build/lib/librexx.so.4	/home/moritz/dev/repos/ooRexx/interpreter/execution/NativeActivation.cpp	NativeActivation::cself()
225	CALLOC	/usr/lib/x86_64-linux-gnu/libc.so.6	./malloc/./malloc/malloc.c	_int_free_chunk
225	ELSE	/home/moritz/dev/repos/ooRexx/build/lib/librexx.so.4	/home/moritz/dev/repos/ooRexx/interpreter/instructions/UseInstruction.cpp	RexxInstructionUse::getArgument(RexxObject**, unsigned long, unsigned long)
224	MACH	/home/moritz/dev/repos/ooRexx/build/lib/librexx.so.4	/home/moritz/dev/repos/ooRexx/interpreter/execution/RexxActivation.cpp	RexxActivation::getObjectVariables()
221	ELSE	/usr/lib/x86_64-linux-gnu/libc.so.6	./nss/./nss/nss_module.c	__nss_module_get_function
216	ELSE	/home/moritz/dev/repos/ooRexx/build/lib/librexx.so.4	/home/moritz/dev/repos/ooRexx/interpreter/parser/LanguageParser.cpp	LanguageParser::initializeForParsing()
216	LIBC	/usr/lib/x86_64-linux-gnu/libc.so.6	/build/reproducible-path/glibc-2.43/string/../sysdeps/x86_64/multiarch/strstr-sse2-unaligned.S	__strstr_sse2_unaligned
216	ELSE	/usr/lib/x86_64-linux-gnu/libc.so.6	./nptl/./nptl/pthread_cond_destroy.c	pthread_cond_destroy@@GLIBC_2.3.2
216	ELSE	/usr/lib/x86_64-linux-gnu/ld-linux-x86-64.so.2	./elf/./elf/dl-reloc.c	_dl_protect_relro
215	VSIM	/home/moritz/dev/repos/ooRexx/build/lib/librexx.so.4	/home/moritz/dev/repos/ooRexx/interpreter/execution/VariableDictionary.cpp	VariableDictionary::operator new(unsigned long)
214	ELSE	/home/moritz/dev/repos/ooRexx/build/lib/librexx.so.4	/usr/include/c++/15/bits/atomic_base.h	ActivityManager::getLocal()
214	ELSE	/home/moritz/dev/repos/ooRexx/build/lib/librexx.so.4	/home/moritz/dev/repos/ooRexx/interpreter/execution/NativeActivation.cpp	NativeActivation::valueToObject(_ValueDescriptor*)
214	ELSE	/usr/lib/x86_64-linux-gnu/ld-linux-x86-64.so.2	./elf/./elf/dl-hwcaps.c	_dl_important_hwcaps
212	ELSE	/usr/lib/x86_64-linux-gnu/ld-linux-x86-64.so.2	./elf/./elf/dl-hwcaps_split.c	_dl_hwcaps_split_masked
210	MACH	/home/moritz/dev/repos/ooRexx/build/lib/librexx.so.4	/home/moritz/dev/repos/ooRexx/interpreter/concurrency/Activity.cpp	Activity::requestAccess()
210	ELSE	/usr/lib/x86_64-linux-gnu/ld-linux-x86-64.so.2	./elf/./elf/dl-minimal-malloc.c	__minimal_calloc
208	ELSE	/home/moritz/dev/repos/ooRexx/build/lib/librexx.so.4	/home/moritz/dev/repos/ooRexx/interpreter/parser/Token.cpp	RexxToken::checkAssignment(LanguageParser*, RexxString*)
206	ELSE	/usr/lib/x86_64-linux-gnu/ld-linux-x86-64.so.2	./elf/../elf/dl-tls.c	_dl_allocate_tls_init
206	ELSE	/usr/lib/x86_64-linux-gnu/ld-linux-x86-64.so.2	./elf/../elf/dl-tls.c	_dl_determine_tlsoffset
205	VSIM	/home/moritz/dev/repos/ooRexx/build/lib/librexx.so.4	/home/moritz/dev/repos/ooRexx/interpreter/expression/ExpressionVariable.cpp	RexxSimpleVariable::operator new(unsigned long)
205	MACH	/home/moritz/dev/repos/ooRexx/build/lib/librexx.so.4	/home/moritz/dev/repos/ooRexx/interpreter/concurrency/Activity.cpp	Activity::getLocalEnvironment(RexxString*)
204	ELSE	/home/moritz/dev/repos/ooRexx/build/lib/librexx.so.4	/home/moritz/dev/repos/ooRexx/interpreter/streamLibrary/StreamNative.cpp	StreamInfo::openStd(char const*)
204	ELSE	/home/moritz/dev/repos/ooRexx/build/lib/librexx.so.4	/home/moritz/dev/repos/ooRexx/interpreter/classes/support/HashContents.hpp	HashContents::isIndexEqual(RexxInternalObject*, RexxInternalObject*)
203	ELSE	/home/moritz/dev/repos/ooRexx/build/lib/librexx.so.4	/home/moritz/dev/repos/ooRexx/interpreter/classes/NumberStringClass.cpp	NumberString::formatInternal(long, long, long, long, NumberString*, long, bool)
203	ELSE	/usr/lib/x86_64-linux-gnu/ld-linux-x86-64.so.2	./elf/./elf/dl-load.c	_dl_notify_new_object
202	MACH	/home/moritz/dev/repos/ooRexx/build/lib/librexx.so.4	/home/moritz/dev/repos/ooRexx/interpreter/concurrency/Activity.cpp	Activity::createNewActivationStack()
199	ELSE	/home/moritz/dev/repos/ooRexx/build/lib/librexx.so.4	/home/moritz/dev/repos/ooRexx/interpreter/classes/QueueClass.cpp	QueueClass::pushRexx(RexxObject*)
198	ELSE	/usr/lib/x86_64-linux-gnu/ld-linux-x86-64.so.2	./elf/./elf/dl-tunables.c	do_tunable_update_val
196	ELSE	/usr/lib/x86_64-linux-gnu/ld-linux-x86-64.so.2	./elf/../sysdeps/x86/cpu-features.c	update_active.constprop.0
194	ELSE	/home/moritz/dev/repos/ooRexx/build/lib/librexx.so.4	/home/moritz/dev/repos/ooRexx/interpreter/execution/NativeActivation.cpp	NativeActivation::getObjectVariableRetriever(char const*)
192	GC	/home/moritz/dev/repos/ooRexx/build/lib/librexx.so.4	/home/moritz/dev/repos/ooRexx/interpreter/execution/RexxVariable.cpp	RexxVariable::liveGeneral(MarkReason)
192	ELSE	/home/moritz/dev/repos/ooRexx/build/lib/librexx.so.4	/usr/include/c++/15/bits/stl_vector.h	void std::vector<Activity*, std::allocator<Activity*> >::_M_realloc_append<Activity* const&>(Activity* const&)
192	VSIM	/home/moritz/dev/repos/ooRexx/build/lib/librexx.so.4	/home/moritz/dev/repos/ooRexx/interpreter/classes/support/HashContents.hpp	VariableDictionary::checkFull()
188	ELSE	/usr/lib/x86_64-linux-gnu/libc.so.6	./stdlib/./stdlib/exit.c	__run_exit_handlers
187	ELSE	/home/moritz/dev/repos/ooRexx/build/lib/librexx.so.4	/home/moritz/dev/repos/ooRexx/interpreter/instructions/SelectInstruction.cpp	RexxInstructionSelect::matchEnd(RexxInstructionEnd*, LanguageParser*)
187	ELSE	/usr/lib/x86_64-linux-gnu/ld-linux-x86-64.so.2	./string/./string/strdup.c	strdup
184	ELSE	/usr/lib/x86_64-linux-gnu/libc.so.6	./io/../sysdeps/unix/sysv/linux/open64_nocancel.c	__open_nocancel
180	ELSE	/home/moritz/dev/repos/ooRexx/build/lib/librexx.so.4	/home/moritz/dev/repos/ooRexx/interpreter/classes/support/HashCollection.cpp	HashCollection::expandContents(unsigned long)
180	CONV	/home/moritz/dev/repos/ooRexx/build/lib/librexx.so.4	/home/moritz/dev/repos/ooRexx/interpreter/classes/ObjectClass.cpp	RexxInternalObject::requestInteger(long)
180	MACH	/home/moritz/dev/repos/ooRexx/build/lib/librexx.so.4	/home/moritz/dev/repos/ooRexx/interpreter/runtime/InterpreterInstance.hpp	Activity::getInstanceSecurityManager()
177	ELSE	/home/moritz/dev/repos/ooRexx/build/lib/librexx.so.4	/home/moritz/dev/repos/ooRexx/interpreter/runtime/Interpreter.cpp	Interpreter::createInterpreterInstance(RexxOption*)
176	ELSE	/usr/lib/x86_64-linux-gnu/libstdc++.so.6.0.36	/build/reproducible-path/gcc-16-16.2.0/build/x86_64-linux-gnu/libstdc++-v3/src/c++11/../../../../../src/libstdc++-v3/src/c++11/locale_init.cc	std::locale::_S_initialize()
176	ELSE	/home/moritz/dev/repos/ooRexx/build/lib/librexx.so.4	/home/moritz/dev/repos/ooRexx/interpreter/platform/unix/SysInterpreterInstance.cpp	SysInterpreterInstance::addSearchExtension(char const*)
176	ELSE	/usr/lib/x86_64-linux-gnu/libc.so.6	./nss/../nss/getXXbyYY_r.c	getpwuid_r@@GLIBC_2.2.5
175	ELSE	/home/moritz/dev/repos/ooRexx/build/lib/librexx.so.4	/home/moritz/dev/repos/ooRexx/interpreter/parser/InstructionParser.cpp	LanguageParser::traceNew()
175	GC	/home/moritz/dev/repos/ooRexx/build/lib/librexx.so.4	/home/moritz/dev/repos/ooRexx/interpreter/execution/CPPCode.cpp	AbstractCode::liveGeneral(MarkReason)
175	ELSE	/home/moritz/dev/repos/ooRexx/build/lib/librexx.so.4	/home/moritz/dev/repos/ooRexx/common/Utilities.cpp	Utilities::strupper(char*)
174	MACH	/home/moritz/dev/repos/ooRexx/build/lib/librexx.so.4	/home/moritz/dev/repos/ooRexx/interpreter/instructions/AssignmentInstruction.cpp	RexxInstructionAssignment::execute(RexxActivation*, ExpressionStack*)'2
174	ELSE	/home/moritz/dev/repos/ooRexx/build/lib/librexx.so.4	/home/moritz/dev/repos/ooRexx/interpreter/instructions/RexxInstruction.hpp	RexxInstruction::isControl()
174	ELSE	/usr/lib/x86_64-linux-gnu/libc.so.6	./libio/./libio/genops.c	_IO_flush_all
174	MACH	/home/moritz/dev/repos/ooRexx/build/lib/librexx.so.4	/home/moritz/dev/repos/ooRexx/interpreter/concurrency/Activity.cpp	Activity::exitCurrentThread(bool)
173	ELSE	/home/moritz/dev/repos/ooRexx/build/lib/librexx.so.4	/home/moritz/dev/repos/ooRexx/interpreter/parser/LanguageParser.cpp	LanguageParser::resolveCalls()
173	ELSE	/home/moritz/dev/repos/ooRexx/build/lib/librexx.so.4	/home/moritz/dev/repos/ooRexx/common/platform/unix/SysSemaphore.cpp	SysMutex::create(bool)
172	ELSE	/usr/lib/x86_64-linux-gnu/libstdc++.so.6.0.36	/build/reproducible-path/gcc-16-16.2.0/build/x86_64-linux-gnu/libstdc++-v3/src/c++98/../../../../../src/libstdc++-v3/src/c++98/locale.cc	std::locale::facet::_S_get_c_locale()
172	ELSE	/usr/lib/x86_64-linux-gnu/libc.so.6	./libio/./libio/genops.c	_IO_default_setbuf
172	ELSE	/usr/lib/x86_64-linux-gnu/ld-linux-x86-64.so.2	./elf/./elf/dl-lookup-direct.c	_dl_lookup_direct
170	ELSE	/home/moritz/dev/repos/ooRexx/build/lib/librexx.so.4	/home/moritz/dev/repos/ooRexx/interpreter/instructions/RexxInstruction.cpp	RexxInstructionExpression::evaluateStringExpression(RexxActivation*, ExpressionStack*)
170	ELSE	/usr/lib/x86_64-linux-gnu/libc.so.6	./io/../sysdeps/unix/sysv/linux/read_nocancel.c	__read_nocancel
169	ELSE	/usr/lib/x86_64-linux-gnu/libc.so.6	./libio/./libio/genops.c	_IO_cleanup
168	ELSE	/usr/lib/x86_64-linux-gnu/libstdc++.so.6.0.36	/build/reproducible-path/gcc-16-16.2.0/build/x86_64-linux-gnu/libstdc++-v3/src/c++98/../../../../../src/libstdc++-v3/src/c++98/ios_locale.cc	std::ios_base::_M_init()
168	ELSE	/home/moritz/dev/repos/ooRexx/build/lib/librexx.so.4	/home/moritz/dev/repos/ooRexx/interpreter/instructions/AssignmentInstruction.cpp	RexxInstructionAssignment::RexxInstructionAssignment(RexxVariableBase*, RexxInternalObject*)
168	ELSE	/home/moritz/dev/repos/ooRexx/build/lib/librexx.so.4	/home/moritz/dev/repos/ooRexx/interpreter/classes/StringClass.hpp	RexxString::getHashValue()
167	ELSE	/home/moritz/dev/repos/ooRexx/build/lib/librexx.so.4	/home/moritz/dev/repos/ooRexx/interpreter/api/ThreadContextStubs.cpp	NewBuffer
165	ELSE	/home/moritz/dev/repos/ooRexx/build/lib/librexx.so.4	/home/moritz/dev/repos/ooRexx/interpreter/streamLibrary/StreamNative.cpp	stream_lineout_impl(RexxMethodContext_*, void*, _RexxStringObject*, long)
165	ELSE	/home/moritz/dev/repos/ooRexx/build/lib/librexx.so.4	/home/moritz/dev/repos/ooRexx/interpreter/streamLibrary/StreamNative.cpp	StreamInfo::writeLine(char const*, unsigned long, unsigned long&)
165	GC	/home/moritz/dev/repos/ooRexx/build/lib/librexx.so.4	/home/moritz/dev/repos/ooRexx/interpreter/concurrency/CommandHandler.cpp	CommandHandler::operator new(unsigned long)
165	ELSE	/home/moritz/dev/repos/ooRexx/build/lib/librexx.so.4	/home/moritz/dev/repos/ooRexx/interpreter/execution/NativeActivation.cpp	NativeActivation::getNumericSettings()
165	ELSE	/home/moritz/dev/repos/ooRexx/build/lib/librexx.so.4	/home/moritz/dev/repos/ooRexx/interpreter/classes/QueueClass.cpp	QueueClass::initRexx(RexxObject*)
163	ELSE	/home/moritz/dev/repos/ooRexx/build/lib/librexx.so.4	/home/moritz/dev/repos/ooRexx/interpreter/memory/DeadObject.cpp	DeadObjectPool::findBestFit(unsigned long)
161	ELSE	/home/moritz/dev/repos/ooRexx/build/lib/librexx.so.4	/home/moritz/dev/repos/ooRexx/interpreter/concurrency/ActivityManager.cpp	ActivityManager::getRootActivity()
161	ELSE	/home/moritz/dev/repos/ooRexx/build/lib/librexx.so.4	/home/moritz/dev/repos/ooRexx/interpreter/parser/InstructionParser.cpp	LanguageParser::parseCountLoop(RexxString*, RexxVariableBase*)
160	ELSE	/usr/lib/x86_64-linux-gnu/libstdc++.so.6.0.36	/build/reproducible-path/gcc-16-16.2.0/build/x86_64-linux-gnu/libstdc++-v3/src/c++11/ctype_members.cc	std::ctype<wchar_t>::_M_convert_to_wmask(unsigned short) const
160	ELSE	/home/moritz/dev/repos/ooRexx/build/lib/librexx.so.4	/home/moritz/dev/repos/ooRexx/interpreter/classes/ObjectClass.cpp	RexxObject::getObjectVariable(RexxString*, RexxClass*)
160	ELSE	/home/moritz/dev/repos/ooRexx/build/lib/librexx.so.4	/home/moritz/dev/repos/ooRexx/interpreter/memory/FileNameBuffer.cpp	FileNameBuffer::init(unsigned long)
160	ELSE	/home/moritz/dev/repos/ooRexx/build/lib/librexx.so.4	/home/moritz/dev/repos/ooRexx/interpreter/classes/ArrayClass.hpp	RexxClause::trim()
160	ELSE	/usr/lib/x86_64-linux-gnu/libc.so.6	./libio/./libio/genops.c	_IO_doallocbuf
160	ELSE	/home/moritz/dev/repos/ooRexx/build/lib/librexx.so.4	/home/moritz/dev/repos/ooRexx/common/platform/unix/SysFile.cpp	SysFile::getStreamTypeInfo()
159	ELSE	/usr/lib/x86_64-linux-gnu/ld-linux-x86-64.so.2	./elf/./elf/dl-load.c	_dl_process_pt_gnu_property
158	ELSE	/home/moritz/dev/repos/ooRexx/build/lib/librexx.so.4	/home/moritz/dev/repos/ooRexx/interpreter/streamLibrary/StreamNative.cpp	StreamInfo::writeSetup()
157	ELSE	/usr/lib/x86_64-linux-gnu/ld-linux-x86-64.so.2	./elf/./elf/dl-misc.c	_dl_higher_prime_number
155	ELSE	/home/moritz/dev/repos/ooRexx/build/lib/librexx.so.4	/home/moritz/dev/repos/ooRexx/interpreter/concurrency/ActivityManager.cpp	ActivityManager::returnRootActivity(Activity*)
155	MACH	/home/moritz/dev/repos/ooRexx/build/lib/librexx.so.4	/home/moritz/dev/repos/ooRexx/interpreter/instructions/SayInstruction.cpp	RexxInstructionSay::execute(RexxActivation*, ExpressionStack*)
153	ELSE	/usr/lib/x86_64-linux-gnu/libc.so.6	./nptl/./nptl/pthread_mutexattr_settype.c	pthread_mutexattr_settype@@GLIBC_2.34
152	ELSE	/usr/lib/x86_64-linux-gnu/libstdc++.so.6.0.36	/build/reproducible-path/gcc-16-16.2.0/build/x86_64-linux-gnu/libstdc++-v3/include/bits/basic_ios.tcc	std::basic_ios<char, std::char_traits<char> >::init(std::basic_streambuf<char, std::char_traits<char> >*)
152	ELSE	/home/moritz/dev/repos/ooRexx/build/lib/librexx.so.4	/home/moritz/dev/repos/ooRexx/common/platform/unix/SysSemaphore.cpp	SysSemaphore::close()
151	ELSE	/home/moritz/dev/repos/ooRexx/build/lib/librexx.so.4	/home/moritz/dev/repos/ooRexx/interpreter/parser/LanguageParser.cpp	LanguageParser::addStem(RexxString*)
151	ELSE	/home/moritz/dev/repos/ooRexx/build/lib/librexx.so.4	/home/moritz/dev/repos/ooRexx/interpreter/classes/NumberStringMath.cpp	NumberString::subtractNumbers(NumberString*, char const*, long, NumberString*, char const*, long, NumberString*, char*&)
150	ELSE	/home/moritz/dev/repos/ooRexx/build/lib/librexx.so.4	/home/moritz/dev/repos/ooRexx/interpreter/classes/support/HashContents.cpp	HashContents::empty()
150	ELSE	/usr/lib/x86_64-linux-gnu/libc.so.6	./malloc/./malloc/alloc_buffer_alloc_array.c	__libc_alloc_buffer_alloc_array
150	ELSE	/home/moritz/dev/repos/ooRexx/build/lib/librexx.so.4	/home/moritz/dev/repos/ooRexx/common/platform/unix/SysFile.cpp	SysFile::putLine(char const*, unsigned long, unsigned long&)
149	CALLOC	/usr/lib/x86_64-linux-gnu/libc.so.6	./malloc/./malloc/malloc.c	tcache_init
149	GC	/home/moritz/dev/repos/ooRexx/build/lib/librexx.so.4	/home/moritz/dev/repos/ooRexx/interpreter/instructions/GuardInstruction.cpp	RexxInstructionGuard::liveGeneral(MarkReason)
148	ELSE	/usr/lib/x86_64-linux-gnu/libc.so.6	./nptl/./nptl/pthread_attr_setaffinity.c	pthread_attr_setaffinity_np@@GLIBC_2.32
148	ELSE	/usr/lib/x86_64-linux-gnu/ld-linux-x86-64.so.2	./elf/./elf/dl-minimal.c	lookup_malloc_symbol
146	ELSE	/home/moritz/dev/repos/ooRexx/build/lib/librexx.so.4	/home/moritz/dev/repos/ooRexx/interpreter/execution/NativeActivation.cpp	NativeActivation::setObjectVariable(char const*, RexxObject*)
146	LIBC	/usr/lib/x86_64-linux-gnu/libc.so.6	/build/reproducible-path/glibc-2.43/string/../sysdeps/x86_64/multiarch/memmove-vec-unaligned-erms.S	__mempcpy_avx_unaligned_erms
144	MACH	/home/moritz/dev/repos/ooRexx/build/lib/librexx.so.4	/home/moritz/dev/repos/ooRexx/interpreter/concurrency/Activity.cpp	Activity::requestApiAccess()
140	GC	/home/moritz/dev/repos/ooRexx/build/lib/librexx.so.4	/home/moritz/dev/repos/ooRexx/interpreter/execution/VariableDictionary.cpp	VariableDictionary::liveGeneral(MarkReason)
140	VCMP	/home/moritz/dev/repos/ooRexx/build/lib/librexx.so.4	/home/moritz/dev/repos/ooRexx/interpreter/expression/ExpressionCompoundVariable.cpp	RexxCompoundVariable::RexxCompoundVariable(RexxString*, unsigned long, QueueClass*, unsigned long)
140	ELSE	/usr/lib/x86_64-linux-gnu/libc.so.6	./io/../sysdeps/unix/sysv/linux/lseek64.c	lseek
137	ELSE	/home/moritz/dev/repos/ooRexx/build/lib/librexx.so.4	/home/moritz/dev/repos/ooRexx/interpreter/streamLibrary/StreamNative.cpp	stream_lineout
136	ELSE	/usr/lib/x86_64-linux-gnu/libstdc++.so.6.0.36	/build/reproducible-path/gcc-16-16.2.0/build/x86_64-linux-gnu/libstdc++-v3/include/bits/basic_ios.tcc	std::basic_ios<wchar_t, std::char_traits<wchar_t> >::init(std::basic_streambuf<wchar_t, std::char_traits<wchar_t> >*)
136	ELSE	/usr/lib/x86_64-linux-gnu/libstdc++.so.6.0.36	/build/reproducible-path/gcc-16-16.2.0/build/x86_64-linux-gnu/libstdc++-v3/include/bits/basic_ios.tcc	std::basic_ios<char, std::char_traits<char> >::_M_cache_locale(std::locale const&)
136	ELSE	/usr/lib/x86_64-linux-gnu/libstdc++.so.6.0.36	/build/reproducible-path/gcc-16-16.2.0/build/x86_64-linux-gnu/libstdc++-v3/include/bits/basic_ios.tcc	std::basic_ios<wchar_t, std::char_traits<wchar_t> >::_M_cache_locale(std::locale const&)
136	ELSE	/home/moritz/dev/repos/ooRexx/build/lib/librexx.so.4	/home/moritz/dev/repos/ooRexx/interpreter/streamLibrary/StreamNative.cpp	StreamInfo::StreamInfo(_RexxObjectPtr*, char const*)
136	MACH	/home/moritz/dev/repos/ooRexx/build/lib/librexx.so.4	/home/moritz/dev/repos/ooRexx/interpreter/concurrency/Activity.cpp	Activity::cleanupStackFrame(ActivationBase*)
136	ELSE	/usr/lib/x86_64-linux-gnu/libc.so.6	./libio/./libio/fileops.c	_IO_file_read
135	GC	/home/moritz/dev/repos/ooRexx/build/lib/librexx.so.4	/home/moritz/dev/repos/ooRexx/interpreter/execution/NativeActivation.cpp	NativeActivation::operator new(unsigned long)
134	ELSE	/usr/lib/x86_64-linux-gnu/libc.so.6	./nscd/./nscd/nscd_helper.c	open_socket
133	ELSE	/home/moritz/dev/repos/ooRexx/build/lib/librexx.so.4	/home/moritz/dev/repos/ooRexx/interpreter/classes/StringClass.cpp	_GLOBAL__sub_I_StringClass.cpp
133	ELSE	/usr/lib/x86_64-linux-gnu/ld-linux-x86-64.so.2	./malloc/./malloc/scratch_buffer_set_array_size.c	__libc_scratch_buffer_set_array_size
132	ELSE	/usr/lib/x86_64-linux-gnu/libstdc++.so.6.0.36	/build/reproducible-path/gcc-16-16.2.0/build/x86_64-linux-gnu/libstdc++-v3/src/c++98/time_members.cc	std::__timepunct<char>::_M_initialize_timepunct(__locale_struct*)
132	GC	/home/moritz/dev/repos/ooRexx/build/lib/librexx.so.4	/home/moritz/dev/repos/ooRexx/interpreter/platform/unix/SystemInterpreter.cpp	SystemInterpreter::live(unsigned long)
132	ELSE	/home/moritz/dev/repos/ooRexx/build/lib/librexx.so.4	/home/moritz/dev/repos/ooRexx/interpreter/memory/MemorySegment.cpp	LargeSegmentSet::completeSweepOperation()
132	ELSE	/usr/lib/x86_64-linux-gnu/libc.so.6	./nptl/./nptl/pthread_mutex_destroy.c	pthread_mutex_destroy@@GLIBC_2.2.5
131	ELSE	/usr/lib/x86_64-linux-gnu/libstdc++.so.6.0.36	/build/reproducible-path/gcc-16-16.2.0/build/x86_64-linux-gnu/libstdc++-v3/include/bits/ostream.tcc	std::ostream::flush()
131	ELSE	/usr/lib/x86_64-linux-gnu/libc.so.6	./nss/./nss/function.def	__nss_files_functions
130	ELSE	/home/moritz/dev/repos/ooRexx/build/lib/librexx.so.4	/home/moritz/dev/repos/ooRexx/interpreter/classes/MethodClass.cpp	MethodClass::run(Activity*, RexxObject*, RexxString*, RexxObject**, unsigned long, ProtectedObject&)
130	ELSE	/home/moritz/dev/repos/ooRexx/build/lib/librexx.so.4	/home/moritz/dev/repos/ooRexx/interpreter/instructions/BaseDoInstruction.cpp	RexxBaseBlockInstruction::matchEnd(RexxInstructionEnd*, LanguageParser*)
130	ELSE	/home/moritz/dev/repos/ooRexx/build/lib/librexx.so.4	/home/moritz/dev/repos/ooRexx/interpreter/classes/ObjectClass.cpp	RexxObject::superScope(RexxClass*)
130	ELSE	/home/moritz/dev/repos/ooRexx/build/lib/librexx.so.4	/home/moritz/dev/repos/ooRexx/interpreter/classes/ObjectClass.cpp	_GLOBAL__sub_I_ObjectClass.cpp
130	ELSE	/home/moritz/dev/repos/ooRexx/build/lib/librexx.so.4	/home/moritz/dev/repos/ooRexx/interpreter/runtime/Interpreter.cpp	Interpreter::startInterpreter(Interpreter::InterpreterStartupMode, char const*)
130	ELSE	/home/moritz/dev/repos/ooRexx/build/lib/librexx.so.4	/home/moritz/dev/repos/ooRexx/interpreter/classes/support/ProgramMetaData.cpp	ProgramMetaData::processRestoreData(RexxString*, BufferClass*, ProgramMetaData*&)
129	ELSE	/usr/lib/x86_64-linux-gnu/libstdc++.so.6.0.36	/build/reproducible-path/gcc-16-16.2.0/build/x86_64-linux-gnu/libstdc++-v3/src/c++98/time_members.cc	std::__timepunct<wchar_t>::_M_initialize_timepunct(__locale_struct*)
129	ELSE	/home/moritz/dev/repos/ooRexx/build/lib/librexx.so.4	/home/moritz/dev/repos/ooRexx/interpreter/runtime/InterpreterInstance.cpp	InterpreterInstance::removeInactiveActivities()
127	ELSE	/usr/lib/x86_64-linux-gnu/libstdc++.so.6.0.36	/build/reproducible-path/gcc-16-16.2.0/build/x86_64-linux-gnu/libstdc++-v3/include/bits/ostream.tcc	std::basic_ostream<wchar_t, std::char_traits<wchar_t> >::flush()
126	ELSE	/home/moritz/dev/repos/ooRexx/build/lib/librexx.so.4	/home/moritz/dev/repos/ooRexx/interpreter/classes/ArrayClass.cpp	ArrayClass::isEmpty()
126	ELSE	/home/moritz/dev/repos/ooRexx/build/lib/librexx.so.4	/home/moritz/dev/repos/ooRexx/interpreter/classes/ClassClass.cpp	RexxClass::getHashValue()
126	ELSE	/home/moritz/dev/repos/ooRexx/build/lib/librexx.so.4	/home/moritz/dev/repos/ooRexx/common/platform/unix/SysFile.cpp	SysFile::puts(char const*, unsigned long&)
126	ELSE	/usr/lib/x86_64-linux-gnu/libc.so.6	./libio/./libio/iosetbuffer.c	setbuffer
125	ELSE	/home/moritz/dev/repos/ooRexx/build/lib/librexx.so.4	/home/moritz/dev/repos/ooRexx/interpreter/platform/unix/SysInterpreterInstance.cpp	SysSearchPath::SysSearchPath(char const*, char const*)
124	ELSE	/home/moritz/dev/repos/ooRexx/build/lib/librexx.so.4	/home/moritz/dev/repos/ooRexx/interpreter/parser/LanguageParser.cpp	LanguageParser::parenExpression(RexxToken*)
122	ELSE	/home/moritz/dev/repos/ooRexx/build/lib/librexx.so.4	/home/moritz/dev/repos/ooRexx/common/platform/unix/SysFile.cpp	SysFile::setBuffering(bool, unsigned long)
122	ELSE	/usr/lib/x86_64-linux-gnu/ld-linux-x86-64.so.2	./elf/./elf/dl-sort-maps.c	dfs_traversal.part.0'2
121	ELSE	/home/moritz/dev/repos/ooRexx/build/lib/librexx.so.4	/home/moritz/dev/repos/ooRexx/common/platform/unix/SysProcess.cpp	SysProcess::getLibraryLocation()
120	ELSE	/home/moritz/dev/repos/ooRexx/build/lib/librexx.so.4	/home/moritz/dev/repos/ooRexx/interpreter/runtime/Numerics.cpp	Numerics::wholenumberToObject(long)
120	ELSE	/usr/lib/x86_64-linux-gnu/libc.so.6	./libio/./libio/genops.c	_IO_default_finish
120	ELSE	/home/moritz/dev/repos/ooRexx/build/lib/librexx.so.4	/home/moritz/dev/repos/ooRexx/common/platform/unix/SysFile.cpp	SysFile::open(char const*, int, int, int)
119	ELSE	/home/moritz/dev/repos/ooRexx/build/lib/librexx.so.4	/home/moritz/dev/repos/ooRexx/interpreter/instructions/BaseDoInstruction.cpp	RexxBaseBlockInstruction::matchLabel(RexxInstructionEnd*, LanguageParser*)
119	ELSE	/home/moritz/dev/repos/ooRexx/build/lib/librexx.so.4	/home/moritz/dev/repos/ooRexx/interpreter/classes/ObjectClass.cpp	RexxInternalObject::requestArray()
119	ELSE	/usr/lib/x86_64-linux-gnu/ld-linux-x86-64.so.2	./elf/./elf/dl-init.c	_dl_init
118	ELSE	/home/moritz/dev/repos/ooRexx/build/lib/librexx.so.4	/home/moritz/dev/repos/ooRexx/interpreter/execution/RexxLocalVariables.cpp	RexxLocalVariables::lookupStemVariable(RexxString*, unsigned long)
117	ELSE	/home/moritz/dev/repos/ooRexx/build/lib/librexx.so.4	/home/moritz/dev/repos/ooRexx/interpreter/streamLibrary/StreamNative.cpp	hasNoBufferOption(char const*)
117	VSIM	/home/moritz/dev/repos/ooRexx/build/lib/librexx.so.4	/home/moritz/dev/repos/ooRexx/interpreter/execution/VariableDictionary.cpp	VariableDictionary::realValue(RexxString*)
117	ELSE	/home/moritz/dev/repos/ooRexx/build/lib/librexx.so.4	/home/moritz/dev/repos/ooRexx/interpreter/runtime/InterpreterInstance.cpp	InterpreterInstance::findActivity(unsigned long)
117	ELSE	/home/moritz/dev/repos/ooRexx/build/lib/librexx.so.4	/home/moritz/dev/repos/ooRexx/interpreter/parser/InstructionParser.cpp	LanguageParser::sourceNewObject(unsigned long, unsigned long, unsigned long, RexxBehaviour*, InstructionKeyword)
117	ELSE	/usr/lib/x86_64-linux-gnu/libc.so.6	./nptl/../string/bits/string_fortified.h	pthread_cond_init@@GLIBC_2.3.2
117	ELSE	/home/moritz/dev/repos/ooRexx/build/lib/librexx.so.4	/home/moritz/dev/repos/ooRexx/interpreter/parser/Token.hpp	RexxToken::builtin()
116	ELSE	/home/moritz/dev/repos/ooRexx/build/lib/librexx.so.4	/home/moritz/dev/repos/ooRexx/interpreter/classes/IntegerClass.cpp	_GLOBAL__sub_I_IntegerClass.cpp
116	ELSE	/home/moritz/dev/repos/ooRexx/build/lib/librexx.so.4	/home/moritz/dev/repos/ooRexx/interpreter/classes/NumberStringClass.cpp	_GLOBAL__sub_I_NumberStringClass.cpp
114	ELSE	/home/moritz/dev/repos/ooRexx/build/lib/librexx.so.4	/home/moritz/dev/repos/ooRexx/interpreter/concurrency/ActivityManager.cpp	ActivityManager::findActivity(unsigned long)
112	ELSE	/usr/lib/x86_64-linux-gnu/libstdc++.so.6.0.36	/build/reproducible-path/gcc-16-16.2.0/build/x86_64-linux-gnu/libstdc++-v3/src/c++98/../../../../../src/libstdc++-v3/src/c++98/locale.cc	std::locale::operator=(std::locale const&)
112	ELSE	/home/moritz/dev/repos/ooRexx/build/lib/librexx.so.4	/home/moritz/dev/repos/ooRexx/interpreter/package/PackageManager.cpp	PackageManager::restore()
112	GC	/home/moritz/dev/repos/ooRexx/build/lib/librexx.so.4	/home/moritz/dev/repos/ooRexx/interpreter/instructions/SelectInstruction.cpp	RexxInstructionSelect::liveGeneral(MarkReason)
112	ELSE	/usr/lib/x86_64-linux-gnu/libc.so.6	./signal/./signal/sigaction.c	sigaction
111	ELSE	/home/moritz/dev/repos/ooRexx/build/lib/librexx.so.4	/home/moritz/dev/repos/ooRexx/interpreter/classes/ClassClass.cpp	RexxClass::checkAbstract()
111	ELSE	/usr/lib/x86_64-linux-gnu/ld-linux-x86-64.so.2	./elf/./elf/dl-minimal.c	__rtld_malloc_init_real
110	ELSE	/home/moritz/dev/repos/ooRexx/build/lib/librexx.so.4	/home/moritz/dev/repos/ooRexx/interpreter/instructions/SayInstruction.cpp	RexxInstructionSay::RexxInstructionSay(RexxInternalObject*)
110	GC	/home/moritz/dev/repos/ooRexx/build/lib/librexx.so.4	/home/moritz/dev/repos/ooRexx/interpreter/classes/ObjectClass.cpp	RexxObject::operator new(unsigned long)
110	ELSE	/home/moritz/dev/repos/ooRexx/build/lib/librexx.so.4	/home/moritz/dev/repos/ooRexx/interpreter/expression/ExpressionFunction.cpp	RexxExpressionFunction::resolve(StringTable*)
110	ELSE	/usr/lib/x86_64-linux-gnu/libc.so.6	./misc/../sysdeps/unix/sysv/linux/mmap64.c	mmap
110	GC	/home/moritz/dev/repos/ooRexx/build/lib/librexx.so.4	/home/moritz/dev/repos/ooRexx/interpreter/memory/MemorySegment.cpp	MemorySegmentSet::splitDeadObject(DeadObject*, unsigned long, unsigned long)
110	ELSE	/home/moritz/dev/repos/ooRexx/build/lib/librexx.so.4	/home/moritz/dev/repos/ooRexx/interpreter/classes/NumberStringClass.cpp	NumberString::createUnsignedValue(char const*, unsigned long, int, long, unsigned long, unsigned long&)
110	GC	/home/moritz/dev/repos/ooRexx/build/lib/librexx.so.4	/home/moritz/dev/repos/ooRexx/interpreter/classes/PackageClass.cpp	PackageClass::liveGeneral(MarkReason)
109	ELSE	/home/moritz/dev/repos/ooRexx/build/lib/librexx.so.4	/home/moritz/dev/repos/ooRexx/interpreter/api/MethodContextStubs.cpp	SetObjectVariable
109	ELSE	/usr/lib/x86_64-linux-gnu/ld-linux-x86-64.so.2	./elf/./elf/dl-version.c	_dl_check_all_versions
108	ELSE	/home/moritz/dev/repos/ooRexx/build/lib/librexx.so.4	/home/moritz/dev/repos/ooRexx/interpreter/execution/NativeActivation.cpp	NativeActivation::cstring(RexxObject*, unsigned long)
108	ELSE	/usr/lib/x86_64-linux-gnu/libc.so.6	./io/../sysdeps/unix/sysv/linux/write.c	write
107	ELSE	/usr/lib/x86_64-linux-gnu/ld-linux-x86-64.so.2	./elf/./elf/dl-load.c	cache_rpath
106	ELSE	/home/moritz/dev/repos/ooRexx/build/lib/librexxapi.so.4	/home/moritz/dev/repos/ooRexx/rexxapi/common/platform/unix/SysCSStream.cpp	SysSocketConnection::write(void*, unsigned long, void*, unsigned long, unsigned long*)
105	ELSE	/usr/lib/x86_64-linux-gnu/libstdc++.so.6.0.36	/build/reproducible-path/gcc-16-16.2.0/build/x86_64-linux-gnu/libstdc++-v3/src/c++98/monetary_members_cow.cc	std::moneypunct<char, false>::_M_initialize_moneypunct(__locale_struct*, char const*)
105	ELSE	/usr/lib/x86_64-linux-gnu/libstdc++.so.6.0.36	/build/reproducible-path/gcc-16-16.2.0/build/x86_64-linux-gnu/libstdc++-v3/src/c++98/monetary_members_cow.cc	std::moneypunct<char, true>::_M_initialize_moneypunct(__locale_struct*, char const*)
105	ELSE	/usr/lib/x86_64-linux-gnu/libstdc++.so.6.0.36	/build/reproducible-path/gcc-16-16.2.0/build/x86_64-linux-gnu/libstdc++-v3/src/c++98/monetary_members.cc	std::__cxx11::moneypunct<char, true>::_M_initialize_moneypunct(__locale_struct*, char const*)
105	ELSE	/usr/lib/x86_64-linux-gnu/libstdc++.so.6.0.36	/build/reproducible-path/gcc-16-16.2.0/build/x86_64-linux-gnu/libstdc++-v3/src/c++98/monetary_members.cc	std::__cxx11::moneypunct<char, false>::_M_initialize_moneypunct(__locale_struct*, char const*)
105	VSIM	/home/moritz/dev/repos/ooRexx/build/lib/librexx.so.4	/home/moritz/dev/repos/ooRexx/interpreter/execution/VariableDictionary.cpp	VariableDictionary::getVariableRetriever(RexxString*)
105	CALLOC	/usr/lib/x86_64-linux-gnu/libc.so.6	./malloc/./malloc/malloc.c	alloc_perturb
105	ELSE	/home/moritz/dev/repos/ooRexx/build/lib/librexx.so.4	/home/moritz/dev/repos/ooRexx/interpreter/classes/StringClass.cpp	RexxString::isEqual(RexxInternalObject*)
105	ELSE	/usr/lib/x86_64-linux-gnu/libc.so.6	./posix/./posix/register-atfork.c	__unregister_atfork
104	ELSE	/home/moritz/dev/repos/ooRexx/build/lib/librexx.so.4	/home/moritz/dev/repos/ooRexx/interpreter/runtime/Interpreter.cpp	Interpreter::createInterpreterInstance(RexxOption*)'2
103	ELSE	/home/moritz/dev/repos/ooRexx/build/lib/librexx.so.4	/home/moritz/dev/repos/ooRexx/interpreter/parser/LanguageParser.cpp	LanguageParser::createProgram(RexxString*, BufferClass*)
103	CALL	/home/moritz/dev/repos/ooRexx/build/lib/librexx.so.4	/home/moritz/dev/repos/ooRexx/interpreter/execution/RexxActivation.cpp	RexxActivation::RexxActivation(Activity*, RexxActivation*, RoutineClass*, RexxCode*, RexxString*, RexxString*, ActivationContext)
102	ELSE	/home/moritz/dev/repos/ooRexx/build/lib/librexx.so.4	/home/moritz/dev/repos/ooRexx/interpreter/platform/unix/SysFileSystem.cpp	SysFileSystem::primitiveSearchName(char const*, char const*, char const*, FileNameBuffer&)
101	ELSE	/usr/lib/x86_64-linux-gnu/libc.so.6	./string/./string/strtok_r.c	strtok_r
100	ELSE	/usr/lib/x86_64-linux-gnu/libstdc++.so.6.0.36	/build/reproducible-path/gcc-16-16.2.0/build/x86_64-linux-gnu/libstdc++-v3/src/c++11/ctype_configure_char.cc	std::ctype<char>::ctype(unsigned short const*, bool, unsigned long)
100	ELSE	/home/moritz/dev/repos/ooRexx/build/lib/librexx.so.4	/home/moritz/dev/repos/ooRexx/interpreter/streamLibrary/StreamNative.cpp	stream_init_impl(RexxMethodContext_*, _RexxObjectPtr*, char const*)
100	ELSE	/home/moritz/dev/repos/ooRexx/build/lib/librexx.so.4	/home/moritz/dev/repos/ooRexx/interpreter/classes/support/HashCollection.cpp	StringHashCollection::StringHashCollection(unsigned long)
100	ELSE	/home/moritz/dev/repos/ooRexx/build/lib/librexx.so.4	/home/moritz/dev/repos/ooRexx/interpreter/memory/ProtectedObject.hpp	Protected<RexxObject>::mark(unsigned long)
99	ELSE	/home/moritz/dev/repos/ooRexx/build/lib/librexx.so.4	/home/moritz/dev/repos/ooRexx/interpreter/classes/StringClass.cpp	RexxString::concatToCstring(char const*)
98	LIBC	/usr/lib/x86_64-linux-gnu/libc.so.6	./string/../sysdeps/x86_64/multiarch/strspn-sse4.c	__strspn_sse42
98	LIBC	/usr/lib/x86_64-linux-gnu/libc.so.6	./string/../sysdeps/x86_64/multiarch/strcspn-sse4.c	__strcspn_sse42
96	MACH	/home/moritz/dev/repos/ooRexx/build/lib/librexx.so.4	/home/moritz/dev/repos/ooRexx/interpreter/concurrency/Activity.cpp	Activity::createMethodContext(MethodContext&, NativeActivation*)
96	ELSE	/home/moritz/dev/repos/ooRexx/build/lib/librexx.so.4	/home/moritz/dev/repos/ooRexx/interpreter/behaviour/RexxBehaviour.hpp	RexxObject::classObject()
96	ELSE	/usr/lib/x86_64-linux-gnu/libc.so.6	./libio/./libio/iogetline.c	_IO_getline
96	LIBC	/usr/lib/x86_64-linux-gnu/libc.so.6	./string/../sysdeps/x86_64/multiarch/ifunc-avx2.h	strlen
95	ELSE	/usr/lib/x86_64-linux-gnu/libstdc++.so.6.0.36	/build/reproducible-path/gcc-16-16.2.0/build/x86_64-linux-gnu/libstdc++-v3/src/c++98/monetary_members_cow.cc	std::moneypunct<wchar_t, true>::_M_initialize_moneypunct(__locale_struct*, char const*)
95	ELSE	/usr/lib/x86_64-linux-gnu/libstdc++.so.6.0.36	/build/reproducible-path/gcc-16-16.2.0/build/x86_64-linux-gnu/libstdc++-v3/src/c++98/monetary_members_cow.cc	std::moneypunct<wchar_t, false>::_M_initialize_moneypunct(__locale_struct*, char const*)
95	ELSE	/usr/lib/x86_64-linux-gnu/libstdc++.so.6.0.36	/build/reproducible-path/gcc-16-16.2.0/build/x86_64-linux-gnu/libstdc++-v3/src/c++98/monetary_members.cc	std::__cxx11::moneypunct<wchar_t, true>::_M_initialize_moneypunct(__locale_struct*, char const*)
95	ELSE	/usr/lib/x86_64-linux-gnu/libstdc++.so.6.0.36	/build/reproducible-path/gcc-16-16.2.0/build/x86_64-linux-gnu/libstdc++-v3/src/c++98/monetary_members.cc	std::__cxx11::moneypunct<wchar_t, false>::_M_initialize_moneypunct(__locale_struct*, char const*)
95	ELSE	/usr/lib/x86_64-linux-gnu/libc.so.6	./termios/../sysdeps/unix/sysv/linux/isatty.c	isatty
93	MACH	/home/moritz/dev/repos/ooRexx/build/lib/librexx.so.4	/home/moritz/dev/repos/ooRexx/interpreter/runtime/InterpreterInstance.hpp	Activity::getLocal()
92	ELSE	/home/moritz/dev/repos/ooRexx/build/lib/librexx.so.4	/home/moritz/dev/repos/ooRexx/interpreter/platform/unix/SysActivity.cpp	SysActivity::getStackBase()
92	MACH	/home/moritz/dev/repos/ooRexx/build/lib/librexx.so.4	/home/moritz/dev/repos/ooRexx/interpreter/concurrency/Activity.cpp	Activity::validateThread()
92	ELSE	/usr/lib/x86_64-linux-gnu/ld-linux-x86-64.so.2	./elf/./elf/dl-hwcaps.c	copy_hwcaps
91	ELSE	/home/moritz/dev/repos/ooRexx/build/lib/librexx.so.4	/home/moritz/dev/repos/ooRexx/interpreter/streamLibrary/StreamNative.cpp	StreamInfo::resetFields()
91	ELSE	/home/moritz/dev/repos/ooRexx/build/lib/librexx.so.4	/home/moritz/dev/repos/ooRexx/interpreter/runtime/Interpreter.cpp	Interpreter::terminateInterpreterInstance(InterpreterInstance*)
91	ELSE	/home/moritz/dev/repos/ooRexx/build/lib/librexx.so.4	/home/moritz/dev/repos/ooRexx/interpreter/parser/ProgramSource.cpp	FileProgramSource::readProgram(char const*)
90	ELSE	/home/moritz/dev/repos/ooRexx/build/lib/librexxapi.so.4	/home/moritz/dev/repos/ooRexx/rexxapi/common/platform/unix/SysCSStream.cpp	SysServerLocalSocketConnectionManager::getServiceLocation(char*, unsigned long)
90	ELSE	/home/moritz/dev/repos/ooRexx/build/lib/librexx.so.4	/home/moritz/dev/repos/ooRexx/interpreter/runtime/Interpreter.cpp	Interpreter::isInstanceActive(InterpreterInstance*)
90	ELSE	/usr/lib/x86_64-linux-gnu/libc.so.6	./io/../sysdeps/unix/sysv/linux/fstat64.c	fstat
90	GC	/home/moritz/dev/repos/ooRexx/build/lib/librexx.so.4	/home/moritz/dev/repos/ooRexx/interpreter/memory/RexxMemory.cpp	MemoryObject::loadImage(char*&, unsigned long&)
89	ELSE	/home/moritz/dev/repos/ooRexx/build/lib/librexx.so.4	/home/moritz/dev/repos/ooRexx/interpreter/instructions/CallInstruction.cpp	RexxInstructionCall::RexxInstructionCall(RexxString*, unsigned long, QueueClass*, BuiltinCode)
89	ELSE	/usr/lib/x86_64-linux-gnu/libc.so.6	./nss/../nss/getXXbyYY.c	getpwuid
89	LIBC	/usr/lib/x86_64-linux-gnu/ld-linux-x86-64.so.2	/build/reproducible-path/glibc-2.43/string/../sysdeps/x86_64/multiarch/../multiarch/memcmp-sse2.S	bcmp
88	ELSE	/home/moritz/dev/repos/ooRexx/build/lib/librexx.so.4	/home/moritz/dev/repos/ooRexx/interpreter/platform/unix/SysActivity.cpp	SysActivity::validateThread()
88	ELSE	/home/moritz/dev/repos/ooRexx/build/lib/librexx.so.4	/home/moritz/dev/repos/ooRexx/interpreter/memory/FileNameBuffer.cpp	FileNameBuffer::FileNameBuffer(unsigned long)
88	ELSE	/home/moritz/dev/repos/ooRexx/build/lib/librexx.so.4	/home/moritz/dev/repos/ooRexx/interpreter/api/ThreadContextStubs.cpp	NewArray
88	MACH	/home/moritz/dev/repos/ooRexx/build/lib/librexx.so.4	/home/moritz/dev/repos/ooRexx/interpreter/execution/RexxActivation.cpp	RexxActivation::checkTrapTable()
88	ELSE	/usr/lib/x86_64-linux-gnu/libc.so.6	./libio/./libio/iosetvbuf.c	setvbuf
87	ELSE	/home/moritz/dev/repos/ooRexx/build/lib/librexx.so.4	/home/moritz/dev/repos/ooRexx/interpreter/classes/MethodClass.hpp	NativeActivation::getScope()
86	ELSE	/home/moritz/dev/repos/ooRexx/build/lib/librexx.so.4	/home/moritz/dev/repos/ooRexx/interpreter/concurrency/RexxStartDispatcher.cpp	CallProgramDispatcher::run()
85	ELSE	/usr/lib/x86_64-linux-gnu/libstdc++.so.6.0.36	/build/reproducible-path/gcc-16-16.2.0/build/x86_64-linux-gnu/libstdc++-v3/libsupc++/../../../../src/libstdc++-v3/libsupc++/guard.cc	__cxa_guard_acquire
85	PARSE	/home/moritz/dev/repos/ooRexx/build/lib/librexx.so.4	/home/moritz/dev/repos/ooRexx/interpreter/instructions/ParseTrigger.cpp	ParseTrigger::operator new(unsigned long, unsigned long)
85	ELSE	/home/moritz/dev/repos/ooRexx/build/lib/librexx.so.4	/home/moritz/dev/repos/ooRexx/interpreter/parser/InstructionParser.cpp	LanguageParser::addressNew()
85	GC	/home/moritz/dev/repos/ooRexx/build/lib/librexx.so.4	/home/moritz/dev/repos/ooRexx/interpreter/classes/StringTableClass.cpp	StringTable::operator new(unsigned long)
84	ELSE	/home/moritz/dev/repos/ooRexx/build/lib/librexxapi.so.4	/home/moritz/dev/repos/ooRexx/rexxapi/common/ServiceMessage.cpp	ServiceMessage::readResult(ApiConnection&)
84	ELSE	/usr/lib/x86_64-linux-gnu/libc.so.6	./libio/./libio/genops.c	_IO_sgetn
84	VSIM	/home/moritz/dev/repos/ooRexx/build/lib/librexx.so.4	/home/moritz/dev/repos/ooRexx/interpreter/expression/ExpressionVariable.cpp	RexxSimpleVariable::set(VariableDictionary*, RexxObject*)
84	MACH	/home/moritz/dev/repos/ooRexx/build/lib/librexx.so.4	/home/moritz/dev/repos/ooRexx/interpreter/concurrency/Activity.cpp	Activity::isSameActivityStack(Activity*)
84	ELSE	/usr/lib/x86_64-linux-gnu/libc.so.6	./time/../sysdeps/unix/sysv/linux/clock.c	clock
84	GC	/home/moritz/dev/repos/ooRexx/build/lib/librexx.so.4	/home/moritz/dev/repos/ooRexx/interpreter/memory/RexxMemory.cpp	MemoryObject::collectAndUninit(bool)
82	ELSE	/home/moritz/dev/repos/ooRexx/build/lib/librexx.so.4	/home/moritz/dev/repos/ooRexx/interpreter/runtime/InterpreterInstance.cpp	InterpreterInstance::resolveProgramName(RexxString*, RexxString*, RexxString*, ResolveType)
81	ELSE	/home/moritz/dev/repos/ooRexx/build/lib/librexx.so.4	/home/moritz/dev/repos/ooRexx/interpreter/classes/ObjectClass.cpp	RexxObject::isInstanceOfRexx(RexxClass*)
81	MACH	/home/moritz/dev/repos/ooRexx/build/lib/librexx.so.4	/home/moritz/dev/repos/ooRexx/interpreter/concurrency/Activity.cpp	Activity::enterCurrentThread()
80	ELSE	/home/moritz/dev/repos/ooRexx/build/lib/librexx.so.4	/home/moritz/dev/repos/ooRexx/interpreter/runtime/Interpreter.cpp	Interpreter::terminateInterpreter()
80	ELSE	/home/moritz/dev/repos/ooRexx/build/lib/librexx.so.4	/home/moritz/dev/repos/ooRexx/interpreter/instructions/ControlledDoInstruction.cpp	RexxInstructionControlledDo::RexxInstructionControlledDo(RexxString*, RexxVariableBase*, ControlledLoop&)
80	ELSE	/home/moritz/dev/repos/ooRexx/build/lib/librexx.so.4	/home/moritz/dev/repos/ooRexx/interpreter/execution/NativeCode.cpp	NativeCode::getSecurityManager()
80	ELSE	/usr/lib/x86_64-linux-gnu/libc.so.6	./nptl/./nptl/pthread_getaffinity.c	pthread_getaffinity_np@@GLIBC_2.32
80	ELSE	/home/moritz/dev/repos/ooRexx/build/lib/librexx.so.4	/home/moritz/dev/repos/ooRexx/interpreter/memory/ProtectedObject.hpp	Protected<DoBlock>::mark(unsigned long)
80	ELSE	/home/moritz/dev/repos/ooRexx/build/lib/librexx.so.4	/home/moritz/dev/repos/ooRexx/common/platform/unix/SysFile.cpp	SysFile::SysFile()
80	ELSE	/usr/lib/x86_64-linux-gnu/ld-linux-x86-64.so.2	./elf/./elf/dl-load.c	expand_dynamic_string_token
79	ELSE	/home/moritz/dev/repos/ooRexx/build/lib/librexxapi.so.4	/home/moritz/dev/repos/ooRexx/rexxapi/client/LocalAPIManager.cpp	LocalAPIManager::getInstance()
78	ELSE	/home/moritz/dev/repos/ooRexx/build/lib/librexxapi.so.4	/home/moritz/dev/repos/ooRexx/rexxapi/common/ServiceMessage.cpp	ServiceMessage::writeMessage(ApiConnection&)
78	ELSE	/home/moritz/dev/repos/ooRexx/build/lib/librexx.so.4	/home/moritz/dev/repos/ooRexx/common/platform/unix/SysSemaphore.cpp	SysSemaphore::reset()
77	ELSE	/home/moritz/dev/repos/ooRexx/build/lib/librexx.so.4	/home/moritz/dev/repos/ooRexx/interpreter/runtime/InterpreterInstance.cpp	InterpreterInstance::attachThread(bool&)
77	ELSE	/home/moritz/dev/repos/ooRexx/build/lib/librexx.so.4	/home/moritz/dev/repos/ooRexx/interpreter/parser/KeywordConstants.cpp	RexxToken::parseOption()
77	ELSE	/home/moritz/dev/repos/ooRexx/build/lib/librexx.so.4	/home/moritz/dev/repos/ooRexx/interpreter/execution/NativeActivation.cpp	NativeActivation::createLocalReference(RexxInternalObject*)
76	ELSE	/home/moritz/dev/repos/ooRexx/build/lib/librexx.so.4	/home/moritz/dev/repos/ooRexx/interpreter/runtime/Interpreter.cpp	Interpreter::initLocal()
76	ELSE	/home/moritz/dev/repos/ooRexx/build/lib/librexx.so.4	/home/moritz/dev/repos/ooRexx/interpreter/parser/InstructionParser.cpp	LanguageParser::labelNew(RexxToken*, RexxToken*)
76	ELSE	/home/moritz/dev/repos/ooRexx/build/lib/librexx.so.4	/home/moritz/dev/repos/ooRexx/interpreter/api/ThreadContextStubs.cpp	CallProgram
76	GC	/home/moritz/dev/repos/ooRexx/build/lib/librexx.so.4	/home/moritz/dev/repos/ooRexx/interpreter/instructions/ProcedureInstruction.cpp	RexxInstructionProcedure::liveGeneral(MarkReason)
76	ELSE	/home/moritz/dev/repos/ooRexx/build/lib/librexx.so.4	/home/moritz/dev/repos/ooRexx/interpreter/package/PackageManager.cpp	PackageManager::loadLibrary(RexxString*)
76	ELSE	/home/moritz/dev/repos/ooRexx/build/lib/librexx.so.4	/home/moritz/dev/repos/ooRexx/interpreter/classes/StringClass.cpp	RexxString::upperRexx(RexxInteger*, RexxInteger*)
76	GC	/home/moritz/dev/repos/ooRexx/build/lib/librexx.so.4	/home/moritz/dev/repos/ooRexx/interpreter/classes/QueueClass.cpp	QueueClass::operator new(unsigned long, unsigned long, unsigned long)
74	ELSE	/home/moritz/dev/repos/ooRexx/build/lib/librexxapi.so.4	/home/moritz/dev/repos/ooRexx/rexxapi/client/LocalAPIManager.cpp	LocalAPIManager::returnConnection(ApiConnection*)
74	ELSE	/home/moritz/dev/repos/ooRexx/build/lib/librexxapi.so.4	/home/moritz/dev/repos/ooRexx/rexxapi/client/ClientMessage.cpp	ClientMessage::send()
74	ELSE	/home/moritz/dev/repos/ooRexx/build/lib/librexx.so.4	/home/moritz/dev/repos/ooRexx/interpreter/package/PackageManager.cpp	PackageManager::unload()
73	ELSE	/home/moritz/dev/repos/ooRexx/build/lib/librexx.so.4	/home/moritz/dev/repos/ooRexx/interpreter/parser/InstructionParser.cpp	LanguageParser::leaveNew(InstructionKeyword)
73	ELSE	/usr/lib/x86_64-linux-gnu/libc.so.6	./nptl/./nptl/pthread_once.c	pthread_once@@GLIBC_2.34
73	ELSE	/home/moritz/dev/repos/ooRexx/build/lib/librexx.so.4	/home/moritz/dev/repos/ooRexx/common/Utilities.cpp	Utilities::strncpy(char*, char const*, unsigned long)
72	GC	/home/moritz/dev/repos/ooRexx/build/lib/librexx.so.4	/home/moritz/dev/repos/ooRexx/interpreter/instructions/BaseDoInstruction.cpp	RexxInstructionBaseLoop::liveGeneral(MarkReason)
72	ELSE	/home/moritz/dev/repos/ooRexx/build/lib/librexx.so.4	/home/moritz/dev/repos/ooRexx/interpreter/parser/InstructionParser.cpp	LanguageParser::selectNew()
72	ELSE	/usr/lib/x86_64-linux-gnu/libc.so.6	./io/../sysdeps/unix/sysv/linux/readlink.c	readlink
72	ELSE	/home/moritz/dev/repos/ooRexx/build/lib/librexx.so.4	/home/moritz/dev/repos/ooRexx/interpreter/package/PackageManager.cpp	PackageManager::resolveMethodEntry(RexxString*, RexxString*)
72	ELSE	/home/moritz/dev/repos/ooRexx/build/lib/librexx.so.4	/home/moritz/dev/repos/ooRexx/interpreter/platform/unix/SysFileSystem.cpp	SysFileSystem::extractFile(RexxString*)
72	LIBC	/usr/lib/x86_64-linux-gnu/libc.so.6	./string/../sysdeps/x86_64/multiarch/ifunc-memcmp.h	bcmp
71	ELSE	/home/moritz/dev/repos/ooRexx/build/lib/librexx.so.4	/home/moritz/dev/repos/ooRexx/interpreter/runtime/Version.cpp	Interpreter::getVersionString()
71	MACH	/home/moritz/dev/repos/ooRexx/build/lib/librexx.so.4	/home/moritz/dev/repos/ooRexx/interpreter/concurrency/Activity.cpp	Activity::cleanupActivityResources()
71	ELSE	/home/moritz/dev/repos/ooRexx/build/lib/librexx.so.4	/home/moritz/dev/repos/ooRexx/interpreter/classes/NumberStringClass.cpp	NumberString::formatRexx(RexxObject*, RexxObject*, RexxObject*, RexxObject*)
71	ELSE	/usr/lib/x86_64-linux-gnu/libc.so.6	./misc/../sysdeps/unix/sysv/linux/setvmaname.c	__is_decorate_maps_enabled
70	ELSE	/home/moritz/dev/repos/ooRexx/build/lib/librexx.so.4	/home/moritz/dev/repos/ooRexx/interpreter/parser/LanguageParser.cpp	LanguageParser::createProgramFromFile(RexxString*)
70	GC	/home/moritz/dev/repos/ooRexx/build/lib/librexx.so.4	/home/moritz/dev/repos/ooRexx/interpreter/expression/ExpressionList.cpp	RexxExpressionList::liveGeneral(MarkReason)
70	GC	/home/moritz/dev/repos/ooRexx/build/lib/librexx.so.4	/home/moritz/dev/repos/ooRexx/interpreter/expression/ExpressionFunction.cpp	RexxExpressionFunction::operator new(unsigned long, unsigned long)
70	ELSE	/usr/lib/x86_64-linux-gnu/libc.so.6	./csu/../csu/libc-start.c	__libc_start_main@@GLIBC_2.34
70	ELSE	/usr/lib/x86_64-linux-gnu/ld-linux-x86-64.so.2	./elf/./elf/dl-reloc.c	_dl_relocate_object
69	ELSE	/usr/lib/x86_64-linux-gnu/ld-linux-x86-64.so.2	./elf/../elf/dl-tls.c	_dl_add_to_slotinfo
68	ELSE	/home/moritz/dev/repos/ooRexx/build/lib/librexx.so.4	/home/moritz/dev/repos/ooRexx/interpreter/concurrency/ActivityManager.cpp	ActivityManager::createLocks()
68	MACH	/home/moritz/dev/repos/ooRexx/build/lib/librexx.so.4	/home/moritz/dev/repos/ooRexx/interpreter/execution/RexxActivation.cpp	RexxActivation::sourceString()
68	ELSE	/usr/lib/x86_64-linux-gnu/ld-linux-x86-64.so.2	./elf/../sysdeps/x86/cpu-features.c	get_common_indices.constprop.0
67	ELSE	/home/moritz/dev/repos/ooRexx/build/lib/librexx.so.4	/home/moritz/dev/repos/ooRexx/interpreter/classes/ArrayClass.cpp	ArrayClass::hasItem(RexxInternalObject*)
67	ELSE	/home/moritz/dev/repos/ooRexx/build/lib/librexx.so.4	/home/moritz/dev/repos/ooRexx/interpreter/platform/unix/SysFileSystem.cpp	SysFileSystem::extractDirectory(RexxString*)
67	ELSE	/usr/lib/x86_64-linux-gnu/libc.so.6	./io/./io/file_change_detection.c	__file_is_unchanged
66	ELSE	/home/moritz/dev/repos/ooRexx/build/lib/librexx.so.4	/home/moritz/dev/repos/ooRexx/interpreter/parser/InstructionParser.cpp	LanguageParser::parseLoopConditional(InstructionSubKeyword&, RexxErrorCodes)
66	LIBC	/usr/lib/x86_64-linux-gnu/libc.so.6	./string/../sysdeps/x86_64/multiarch/ifunc-memset.h	memset
66	GC	/home/moritz/dev/repos/ooRexx/build/lib/librexx.so.4	/home/moritz/dev/repos/ooRexx/interpreter/expression/SpecialDotVariable.cpp	SpecialDotVariable::liveGeneral(MarkReason)
66	GC	/home/moritz/dev/repos/ooRexx/build/lib/librexx.so.4	/home/moritz/dev/repos/ooRexx/interpreter/memory/RexxMemory.cpp	MemoryObject::loadImage(char*&, unsigned long&, FileNameBuffer&)
65	ELSE	/home/moritz/dev/repos/ooRexx/build/lib/librexx.so.4	/home/moritz/dev/repos/ooRexx/interpreter/execution/ActivationStack.cpp	ActivationStack::init()
65	ELSE	/home/moritz/dev/repos/ooRexx/build/lib/librexx.so.4	/home/moritz/dev/repos/ooRexx/interpreter/parser/InstructionParser.cpp	LanguageParser::signalOnNew(InstructionSubKeyword)
65	ELSE	/usr/lib/x86_64-linux-gnu/libc.so.6	./misc/../sysdeps/unix/sysv/linux/setvmaname.c	__set_vma_name
64	ELSE	/home/moritz/dev/repos/ooRexx/build/lib/librexxapi.so.4	/home/moritz/dev/repos/ooRexx/rexxapi/client/LocalAPIManager.cpp	LocalAPIManager::getConnection()
64	ELSE	/home/moritz/dev/repos/ooRexx/build/lib/librexx.so.4	/home/moritz/dev/repos/ooRexx/interpreter/concurrency/ActivityManager.hpp	ActivityManager::getLocalRexx()
64	ELSE	/home/moritz/dev/repos/ooRexx/build/lib/librexx.so.4	/home/moritz/dev/repos/ooRexx/interpreter/execution/NativeActivation.cpp	NativeActivation::checkConditions()
64	ELSE	/home/moritz/dev/repos/ooRexx/build/lib/librexx.so.4	/home/moritz/dev/repos/ooRexx/interpreter/api/ThreadContextStubs.cpp	DirectoryPut
64	ELSE	/usr/lib/x86_64-linux-gnu/libc.so.6	./io/./io/file_change_detection.c	__file_change_detection_for_path
64	ELSE	/usr/lib/x86_64-linux-gnu/libc.so.6	./libio/./libio/fileops.c	_IO_new_file_init_internal
63	ELSE	/home/moritz/dev/repos/ooRexx/build/lib/librexx.so.4	/home/moritz/dev/repos/ooRexx/interpreter/behaviour/RexxBehaviour.cpp	RexxBehaviour::hasInstanceMethods()
63	ELSE	/home/moritz/dev/repos/ooRexx/build/lib/librexx.so.4	/home/moritz/dev/repos/ooRexx/interpreter/platform/unix/SystemInterpreter.cpp	SystemInterpreter::startInterpreter()
62	ELSE	/home/moritz/dev/repos/ooRexx/build/lib/librexx.so.4	/home/moritz/dev/repos/ooRexx/interpreter/platform/unix/SysInterpreterInstance.cpp	SysInterpreterInstance::initialize(InterpreterInstance*, RexxOption*)
62	ELSE	/usr/lib/x86_64-linux-gnu/libc.so.6	./nscd/./nscd/nscd_helper.c	__nscd_get_mapping
62	ELSE	/usr/lib/x86_64-linux-gnu/libc.so.6	./nss/./nss/nsswitch.c	__nss_next2
62	ELSE	/usr/lib/x86_64-linux-gnu/ld-linux-x86-64.so.2	./elf/../sysdeps/nptl/dl-tls_init_tp.c	__tls_init_tp
61	ELSE	/home/moritz/dev/repos/ooRexx/build/lib/librexx.so.4	/home/moritz/dev/repos/ooRexx/interpreter/streamLibrary/StreamNative.cpp	StreamInfo::streamOpen(char const*)
60	ELSE	/usr/lib/x86_64-linux-gnu/libstdc++.so.6.0.36	/build/reproducible-path/gcc-16-16.2.0/build/x86_64-linux-gnu/libstdc++-v3/include/bits/ostream.tcc	std::ostream::sentry::sentry(std::ostream&)
60	ELSE	/usr/lib/x86_64-linux-gnu/libstdc++.so.6.0.36	/build/reproducible-path/gcc-16-16.2.0/build/x86_64-linux-gnu/libstdc++-v3/include/bits/ostream.tcc	std::basic_ostream<wchar_t, std::char_traits<wchar_t> >::sentry::sentry(std::basic_ostream<wchar_t, std::char_traits<wchar_t> >&)
60	ELSE	/usr/lib/x86_64-linux-gnu/libstdc++.so.6.0.36	/build/reproducible-path/gcc-16-16.2.0/build/x86_64-linux-gnu/libstdc++-v3/libsupc++/../../../../src/libstdc++-v3/libsupc++/eh_alloc.cc	_GLOBAL__sub_I_eh_alloc.cc
60	ELSE	/home/moritz/dev/repos/ooRexx/build/lib/librexx.so.4	/home/moritz/dev/repos/ooRexx/interpreter/streamLibrary/StreamNative.cpp	checkStreamInfo(RexxMethodContext_*, void*, _RexxObjectPtr*)
60	ELSE	/usr/lib/x86_64-linux-gnu/libc.so.6	./nss/./nss/XXX-lookup.c	__nss_passwd_lookup2
60	ELSE	/usr/lib/x86_64-linux-gnu/libc.so.6	./libio/./libio/genops.c	__uflow
60	ELSE	/usr/lib/x86_64-linux-gnu/libc.so.6	./nptl/./nptl/pthread_attr_extension.c	__pthread_attr_extension
60	ELSE	/home/moritz/dev/repos/ooRexx/build/lib/librexx.so.4	/home/moritz/dev/repos/ooRexx/interpreter/package/LibraryPackage.cpp	LibraryPackage::resolveMethodEntry(RexxString*)
60	ELSE	/usr/lib/x86_64-linux-gnu/libc.so.6	./stdlib/./stdlib/random.c	srand
58	ELSE	/home/moritz/dev/repos/ooRexx/build/lib/librexxapi.so.4	/home/moritz/dev/repos/ooRexx/rexxapi/client/LocalAPIManager.cpp	LocalAPIManager::getInstance()'2
58	ELSE	/home/moritz/dev/repos/ooRexx/build/lib/librexx.so.4	/home/moritz/dev/repos/ooRexx/interpreter/streamLibrary/StreamNative.cpp	stream_init
58	ELSE	/home/moritz/dev/repos/ooRexx/build/lib/librexx.so.4	/home/moritz/dev/repos/ooRexx/interpreter/streamLibrary/StreamNative.cpp	stream_open
58	ARITH	/home/moritz/dev/repos/ooRexx/build/lib/librexx.so.4	/home/moritz/dev/repos/ooRexx/interpreter/classes/StringClass.cpp	RexxString::strictEqual(RexxObject*)
58	ELSE	/usr/lib/x86_64-linux-gnu/libc.so.6	./nss/./nss/nsswitch.c	__nss_lookup
57	ELSE	/usr/lib/x86_64-linux-gnu/libstdc++.so.6.0.36	/build/reproducible-path/gcc-16-16.2.0/build/x86_64-linux-gnu/libstdc++-v3/src/c++98/../../../../../src/libstdc++-v3/src/c++98/bitmap_allocator.cc	_GLOBAL__sub_I_bitmap_allocator.cc
57	ELSE	/home/moritz/dev/repos/ooRexx/build/lib/librexx.so.4	/home/moritz/dev/repos/ooRexx/interpreter/instructions/RexxInstruction.hpp	RexxInstructionIf::isControl()
57	ELSE	/home/moritz/dev/repos/ooRexx/build/lib/librexx.so.4	/home/moritz/dev/repos/ooRexx/interpreter/classes/support/HashContents.cpp	HashContents::clearEntry(unsigned long)
57	ELSE	/home/moritz/dev/repos/ooRexx/build/lib/librexx.so.4	/home/moritz/dev/repos/ooRexx/interpreter/execution/RexxCode.cpp	RexxCode::call(Activity*, RoutineClass*, RexxString*, RexxObject**, unsigned long, RexxString*, RexxString*, ActivationContext, ProtectedObject&)
57	MACH	/home/moritz/dev/repos/ooRexx/build/lib/librexx.so.4	/home/moritz/dev/repos/ooRexx/interpreter/concurrency/Activity.cpp	Activity::run(ActivityDispatcher&)
57	ELSE	/home/moritz/dev/repos/ooRexx/build/lib/librexx.so.4	/home/moritz/dev/repos/ooRexx/interpreter/instructions/ThenInstruction.cpp	RexxInstructionThen::setEndInstruction(RexxInstructionEndIf*)
56	MACH	/home/moritz/dev/repos/ooRexx/build/lib/librexx.so.4	/home/moritz/dev/repos/ooRexx/interpreter/execution/RexxActivation.hpp	RexxActivation::implicitExit()
56	MACH	/home/moritz/dev/repos/ooRexx/build/lib/librexx.so.4	/home/moritz/dev/repos/ooRexx/interpreter/instructions/SignalInstruction.cpp	RexxInstructionSignalOn::execute(RexxActivation*, ExpressionStack*)
56	GC	/home/moritz/dev/repos/ooRexx/build/lib/librexx.so.4	/home/moritz/dev/repos/ooRexx/interpreter/package/LibraryPackage.cpp	LibraryPackage::liveGeneral(MarkReason)
56	ELSE	/home/moritz/dev/repos/ooRexx/build/lib/librexx.so.4	/home/moritz/dev/repos/ooRexx/interpreter/platform/unix/SysFileSystem.cpp	SysFileSystem::canonicalizeName(FileNameBuffer&)
56	ELSE	/usr/lib/x86_64-linux-gnu/ld-linux-x86-64.so.2	./elf/./elf/dl-minimal-malloc.c	__minimal_free
55	CALLOC	/usr/lib/x86_64-linux-gnu/libstdc++.so.6.0.36	/build/reproducible-path/gcc-16-16.2.0/build/x86_64-linux-gnu/libstdc++-v3/libsupc++/../../../../src/libstdc++-v3/libsupc++/del_op.cc	operator delete(void*)
55	ELSE	/home/moritz/dev/repos/ooRexx/build/lib/librexx.so.4	/home/moritz/dev/repos/ooRexx/interpreter/instructions/EndInstruction.cpp	RexxInstructionEnd::RexxInstructionEnd(RexxString*)
55	ELSE	/home/moritz/dev/repos/ooRexx/build/lib/librexx.so.4	/home/moritz/dev/repos/ooRexx/interpreter/streamLibrary/StreamNative.cpp	std_set
55	ELSE	/home/moritz/dev/repos/ooRexx/build/lib/librexx.so.4	/home/moritz/dev/repos/ooRexx/interpreter/memory/ProtectedObject.hpp	Protected<BufferClass>::mark(unsigned long)
54	ELSE	/usr/lib/x86_64-linux-gnu/libc.so.6	./io/../sysdeps/unix/sysv/linux/open64.c	open
54	ELSE	/home/moritz/dev/repos/ooRexx/build/lib/librexx.so.4	/home/moritz/dev/repos/ooRexx/interpreter/expression/SpecialDotVariable.cpp	SpecialDotVariable::evaluate(RexxActivation*, ExpressionStack*)
53	ELSE	/home/moritz/dev/repos/ooRexx/build/lib/librexxapi.so.4	/home/moritz/dev/repos/ooRexx/rexxapi/client/LocalAPIManager.cpp	LocalAPIManager::shutdownConnections()
53	ELSE	/home/moritz/dev/repos/ooRexx/build/lib/librexx.so.4	/home/moritz/dev/repos/ooRexx/interpreter/parser/LanguageParser.cpp	LanguageParser::generateProgram(PackageClass*)
53	ELSE	/usr/lib/x86_64-linux-gnu/ld-linux-x86-64.so.2	./elf/./elf/rtld.c	handle_preload_list
52	ELSE	/usr/lib/x86_64-linux-gnu/libc.so.6	./nptl/./nptl/pthread_attr_destroy.c	pthread_attr_destroy
52	ELSE	/usr/lib/x86_64-linux-gnu/libc.so.6	./nptl/./nptl/pthread_attr_init.c	pthread_attr_init@@GLIBC_2.2.5
52	ELSE	/usr/lib/x86_64-linux-gnu/libc.so.6	./nptl/./nptl/pthread_once.c	__pthread_once_slow.isra.0
52	ELSE	/usr/lib/x86_64-linux-gnu/libc.so.6	./libio/./libio/fileops.c	_IO_file_setbuf@@GLIBC_2.2.5
52	ELSE	/usr/lib/x86_64-linux-gnu/libc.so.6	./nscd/./nscd/nscd_getpw_r.c	nscd_getpw_r
52	ELSE	/usr/lib/x86_64-linux-gnu/ld-linux-x86-64.so.2	./misc/../sysdeps/unix/sysv/linux/setvmaname.c	__set_vma_name
51	BIF	/home/moritz/dev/repos/ooRexx/build/lib/librexx.so.4	/home/moritz/dev/repos/ooRexx/interpreter/expression/BuiltinFunctions.cpp	builtin_function_FORMAT(RexxActivation*, unsigned long, ExpressionStack*)
51	ELSE	/home/moritz/dev/repos/ooRexx/build/lib/librexx.so.4	/home/moritz/dev/repos/ooRexx/interpreter/api/ThreadContextStubs.cpp	BufferData
51	ELSE	/usr/lib/x86_64-linux-gnu/libc.so.6	./nptl/./nptl/pthread_mutexattr_init.c	pthread_mutexattr_init@@GLIBC_2.34
51	ELSE	/usr/lib/x86_64-linux-gnu/ld-linux-x86-64.so.2	./elf/./elf/dl-open.c	_dl_find_dso_for_object
50	ELSE	/home/moritz/dev/repos/ooRexx/build/lib/librexxapi.so.4	/home/moritz/dev/repos/ooRexx/rexxapi/common/platform/unix/SysCSStream.cpp	SysSocketConnection::read(void*, unsigned long, unsigned long*)
50	ELSE	/usr/lib/x86_64-linux-gnu/libstdc++.so.6.0.36	/build/reproducible-path/gcc-16-16.2.0/build/x86_64-linux-gnu/libstdc++-v3/src/c++11/../../../../../src/libstdc++-v3/src/c++11/locale-inst.cc	_GLOBAL__sub_I_locale_inst.cc
50	ELSE	/usr/lib/x86_64-linux-gnu/libstdc++.so.6.0.36	/build/reproducible-path/gcc-16-16.2.0/build/x86_64-linux-gnu/libstdc++-v3/src/c++11/../../../../../src/libstdc++-v3/src/c++11/locale-inst.cc	_GLOBAL__sub_I_wlocale_inst.cc
50	ELSE	/home/moritz/dev/repos/ooRexx/build/lib/librexx.so.4	/home/moritz/dev/repos/ooRexx/interpreter/classes/support/HashCollection.cpp	IdentityHashCollection::allocateContents(unsigned long, unsigned long)
50	ELSE	/usr/lib/x86_64-linux-gnu/libc.so.6	./elf/./elf/libc_early_init.c	__libc_early_init
50	ELSE	/home/moritz/dev/repos/ooRexx/build/lib/librexx.so.4	/home/moritz/dev/repos/ooRexx/interpreter/memory/MapTable.cpp	MapTable::MapTable(unsigned long)
49	ELSE	/home/moritz/dev/repos/ooRexx/build/lib/librexxapi.so.4	/home/moritz/dev/repos/ooRexx/rexxapi/common/platform/unix/SysCSStream.cpp	SysLocalSocketConnection::connect(char const*)
48	ELSE	/usr/lib/x86_64-linux-gnu/libstdc++.so.6.0.36	/build/reproducible-path/gcc-16-16.2.0/build/x86_64-linux-gnu/libstdc++-v3/src/c++98/../../../../../src/libstdc++-v3/src/c++98/locale.cc	std::locale::~locale()
48	ELSE	/usr/lib/x86_64-linux-gnu/libc.so.6	./libio/./libio/genops.c	_IO_un_link
48	ELSE	/usr/lib/x86_64-linux-gnu/libc.so.6	./nptl/./nptl/pthread_self.c	pthread_self
48	ELSE	/usr/lib/x86_64-linux-gnu/libc.so.6	./wcsmbs/../sysdeps/x86_64/multiarch/ifunc-avx2.h	wcschr
48	ELSE	/usr/lib/x86_64-linux-gnu/libc.so.6	./string/../sysdeps/x86_64/multiarch/ifunc-avx2.h	strnlen
48	ELSE	/usr/lib/x86_64-linux-gnu/ld-linux-x86-64.so.2	./elf/./elf/dl-debug.c	_dl_debug_update
47	ELSE	/usr/lib/x86_64-linux-gnu/libstdc++.so.6.0.36	/build/reproducible-path/gcc-16-16.2.0/build/x86_64-linux-gnu/libstdc++-v3/src/c++98/../../../../../src/libstdc++-v3/src/c++98/parallel_settings.cc	_GLOBAL__sub_I_parallel_settings.cc
47	ELSE	/home/moritz/dev/repos/ooRexx/build/lib/librexx.so.4	/home/moritz/dev/repos/ooRexx/interpreter/streamLibrary/StreamNative.cpp	stream_open_impl(RexxMethodContext_*, void*, char const*)
47	ELSE	/usr/lib/x86_64-linux-gnu/ld-linux-x86-64.so.2	./misc/../sysdeps/unix/sysv/linux/setvmaname.c	__is_decorate_maps_enabled
46	GC	/home/moritz/dev/repos/ooRexx/build/lib/librexx.so.4	/home/moritz/dev/repos/ooRexx/interpreter/memory/MemorySegment.cpp	MemorySegmentSet::newSegment(unsigned long, unsigned long)
46	MACH	/home/moritz/dev/repos/ooRexx/build/lib/librexx.so.4	/home/moritz/dev/repos/ooRexx/interpreter/execution/RexxActivation.cpp	RexxActivation::sayOutput(RexxString*)
46	ELSE	/usr/lib/x86_64-linux-gnu/libc.so.6	./nscd/./nscd/nscd_helper.c	__nscd_get_map_ref
46	GC	/home/moritz/dev/repos/ooRexx/build/lib/librexx.so.4	/home/moritz/dev/repos/ooRexx/interpreter/memory/RexxMemory.cpp	MemoryObject::newSegment(unsigned long, unsigned long)
45	ELSE	/home/moritz/dev/repos/ooRexx/build/lib/librexx.so.4	/home/moritz/dev/repos/ooRexx/interpreter/concurrency/ActivityManager.cpp	ActivityManager::init()
45	GC	/home/moritz/dev/repos/ooRexx/build/lib/librexx.so.4	/home/moritz/dev/repos/ooRexx/interpreter/classes/IntegerClass.cpp	RexxInteger::operator new(unsigned long)
45	ELSE	/usr/lib/x86_64-linux-gnu/libc.so.6	./libio/./libio/genops.c	_IO_unsave_markers
45	ELSE	/usr/lib/x86_64-linux-gnu/libc.so.6	./resource/../sysdeps/unix/sysv/linux/getrlimit64.c	getrlimit
45	MACH	/home/moritz/dev/repos/ooRexx/build/lib/librexx.so.4	/home/moritz/dev/repos/ooRexx/interpreter/concurrency/Activity.cpp	Activity::cleanupMutexes()
45	ELSE	/home/moritz/dev/repos/ooRexx/build/lib/librexx.so.4	/home/moritz/dev/repos/ooRexx/interpreter/classes/StringClass.cpp	RexxString::lookupInit::lookupInit()
45	ELSE	/home/moritz/dev/repos/ooRexx/build/lib/librexx.so.4	/home/moritz/dev/repos/ooRexx/interpreter/platform/unix/SysFileSystem.cpp	SysFileSystem::checkCurrentFile(char const*, FileNameBuffer&)
45	ELSE	/usr/lib/x86_64-linux-gnu/libc.so.6	./misc/./misc/tsearch.c	tsearch
45	ELSE	/usr/lib/x86_64-linux-gnu/ld-linux-x86-64.so.2	/build/reproducible-path/glibc-2.43/misc/../sysdeps/unix/syscall-template.S	mprotect
44	ELSE	/home/moritz/dev/repos/ooRexx/build/lib/librexxapi.so.4	/home/moritz/dev/repos/ooRexx/common/platform/unix/SysSemaphore.hpp	LocalAPIManager::shutdownInstance()
44	ELSE	/home/moritz/dev/repos/ooRexx/build/lib/librexx.so.4	/home/moritz/dev/repos/ooRexx/interpreter/parser/LanguageParser.cpp	LanguageParser::initializeForTranslation()
44	ELSE	/usr/lib/x86_64-linux-gnu/libc.so.6	./misc/./misc/sbrk.c	sbrk
44	ELSE	/home/moritz/dev/repos/ooRexx/build/lib/librexx.so.4	/home/moritz/dev/repos/ooRexx/interpreter/instructions/SelectInstruction.cpp	RexxInstructionSelect::RexxInstructionSelect(RexxString*)
44	GC	/home/moritz/dev/repos/ooRexx/build/lib/librexx.so.4	/home/moritz/dev/repos/ooRexx/interpreter/execution/CPPCode.cpp	ConstantGetterCode::liveGeneral(MarkReason)
44	ARITH	/home/moritz/dev/repos/ooRexx/build/lib/librexx.so.4	/home/moritz/dev/repos/ooRexx/interpreter/classes/NumberStringClass.cpp	NumberString::divide(RexxObject*)
44	GC	/home/moritz/dev/repos/ooRexx/build/lib/librexx.so.4	/home/moritz/dev/repos/ooRexx/interpreter/classes/RexxInfoClass.cpp	RexxInfo::liveGeneral(MarkReason)
43	ELSE	/usr/lib/x86_64-linux-gnu/libstdc++.so.6.0.36	/build/reproducible-path/gcc-16-16.2.0/build/x86_64-linux-gnu/libstdc++-v3/libsupc++/../../../../src/libstdc++-v3/libsupc++/new_opv.cc	operator new[](unsigned long)
43	ELSE	/home/moritz/dev/repos/ooRexx/build/lib/librexx.so.4	/home/moritz/dev/repos/ooRexx/interpreter/parser/LanguageParser.cpp	LanguageParser::translate()
43	BIF	/home/moritz/dev/repos/ooRexx/build/lib/librexx.so.4	/home/moritz/dev/repos/ooRexx/interpreter/classes/StringClassSub.cpp	RexxString::left(RexxInteger*, RexxString*)
43	ELSE	/home/moritz/dev/repos/ooRexx/build/lib/librexx.so.4	/home/moritz/dev/repos/ooRexx/interpreter/platform/unix/SysFileSystem.cpp	SysFileSystem::extractExtension(RexxString*)
43	ELSE	/usr/lib/x86_64-linux-gnu/ld-linux-x86-64.so.2	./io/../sysdeps/unix/sysv/linux/fstatat64.c	fstatat
42	GC	/home/moritz/dev/repos/ooRexx/build/lib/librexx.so.4	/home/moritz/dev/repos/ooRexx/interpreter/classes/ArrayClass.cpp	ArrayClass::operator new(unsigned long, unsigned long, unsigned long)
42	ELSE	/home/moritz/dev/repos/ooRexx/build/lib/librexx.so.4	/home/moritz/dev/repos/ooRexx/interpreter/parser/LanguageParser.cpp	LanguageParser::addLabel(RexxInstruction*, RexxString*)
42	MACH	/home/moritz/dev/repos/ooRexx/build/lib/librexx.so.4	/home/moritz/dev/repos/ooRexx/interpreter/concurrency/Activity.hpp	Activity::queryTrcHlt()
42	ELSE	/usr/lib/x86_64-linux-gnu/libc.so.6	./locale/./locale/uselocale.c	uselocale
42	LIBC	/usr/lib/x86_64-linux-gnu/libc.so.6	./string/../sysdeps/x86_64/multiarch/ifunc-memmove.h	memcpy@@GLIBC_2.14
42	ELSE	/usr/lib/x86_64-linux-gnu/libc.so.6	./string/../sysdeps/x86_64/multiarch/ifunc-memmove.h	memmove
42	ELSE	???	???	0x000000000492a560
42	ELSE	/usr/lib/x86_64-linux-gnu/ld-linux-x86-64.so.2	./elf/../elf/dl-tls.c	_dl_tls_initial_modid_limit_setup
42	ELSE	/usr/lib/x86_64-linux-gnu/ld-linux-x86-64.so.2	./elf/../sysdeps/nptl/dl-mutex.c	__rtld_mutex_init
41	CALL	/home/moritz/dev/repos/ooRexx/build/lib/librexx.so.4	/home/moritz/dev/repos/ooRexx/interpreter/concurrency/ActivityManager.cpp	ActivityManager::newActivation(Activity*, RexxActivation*, RoutineClass*, RexxCode*, RexxString*, RexxString*, ActivationContext)
41	GC	/home/moritz/dev/repos/ooRexx/build/lib/librexx.so.4	/home/moritz/dev/repos/ooRexx/interpreter/memory/RexxMemory.cpp	MemoryObject::oldObject(unsigned long)
40	ELSE	/home/moritz/dev/repos/ooRexx/build/lib/librexxapi.so.4	/home/moritz/dev/repos/ooRexx/rexxapi/client/LocalAPIManager.cpp	LocalAPIManager::initProcess()
40	BIF	/home/moritz/dev/repos/ooRexx/build/lib/librexx.so.4	/home/moritz/dev/repos/ooRexx/interpreter/expression/BuiltinFunctions.cpp	builtin_function_LEFT(RexxActivation*, unsigned long, ExpressionStack*)
40	MACH	/home/moritz/dev/repos/ooRexx/build/lib/librexx.so.4	/home/moritz/dev/repos/ooRexx/interpreter/instructions/RexxInstruction.hpp	RexxBlockInstruction::isBlock()
40	ELSE	/home/moritz/dev/repos/ooRexx/build/lib/librexx.so.4	/home/moritz/dev/repos/ooRexx/interpreter/memory/MemoryStack.cpp	PushThroughStack::PushThroughStack(unsigned long)
40	ELSE	/home/moritz/dev/repos/ooRexx/build/lib/librexx.so.4	/home/moritz/dev/repos/ooRexx/interpreter/parser/InstructionParser.cpp	LanguageParser::newSimpleDo(RexxString*)
40	ELSE	/usr/lib/x86_64-linux-gnu/libc.so.6	./wcsmbs/../sysdeps/x86_64/multiarch/ifunc-evex.h	wmemchr
40	ELSE	/usr/lib/x86_64-linux-gnu/libc.so.6	./libio/./libio/genops.c	_IO_default_uflow
40	ELSE	/usr/lib/x86_64-linux-gnu/libc.so.6	./string/../sysdeps/x86_64/multiarch/ifunc-strncpy.h	strncpy
40	ELSE	/usr/lib/x86_64-linux-gnu/libc.so.6	./time/../sysdeps/unix/sysv/linux/clock_gettime.c	clock_gettime@@GLIBC_2.17
40	ELSE	/usr/lib/x86_64-linux-gnu/libc.so.6	./string/../sysdeps/x86_64/multiarch/ifunc-evex.h	memchr
40	ELSE	/usr/lib/x86_64-linux-gnu/libc.so.6	./string/../sysdeps/x86_64/multiarch/strchr.c	index
40	ELSE	/usr/lib/x86_64-linux-gnu/libc.so.6	./io/../sysdeps/unix/sysv/linux/close_nocancel.c	__close_nocancel
40	ELSE	/usr/lib/x86_64-linux-gnu/ld-linux-x86-64.so.2	./io/../sysdeps/unix/sysv/linux/close_nocancel.c	__GI___close_nocancel
40	ELSE	/usr/lib/x86_64-linux-gnu/ld-linux-x86-64.so.2	./elf/./elf/dl-misc.c	_dl_sysdep_read_whole_file
40	ELSE	/usr/lib/x86_64-linux-gnu/ld-linux-x86-64.so.2	./io/../sysdeps/unix/sysv/linux/fstat64.c	fstat
40	ELSE	/usr/lib/x86_64-linux-gnu/ld-linux-x86-64.so.2	./elf/./elf/rtld.c	init_tls
39	ELSE	/usr/lib/x86_64-linux-gnu/libstdc++.so.6.0.36	/build/reproducible-path/gcc-16-16.2.0/build/x86_64-linux-gnu/libstdc++-v3/src/c++98/../../../../../src/libstdc++-v3/src/c++98/ios_init.cc	std::ios_base::Init::~Init()
39	ELSE	/home/moritz/dev/repos/ooRexx/build/lib/librexx.so.4	/home/moritz/dev/repos/ooRexx/interpreter/api/ThreadContextStubs.cpp	DisplayCondition
39	MACH	/home/moritz/dev/repos/ooRexx/build/lib/librexx.so.4	/home/moritz/dev/repos/ooRexx/interpreter/concurrency/Activity.cpp	Activity::nestAttach()
39	ELSE	/home/moritz/dev/repos/ooRexx/build/lib/librexx.so.4	/home/moritz/dev/repos/ooRexx/interpreter/platform/unix/SysFileSystem.cpp	SysFileSystem::hasExtension(char const*)
39	ELSE	/home/moritz/dev/repos/ooRexx/build/lib/librexx.so.4	/home/moritz/dev/repos/ooRexx/interpreter/classes/PackageClass.cpp	PackageClass::extractNameInformation()
39	ELSE	/usr/lib/x86_64-linux-gnu/ld-linux-x86-64.so.2	./elf/./elf/dl-find_object.c	_dl_find_object_init
38	ELSE	/home/moritz/dev/repos/ooRexx/build/lib/librexxapi.so.4	/home/moritz/dev/repos/ooRexx/rexxapi/client/LocalQueueManager.cpp	LocalQueueManager::initializeSessionQueue(unsigned long)
38	ELSE	/usr/lib/x86_64-linux-gnu/libc.so.6	./libio/./libio/fseeko.c	fseeko
38	ELSE	/usr/lib/x86_64-linux-gnu/libc.so.6	./string/../sysdeps/x86_64/multiarch/strcmp.c	strcmp
38	ELSE	/home/moritz/dev/repos/ooRexx/build/lib/librexx.so.4	/home/moritz/dev/repos/ooRexx/interpreter/instructions/IfInstruction.cpp	RexxInstructionIf::setEndInstruction(RexxInstructionEndIf*)
38	ELSE	/usr/lib/x86_64-linux-gnu/libc.so.6	./io/./io/file_change_detection.c	__file_change_detection_for_fp
38	ELSE	/usr/lib/x86_64-linux-gnu/libc.so.6	./nscd/./nscd/nscd_getpw_r.c	__nscd_getpwuid_r
37	ELSE	/home/moritz/dev/repos/ooRexx/build/lib/librexx.so.4	/home/moritz/dev/repos/ooRexx/interpreter/runtime/InterpreterInstance.cpp	InterpreterInstance::enterOnCurrentThread(bool&)
37	ARITH	/home/moritz/dev/repos/ooRexx/build/lib/librexx.so.4	/home/moritz/dev/repos/ooRexx/interpreter/classes/IntegerClass.cpp	RexxInteger::divide(RexxInteger*)
37	ELSE	/home/moritz/dev/repos/ooRexx/build/lib/librexx.so.4	/home/moritz/dev/repos/ooRexx/interpreter/execution/NativeActivation.cpp	NativeActivation::run(ActivityDispatcher&)
37	ELSE	/home/moritz/dev/repos/ooRexx/build/lib/librexx.so.4	/home/moritz/dev/repos/ooRexx/interpreter/parser/InstructionParser.cpp	LanguageParser::signalNew()
37	ELSE	/home/moritz/dev/repos/ooRexx/build/lib/librexx.so.4	/home/moritz/dev/repos/ooRexx/common/platform/unix/SysFile.cpp	SysFile::close()
37	ELSE	/usr/lib/x86_64-linux-gnu/libc.so.6	./locale/./locale/newlocale.c	newlocale
37	ELSE	/usr/lib/x86_64-linux-gnu/libc.so.6	./nss/./nss/nss_module.c	module_load
36	ELSE	/home/moritz/dev/repos/ooRexx/build/lib/librexxapi.so.4	/home/moritz/dev/repos/ooRexx/rexxapi/client/LocalAPIManager.cpp	LocalAPIManager::establishServerConnection()
36	ELSE	/home/moritz/dev/repos/ooRexx/build/lib/librexxapi.so.4	/home/moritz/dev/repos/ooRexx/rexxapi/common/ServiceMessage.cpp	ServiceMessage::ServiceMessage()
36	ELSE	/home/moritz/dev/repos/ooRexx/build/lib/librexx.so.4	/home/moritz/dev/repos/ooRexx/interpreter/classes/ArrayClass.cpp	ArrayClass::removeItem(RexxInternalObject*)
36	ELSE	/home/moritz/dev/repos/ooRexx/build/lib/librexx.so.4	/home/moritz/dev/repos/ooRexx/interpreter/classes/ObjectClass.cpp	RexxObject::copyObjectVariables(RexxObject*)
36	ELSE	/home/moritz/dev/repos/ooRexx/build/lib/librexx.so.4	/home/moritz/dev/repos/ooRexx/interpreter/classes/ArrayClass.hpp	RexxInstructionSelect::addWhen(RexxInstructionIf*)
36	ELSE	/usr/lib/x86_64-linux-gnu/libc.so.6	./wcsmbs/../sysdeps/x86_64/multiarch/ifunc-wmemset.h	wmemset
36	GC	/home/moritz/dev/repos/ooRexx/build/lib/librexx.so.4	/home/moritz/dev/repos/ooRexx/interpreter/memory/MemorySegment.cpp	MemorySegmentSet::addSegment(MemorySegment*)
36	ELSE	/home/moritz/dev/repos/ooRexx/build/lib/librexx.so.4	/home/moritz/dev/repos/ooRexx/interpreter/classes/support/ProgramMetaData.cpp	ProgramMetaData::restore(RexxString*, BufferClass*)
36	MACH	/home/moritz/dev/repos/ooRexx/build/lib/librexx.so.4	/home/moritz/dev/repos/ooRexx/interpreter/concurrency/Activity.cpp	Activity::detachInstance()
36	ARITH	/home/moritz/dev/repos/ooRexx/build/lib/librexx.so.4	/home/moritz/dev/repos/ooRexx/interpreter/classes/StringClass.cpp	RexxString::notEqual(RexxObject*)
36	ELSE	/home/moritz/dev/repos/ooRexx/build/lib/librexx.so.4	/home/moritz/dev/repos/ooRexx/interpreter/classes/PackageClass.cpp	PackageClass::PackageClass(RexxString*, ProgramSource*)
36	ELSE	/usr/lib/x86_64-linux-gnu/ld-linux-x86-64.so.2	./elf/./elf/dl-audit.c	_dl_audit_objclose
35	ELSE	/home/moritz/dev/repos/ooRexx/build/lib/librexx.so.4	/home/moritz/dev/repos/ooRexx/interpreter/classes/BufferClass.cpp	BufferClass::expand(unsigned long)
35	ELSE	/home/moritz/dev/repos/ooRexx/build/lib/librexx.so.4	/home/moritz/dev/repos/ooRexx/interpreter/concurrency/Activity.hpp	StringLength
35	ELSE	/home/moritz/dev/repos/ooRexx/build/lib/librexx.so.4	/home/moritz/dev/repos/ooRexx/interpreter/concurrency/Activity.hpp	StringData
35	MACH	/home/moritz/dev/repos/ooRexx/build/lib/librexx.so.4	/home/moritz/dev/repos/ooRexx/interpreter/concurrency/ExitHandler.hpp	Activity::callSayExit(RexxActivation*, RexxString*)
35	ELSE	/usr/lib/x86_64-linux-gnu/libc.so.6	./nss/./nss/nss_database.c	global_state_allocate
35	ELSE	/usr/lib/x86_64-linux-gnu/ld-linux-x86-64.so.2	./elf/../elf/dl-tls.c	_dl_tls_static_surplus_init
35	ELSE	/usr/lib/x86_64-linux-gnu/ld-linux-x86-64.so.2	./io/../sysdeps/unix/sysv/linux/read_nocancel.c	__read_nocancel
35	ELSE	/usr/lib/x86_64-linux-gnu/ld-linux-x86-64.so.2	./elf/../sysdeps/x86/get-isa-level.h	_dl_hwcaps_subdirs_active
34	ELSE	/home/moritz/dev/repos/ooRexx/build/lib/librexxapi.so.4	/home/moritz/dev/repos/ooRexx/rexxapi/client/platform/unix/SysLocalAPIManager.cpp	SysLocalAPIManager::newClientConnection()
34	ELSE	/home/moritz/dev/repos/ooRexx/build/lib/librexxapi.so.4	/home/moritz/dev/repos/ooRexx/rexxapi/common/platform/unix/SysCSStream.cpp	SysServerLocalSocketConnectionManager::generateServiceName()
34	ELSE	/usr/lib/x86_64-linux-gnu/libstdc++.so.6.0.36	/build/reproducible-path/gcc-16-16.2.0/build/x86_64-linux-gnu/libstdc++-v3/src/c++11/../../../../../src/libstdc++-v3/src/c++11/locale-inst.cc	_GLOBAL__sub_I_cxx11_locale_inst.cc
34	ELSE	/usr/lib/x86_64-linux-gnu/libstdc++.so.6.0.36	/build/reproducible-path/gcc-16-16.2.0/build/x86_64-linux-gnu/libstdc++-v3/src/c++11/../../../../../src/libstdc++-v3/src/c++11/locale-inst.cc	_GLOBAL__sub_I_cxx11_wlocale_inst.cc
34	ELSE	/home/moritz/dev/repos/ooRexx/build/lib/librexx.so.4	/home/moritz/dev/repos/ooRexx/interpreter/execution/NativeActivation.hpp	NativeActivation::termination()
34	ELSE	/home/moritz/dev/repos/ooRexx/build/lib/librexx.so.4	/home/moritz/dev/repos/ooRexx/interpreter/runtime/Interpreter.cpp	Interpreter::createInstance(RexxInstance_*&, RexxThreadContext_*&, RexxOption*)
34	ELSE	/home/moritz/dev/repos/ooRexx/build/lib/librexx.so.4	/home/moritz/dev/repos/ooRexx/interpreter/execution/NativeActivation.cpp	NativeActivation::isStackBase()
34	MACH	/home/moritz/dev/repos/ooRexx/build/lib/librexx.so.4	/home/moritz/dev/repos/ooRexx/interpreter/concurrency/Activity.cpp	Activity::setupAttachedActivity(InterpreterInstance*)
34	ELSE	/home/moritz/dev/repos/ooRexx/build/lib/librexx.so.4	/home/moritz/dev/repos/ooRexx/interpreter/platform/unix/SysFileSystem.cpp	SysFileSystem::searchName(char const*, char const*, char const*, FileNameBuffer&)
34	ELSE	/usr/lib/x86_64-linux-gnu/libc.so.6	./nptl/./nptl/pthread_mutexattr_destroy.c	pthread_mutexattr_destroy@@GLIBC_2.34
34	ELSE	/home/moritz/dev/repos/ooRexx/build/lib/librexx.so.4	/home/moritz/dev/repos/ooRexx/common/platform/unix/SysFile.cpp	SysFile::reset()
34	ELSE	/usr/lib/x86_64-linux-gnu/ld-linux-x86-64.so.2	./elf/../sysdeps/unix/sysv/linux/dl-sysdep.c	_dl_sysdep_start
33	ELSE	/usr/lib/x86_64-linux-gnu/libstdc++.so.6.0.36	/build/reproducible-path/gcc-16-16.2.0/build/x86_64-linux-gnu/libstdc++-v3/include/bits/ostream.tcc	std::basic_ostream<wchar_t, std::char_traits<wchar_t> >::flush()'2
33	ELSE	/usr/lib/x86_64-linux-gnu/libstdc++.so.6.0.36	/build/reproducible-path/gcc-16-16.2.0/build/x86_64-linux-gnu/libstdc++-v3/include/bits/ostream.tcc	std::ostream::flush()'2
33	ELSE	/home/moritz/dev/repos/ooRexx/build/lib/librexx.so.4	/home/moritz/dev/repos/ooRexx/interpreter/instructions/CallInstruction.cpp	RexxInstructionCall::resolve(StringTable*)
33	ELSE	/home/moritz/dev/repos/ooRexx/build/lib/librexx.so.4	/home/moritz/dev/repos/ooRexx/interpreter/memory/MemorySegment.cpp	OldSpaceSegmentSet::findObject(unsigned long)
32	ELSE	/home/moritz/dev/repos/ooRexx/build/lib/librexx.so.4	/home/moritz/dev/repos/ooRexx/interpreter/concurrency/ActivityManager.cpp	ActivityManager::terminationLock()
32	ELSE	/home/moritz/dev/repos/ooRexx/build/lib/librexx.so.4	/home/moritz/dev/repos/ooRexx/interpreter/classes/ArrayClass.cpp	ArrayClass::lastIndex()
32	ELSE	/usr/lib/x86_64-linux-gnu/libc.so.6	./nss/./nss/nss_files_fopen.c	__nss_files_fopen
32	CALLOC	/usr/lib/x86_64-linux-gnu/libc.so.6	./malloc/./malloc/malloc.c	free'2
32	ELSE	/usr/lib/x86_64-linux-gnu/libc.so.6	./nptl/./nptl/pthread_attr_getstack.c	pthread_attr_getstack@@GLIBC_2.34
32	ELSE	/usr/lib/x86_64-linux-gnu/libc.so.6	./libio/./libio/fileops.c	_IO_file_finish@@GLIBC_2.2.5
32	ELSE	???	???	0x000000000492a808
31	ELSE	/home/moritz/dev/repos/ooRexx/build/lib/librexx.so.4	/home/moritz/dev/repos/ooRexx/interpreter/runtime/InterpreterInstance.cpp	InterpreterInstance::findActivity()
31	ELSE	/home/moritz/dev/repos/ooRexx/build/lib/librexx.so.4	/home/moritz/dev/repos/ooRexx/interpreter/memory/MemorySegment.cpp	OldSpaceSegmentSet::allocateObject(unsigned long)
31	ELSE	/usr/lib/x86_64-linux-gnu/libc.so.6	./signal/../sysdeps/posix/signal.c	signal
31	ELSE	/usr/lib/x86_64-linux-gnu/ld-linux-x86-64.so.2	/build/reproducible-path/glibc-2.43/string/../sysdeps/x86_64/multiarch/../multiarch/strcmp-sse2.S	strncmp
30	ELSE	/usr/lib/x86_64-linux-gnu/libstdc++.so.6.0.36	/build/reproducible-path/gcc-16-16.2.0/build/x86_64-linux-gnu/libstdc++-v3/libsupc++/../../../../src/libstdc++-v3/libsupc++/guard.cc	__cxa_guard_release
30	ELSE	/home/moritz/dev/repos/ooRexx/build/lib/librexx.so.4	/home/moritz/dev/repos/ooRexx/interpreter/memory/MapBucket.cpp	MapBucket::MapBucket(unsigned long)
30	GC	/home/moritz/dev/repos/ooRexx/build/lib/librexx.so.4	/home/moritz/dev/repos/ooRexx/interpreter/classes/BufferClass.cpp	BufferClass::operator new(unsigned long, unsigned long)
30	GC	/home/moritz/dev/repos/ooRexx/build/lib/librexx.so.4	/home/moritz/dev/repos/ooRexx/interpreter/instructions/SignalInstruction.cpp	RexxInstructionSignal::liveGeneral(MarkReason)
30	ELSE	/home/moritz/dev/repos/ooRexx/build/lib/librexx.so.4	/home/moritz/dev/repos/ooRexx/common/platform/unix/SysFile.cpp	SysFile::flush()
30	ELSE	/usr/lib/x86_64-linux-gnu/libc.so.6	./socket/../sysdeps/unix/sysv/linux/connect.c	connect
30	ELSE	/home/moritz/dev/repos/ooRexx/build/lib/librexx.so.4	/home/moritz/dev/repos/ooRexx/common/platform/unix/SysFile.cpp	SysFile::getSize(long&)
30	GC	/home/moritz/dev/repos/ooRexx/build/lib/librexx.so.4	/home/moritz/dev/repos/ooRexx/interpreter/memory/RexxMemory.cpp	MemoryObject::holdObject(RexxInternalObject*)
30	ELSE	/usr/lib/x86_64-linux-gnu/ld-linux-x86-64.so.2	./elf/./elf/dl-cache.c	_dl_cache_libcmp'2
30	ELSE	/usr/lib/x86_64-linux-gnu/ld-linux-x86-64.so.2	./elf/./elf/dl-tunables.c	__GI___tunable_set_val
30	ELSE	/usr/lib/x86_64-linux-gnu/libgcc_s.so.1	/build/reproducible-path/gcc-16-16.2.0/build/x86_64-linux-gnu/libgcc/../../../src/libgcc/unwind-dw2-btree.h	btree_destroy
29	ELSE	/usr/lib/x86_64-linux-gnu/libstdc++.so.6.0.36	/build/reproducible-path/gcc-16-16.2.0/build/x86_64-linux-gnu/libstdc++-v3/src/../../../../src/libstdc++-v3/src/c++11/compatibility-c++0x.cc	_GLOBAL__sub_I_compatibility_c__0x.cc
29	ELSE	/home/moritz/dev/repos/ooRexx/build/lib/librexx.so.4	/home/moritz/dev/repos/ooRexx/interpreter/concurrency/ActivityManager.cpp	ActivityManager::findActivity()
29	ELSE	/usr/lib/x86_64-linux-gnu/libc.so.6	./string/../sysdeps/x86/cacheinfo.h	__x86_cacheinfo
29	ELSE	/usr/lib/x86_64-linux-gnu/libc.so.6	./nscd/./nscd/nscd_helper.c	__nscd_open_socket
29	ELSE	???	???	0x000000000492a850
29	ELSE	/usr/lib/x86_64-linux-gnu/ld-linux-x86-64.so.2	./elf/./elf/dl-debug.c	_dl_debug_post_relocate
28	ELSE	/home/moritz/dev/repos/ooRexx/build/lib/librexxapi.so.4	/home/moritz/dev/repos/ooRexx/rexxapi/client/ClientMessage.cpp	ClientMessage::send(ApiConnection*)
28	ELSE	/home/moritz/dev/repos/ooRexx/build/lib/librexx.so.4	/home/moritz/dev/repos/ooRexx/interpreter/runtime/Interpreter.cpp	Interpreter::processStartup()
28	ELSE	/usr/lib/x86_64-linux-gnu/libc.so.6	./libio/./libio/genops.c	_IO_free_backup_area
28	MACH	/home/moritz/dev/repos/ooRexx/build/lib/librexx.so.4	/home/moritz/dev/repos/ooRexx/interpreter/concurrency/Activity.cpp	Activity::addToInstance(InterpreterInstance*)
28	GC	/home/moritz/dev/repos/ooRexx/build/lib/librexx.so.4	/home/moritz/dev/repos/ooRexx/interpreter/instructions/DoCountInstruction.cpp	RexxInstructionDoCount::liveGeneral(MarkReason)
28	VCMP	/home/moritz/dev/repos/ooRexx/build/lib/librexx.so.4	/home/moritz/dev/repos/ooRexx/interpreter/expression/ExpressionCompoundVariable.cpp	RexxCompoundVariable::operator new(unsigned long, unsigned long)
28	ELSE	/home/moritz/dev/repos/ooRexx/build/lib/librexx.so.4	/home/moritz/dev/repos/ooRexx/interpreter/execution/TrapHandler.cpp	TrapHandler::TrapHandler(RexxString*, RexxInstructionTrapBase*)
28	ELSE	/usr/lib/x86_64-linux-gnu/libc.so.6	./libio/./libio/fileops.c	_IO_file_seek
28	LIBC	/usr/lib/x86_64-linux-gnu/libc.so.6	/build/reproducible-path/glibc-2.43/string/../sysdeps/x86_64/multiarch/strrchr-avx2.S	__strrchr_avx2
28	ELSE	/usr/lib/x86_64-linux-gnu/ld-linux-x86-64.so.2	./elf/./elf/rtld.c	do_preload
28	ELSE	/usr/lib/x86_64-linux-gnu/ld-linux-x86-64.so.2	./elf/./elf/dl-audit.c	_dl_audit_objopen
27	ELSE	/usr/lib/x86_64-linux-gnu/libstdc++.so.6.0.36	/build/reproducible-path/gcc-16-16.2.0/build/x86_64-linux-gnu/libstdc++-v3/include/x86_64-linux-gnu/bits/time_members.h	std::__timepunct<wchar_t>::__timepunct(std::__timepunct_cache<wchar_t>*, unsigned long)
27	ELSE	/usr/lib/x86_64-linux-gnu/libstdc++.so.6.0.36	/build/reproducible-path/gcc-16-16.2.0/build/x86_64-linux-gnu/libstdc++-v3/include/x86_64-linux-gnu/bits/time_members.h	std::__timepunct<char>::__timepunct(std::__timepunct_cache<char>*, unsigned long)
27	ELSE	/usr/lib/x86_64-linux-gnu/libstdc++.so.6.0.36	/build/reproducible-path/gcc-16-16.2.0/build/x86_64-linux-gnu/libstdc++-v3/src/c++11/../../../../../src/libstdc++-v3/src/c++11/locale_init.cc	std::locale::_S_initialize_once()
27	ELSE	/home/moritz/dev/repos/ooRexx/build/lib/librexx.so.4	/usr/include/c++/15/bits/vector.tcc	std::vector<Activity*, std::allocator<Activity*> >::_M_erase(__gnu_cxx::__normal_iterator<Activity**, std::vector<Activity*, std::allocator<Activity*> > >) [clone .isra.0]
27	ELSE	/home/moritz/dev/repos/ooRexx/build/lib/librexx.so.4	/home/moritz/dev/repos/ooRexx/interpreter/parser/InstructionParser.cpp	LanguageParser::returnNew()
27	ELSE	/home/moritz/dev/repos/ooRexx/build/lib/librexx.so.4	/home/moritz/dev/repos/ooRexx/interpreter/parser/InstructionParser.cpp	LanguageParser::exitNew()
27	ELSE	/usr/lib/x86_64-linux-gnu/libc.so.6	./socket/../sysdeps/unix/sysv/linux/send.c	send
27	ELSE	/home/moritz/dev/repos/ooRexx/build/lib/librexx.so.4	/home/moritz/dev/repos/ooRexx/interpreter/memory/MemorySegment.hpp	LargeSegmentSet::LargeSegmentSet(MemoryObject*)
27	ELSE	/home/moritz/dev/repos/ooRexx/build/lib/librexx.so.4	/usr/include/c++/15/bits/stl_deque.h	WaitingActivityQueue::Data::~Data()
27	ELSE	/home/moritz/dev/repos/ooRexx/build/lib/librexx.so.4	/home/moritz/dev/repos/ooRexx/interpreter/instructions/DoCountInstruction.cpp	RexxInstructionDoCount::RexxInstructionDoCount(RexxString*, RexxVariableBase*, ForLoop&)
27	ARITH	/home/moritz/dev/repos/ooRexx/build/lib/librexx.so.4	/home/moritz/dev/repos/ooRexx/interpreter/classes/NumberStringMath.cpp	NumberString::prepareNumber(long, bool)
27	ELSE	/home/moritz/dev/repos/ooRexx/build/lib/librexx.so.4	/home/moritz/dev/repos/ooRexx/interpreter/classes/ObjectClass.hpp	RexxInteger::setString(RexxString*)
27	ELSE	/home/moritz/dev/repos/ooRexx/build/lib/librexx.so.4	/home/moritz/dev/repos/ooRexx/interpreter/classes/support/RexxDateTime.cpp	RexxDateTime::RexxDateTime(long, long, long)
27	ELSE	/home/moritz/dev/repos/ooRexx/build/lib/librexx.so.4	/home/moritz/dev/repos/ooRexx/interpreter/classes/support/RexxDateTime.cpp	_GLOBAL__sub_I_RexxDateTime.cpp
27	ELSE	/usr/lib/x86_64-linux-gnu/libc.so.6	./nss/./nss/nss_database.c	__nss_database_get
27	GC	/home/moritz/dev/repos/ooRexx/build/lib/librexx.so.4	/home/moritz/dev/repos/ooRexx/interpreter/memory/RexxMemory.cpp	MemoryObject::setUpMemoryTables(MapTable*)
27	ELSE	/usr/lib/x86_64-linux-gnu/ld-linux-x86-64.so.2	./elf/../elf/dl-tls.c	_dl_assign_tls_modid
26	ELSE	/home/moritz/dev/repos/ooRexx/build/lib/librexxapi.so.4	/home/moritz/dev/repos/ooRexx/rexxapi/client/LocalAPIManager.cpp	LocalAPIManager::closeConnection(ApiConnection*)
26	ELSE	/home/moritz/dev/repos/ooRexx/build/lib/librexx.so.4	/home/moritz/dev/repos/ooRexx/interpreter/runtime/Interpreter.cpp	InstanceBlock::~InstanceBlock()
26	GC	/home/moritz/dev/repos/ooRexx/build/lib/librexx.so.4	/home/moritz/dev/repos/ooRexx/interpreter/classes/support/HashContents.cpp	IdentityHashContents::operator new(unsigned long, unsigned long)
26	ELSE	/home/moritz/dev/repos/ooRexx/build/lib/librexx.so.4	/home/moritz/dev/repos/ooRexx/interpreter/memory/MemorySegment.cpp	LargeSegmentSet::handleAllocationFailure(unsigned long)
26	MACH	/home/moritz/dev/repos/ooRexx/build/lib/librexx.so.4	/home/moritz/dev/repos/ooRexx/interpreter/execution/RexxActivation.cpp	RexxActivation::exitFrom(RexxObject*)
25	ELSE	/usr/lib/x86_64-linux-gnu/libc.so.6	./csu/../sysdeps/nptl/libc_start_call_main.h	(below main)
25	ELSE	/usr/lib/x86_64-linux-gnu/libc.so.6	./nptl/./nptl/pthread_mutex_conf.c	__pthread_tunables_init
25	ELSE	/usr/lib/x86_64-linux-gnu/ld-linux-x86-64.so.2	./io/../sysdeps/unix/sysv/linux/stat64.c	stat
24	ELSE	/usr/lib/x86_64-linux-gnu/libstdc++.so.6.0.36	/build/reproducible-path/gcc-16-16.2.0/build/x86_64-linux-gnu/libstdc++-v3/src/c++11/../../../../../src/libstdc++-v3/src/c++11/ctype.cc	std::ctype<wchar_t>::ctype(unsigned long)
24	ELSE	/usr/lib/x86_64-linux-gnu/libstdc++.so.6.0.36	/build/reproducible-path/gcc-16-16.2.0/build/x86_64-linux-gnu/libstdc++-v3/include/ext/stdio_sync_filebuf.h	__gnu_cxx::stdio_sync_filebuf<char, std::char_traits<char> >::sync()
24	ELSE	/home/moritz/dev/repos/ooRexx/build/lib/librexx.so.4	/home/moritz/dev/repos/ooRexx/interpreter/memory/InternalStack.cpp	InternalStack::InternalStack(unsigned long)
24	ELSE	/home/moritz/dev/repos/ooRexx/build/lib/librexx.so.4	/home/moritz/dev/repos/ooRexx/interpreter/memory/MemorySegment.hpp	OldSpaceSegmentSet::OldSpaceSegmentSet(MemoryObject*)
24	ELSE	/usr/lib/x86_64-linux-gnu/libc.so.6	./misc/./misc/init-misc.c	__init_misc
24	ELSE	/home/moritz/dev/repos/ooRexx/build/lib/librexx.so.4	/home/moritz/dev/repos/ooRexx/interpreter/classes/support/HashContents.hpp	HashCollection::expandContents()
24	GC	/home/moritz/dev/repos/ooRexx/build/lib/librexx.so.4	/home/moritz/dev/repos/ooRexx/interpreter/classes/DirectoryClass.cpp	DirectoryClass::liveGeneral(MarkReason)
24	ELSE	/home/moritz/dev/repos/ooRexx/build/lib/librexx.so.4	/home/moritz/dev/repos/ooRexx/interpreter/classes/StringClass.cpp	RexxString::format(RexxObject*, RexxObject*, RexxObject*, RexxObject*)
24	ELSE	/usr/lib/x86_64-linux-gnu/libc.so.6	./wcsmbs/../sysdeps/x86_64/multiarch/ifunc-memcmp.h	wmemcmp
24	ELSE	/usr/lib/x86_64-linux-gnu/libc.so.6	./wcsmbs/../sysdeps/x86_64/multiarch/ifunc-avx2.h	wcscmp
24	ELSE	/usr/lib/x86_64-linux-gnu/libc.so.6	./string/../sysdeps/x86_64/multiarch/ifunc-avx2.h	strchrnul
24	ELSE	/usr/lib/x86_64-linux-gnu/libc.so.6	./string/../sysdeps/x86_64/multiarch/ifunc-avx2.h	rindex
24	ELSE	/usr/lib/x86_64-linux-gnu/libc.so.6	./string/../sysdeps/x86_64/multiarch/ifunc-avx2.h	memrchr
24	ELSE	/usr/lib/x86_64-linux-gnu/ld-linux-x86-64.so.2	./elf/./elf/dl-catch.c	_dl_catch_error
24	ELSE	/usr/lib/x86_64-linux-gnu/ld-linux-x86-64.so.2	./elf/./elf/dl-hwcaps_split.c	_dl_hwcaps_contains
23	ELSE	/usr/lib/x86_64-linux-gnu/libc.so.6	./stdlib/./stdlib/setenv.c	setenv
23	ELSE	/home/moritz/dev/repos/ooRexx/build/lib/librexx.so.4	/home/moritz/dev/repos/ooRexx/interpreter/classes/NumberStringMath.cpp	NumberStringBase::mathRound(char*)
23	ELSE	/home/moritz/dev/repos/ooRexx/build/lib/librexx.so.4	/home/moritz/dev/repos/ooRexx/common/platform/unix/SysFile.cpp	SysFile::setStdIn()
23	ELSE	/usr/lib/x86_64-linux-gnu/libc.so.6	./misc/./misc/allocate_once.c	__libc_allocate_once_slow
23	ELSE	/usr/lib/x86_64-linux-gnu/ld-linux-x86-64.so.2	./elf/./elf/dl-call-libc-early-init.c	_dl_call_libc_early_init
22	ELSE	/usr/lib/x86_64-linux-gnu/libstdc++.so.6.0.36	/build/reproducible-path/gcc-16-16.2.0/build/x86_64-linux-gnu/libstdc++-v3/libsupc++/../../../../src/libstdc++-v3/libsupc++/eh_catch.cc	std::uncaught_exception()
22	ELSE	/usr/lib/x86_64-linux-gnu/libstdc++.so.6.0.36	/build/reproducible-path/gcc-16-16.2.0/build/x86_64-linux-gnu/libstdc++-v3/libsupc++/../../../../src/libstdc++-v3/libsupc++/del_opv.cc	operator delete[](void*)
22	MACH	/home/moritz/dev/repos/ooRexx/build/lib/librexx.so.4	/home/moritz/dev/repos/ooRexx/interpreter/instructions/RexxInstruction.hpp	RexxBlockInstruction::isControl()
22	ELSE	/home/moritz/dev/repos/ooRexx/build/lib/librexx.so.4	/home/moritz/dev/repos/ooRexx/interpreter/runtime/Interpreter.cpp	Interpreter::getLanguageLevelString()
22	ELSE	/home/moritz/dev/repos/ooRexx/build/lib/librexx.so.4	/home/moritz/dev/repos/ooRexx/interpreter/runtime/Interpreter.cpp	InstanceBlock::InstanceBlock()
22	GC	/home/moritz/dev/repos/ooRexx/build/lib/librexx.so.4	/home/moritz/dev/repos/ooRexx/interpreter/instructions/LeaveInstruction.cpp	RexxInstructionLeave::liveGeneral(MarkReason)
22	ELSE	/home/moritz/dev/repos/ooRexx/build/lib/librexx.so.4	/home/moritz/dev/repos/ooRexx/interpreter/instructions/EndIf.cpp	RexxInstructionEndIf::setEndInstruction(RexxInstructionEndIf*)
22	ELSE	/home/moritz/dev/repos/ooRexx/build/lib/librexx.so.4	/home/moritz/dev/repos/ooRexx/interpreter/parser/InstructionParser.cpp	LanguageParser::elseNew(RexxToken*)
22	MACH	/home/moritz/dev/repos/ooRexx/build/lib/librexx.so.4	/home/moritz/dev/repos/ooRexx/interpreter/instructions/ExitInstruction.cpp	RexxInstructionExit::execute(RexxActivation*, ExpressionStack*)
22	MACH	/home/moritz/dev/repos/ooRexx/build/lib/librexx.so.4	/home/moritz/dev/repos/ooRexx/interpreter/concurrency/Activity.cpp	Activity::clearLocalReferences()
22	ELSE	/home/moritz/dev/repos/ooRexx/build/lib/librexx.so.4	/home/moritz/dev/repos/ooRexx/interpreter/memory/SmartBuffer.cpp	SmartBuffer::SmartBuffer(unsigned long)
22	ELSE	/usr/lib/x86_64-linux-gnu/libc.so.6	./libio/./libio/stdfiles.c	_IO_stdfiles_init
22	LIBC	/usr/lib/x86_64-linux-gnu/libc.so.6	./debug/../sysdeps/x86_64/multiarch/ifunc-memset.h	__memset_chk
22	ELSE	/usr/lib/x86_64-linux-gnu/ld-linux-x86-64.so.2	/build/reproducible-path/glibc-2.43/elf/../sysdeps/x86_64/tls_get_addr.S	__tls_get_addr
21	ELSE	/home/moritz/dev/repos/ooRexx/build/lib/librexxapi.so.4	/home/moritz/dev/repos/ooRexx/rexxapi/client/platform/unix/SysLocalAPIManager.cpp	SysLocalAPIManager::setActiveSessionQueue(unsigned long)
21	ELSE	/home/moritz/dev/repos/ooRexx/build/lib/librexxapi.so.4	/home/moritz/dev/repos/ooRexx/rexxapi/client/QueuesAPI.cpp	RexxCreateSessionQueue
21	ELSE	/home/moritz/dev/repos/ooRexx/build/lib/librexxapi.so.4	/home/moritz/dev/repos/ooRexx/rexxapi/client/LocalQueueManager.cpp	LocalQueueManager::createSessionQueue(unsigned long)
21	ELSE	/usr/lib/x86_64-linux-gnu/libstdc++.so.6.0.36	/build/reproducible-path/gcc-16-16.2.0/build/x86_64-linux-gnu/libstdc++-v3/src/c++98/../../../../../src/libstdc++-v3/src/c++98/locale.cc	std::locale::facet::_S_get_c_name()
21	ELSE	/home/moritz/dev/repos/ooRexx/build/lib/librexx.so.4	/home/moritz/dev/repos/ooRexx/interpreter/platform/unix/SysActivity.cpp	SysActivity::useCurrentThread()
21	ELSE	/home/moritz/dev/repos/ooRexx/build/lib/librexx.so.4	/home/moritz/dev/repos/ooRexx/interpreter/execution/ActivationStack.cpp	ActivationFrameBuffer::ActivationFrameBuffer(unsigned long)
21	ELSE	/home/moritz/dev/repos/ooRexx/build/lib/librexx.so.4	/home/moritz/dev/repos/ooRexx/interpreter/parser/InstructionParser.cpp	LanguageParser::nopNew()
21	ELSE	/usr/lib/x86_64-linux-gnu/libc.so.6	./string/../sysdeps/x86_64/multiarch/ifunc-strcasecmp.h	strcasecmp_l
21	ELSE	/usr/lib/x86_64-linux-gnu/libc.so.6	./string/../sysdeps/x86_64/multiarch/ifunc-strcasecmp.h	strcasecmp
21	ELSE	/usr/lib/x86_64-linux-gnu/libc.so.6	./string/../sysdeps/x86_64/multiarch/ifunc-strcasecmp.h	strncasecmp
21	ELSE	/usr/lib/x86_64-linux-gnu/libc.so.6	./string/../sysdeps/x86_64/multiarch/ifunc-strcasecmp.h	strncasecmp_l
21	ELSE	/usr/lib/x86_64-linux-gnu/libc.so.6	./string/../sysdeps/x86_64/multiarch/strncmp.c	strncmp
21	LIBC	/usr/lib/x86_64-linux-gnu/libc.so.6	./debug/../sysdeps/x86_64/multiarch/ifunc-memmove.h	__mempcpy_chk
21	LIBC	/usr/lib/x86_64-linux-gnu/libc.so.6	./debug/../sysdeps/x86_64/multiarch/ifunc-memmove.h	__memcpy_chk
21	LIBC	/usr/lib/x86_64-linux-gnu/libc.so.6	./debug/../sysdeps/x86_64/multiarch/ifunc-memmove.h	__memmove_chk
21	ELSE	/usr/lib/x86_64-linux-gnu/libc.so.6	???	__popcountdi2
21	ELSE	/home/moritz/dev/repos/ooRexx/build/lib/librexx.so.4	/home/moritz/dev/repos/ooRexx/common/platform/unix/SysProcess.cpp	SysProcess::getUserID(char*)
21	ELSE	/usr/lib/x86_64-linux-gnu/libc.so.6	./string/../sysdeps/x86_64/multiarch/ifunc-memmove.h	mempcpy
21	ELSE	/usr/lib/x86_64-linux-gnu/ld-linux-x86-64.so.2	./elf/./elf/dl-audit.c	_dl_audit_activity_nsid
20	ELSE	/usr/lib/x86_64-linux-gnu/libstdc++.so.6.0.36	/build/reproducible-path/gcc-16-16.2.0/build/x86_64-linux-gnu/libstdc++-v3/include/x86_64-linux-gnu/bits/messages_members.h	std::__cxx11::messages<char>::messages(unsigned long)
20	ELSE	/usr/lib/x86_64-linux-gnu/libstdc++.so.6.0.36	/build/reproducible-path/gcc-16-16.2.0/build/x86_64-linux-gnu/libstdc++-v3/include/x86_64-linux-gnu/bits/messages_members.h	std::messages<char>::messages(unsigned long)
20	ELSE	/usr/lib/x86_64-linux-gnu/libstdc++.so.6.0.36	/build/reproducible-path/gcc-16-16.2.0/build/x86_64-linux-gnu/libstdc++-v3/include/x86_64-linux-gnu/bits/messages_members.h	std::__cxx11::messages<wchar_t>::messages(unsigned long)
20	ELSE	/usr/lib/x86_64-linux-gnu/libstdc++.so.6.0.36	/build/reproducible-path/gcc-16-16.2.0/build/x86_64-linux-gnu/libstdc++-v3/include/x86_64-linux-gnu/bits/messages_members.h	std::messages<wchar_t>::messages(unsigned long)
20	ELSE	/usr/lib/x86_64-linux-gnu/libstdc++.so.6.0.36	/build/reproducible-path/gcc-16-16.2.0/build/x86_64-linux-gnu/libstdc++-v3/libsupc++/../../../../src/libstdc++-v3/libsupc++/eh_globals.cc	__cxa_get_globals
20	ELSE	/usr/lib/x86_64-linux-gnu/libstdc++.so.6.0.36	/build/reproducible-path/gcc-16-16.2.0/build/x86_64-linux-gnu/libstdc++-v3/include/ext/stdio_sync_filebuf.h	__gnu_cxx::stdio_sync_filebuf<wchar_t, std::char_traits<wchar_t> >::sync()
20	ELSE	/home/moritz/dev/repos/ooRexx/build/lib/librexx.so.4	/home/moritz/dev/repos/ooRexx/interpreter/platform/unix/SystemInterpreter.cpp	SystemInterpreter::terminateInterpreter()
20	ELSE	/usr/lib/x86_64-linux-gnu/libc.so.6	./string/../sysdeps/x86_64/multiarch/ifunc-strncpy.h	stpncpy
20	ELSE	/usr/lib/x86_64-linux-gnu/libc.so.6	./string/../sysdeps/x86_64/multiarch/ifunc-strncpy.h	strncat
20	ELSE	/usr/lib/x86_64-linux-gnu/libc.so.6	./misc/../sysdeps/unix/sysv/linux/getpagesize.c	getpagesize
20	ELSE	/home/moritz/dev/repos/ooRexx/build/lib/librexx.so.4	/home/moritz/dev/repos/ooRexx/interpreter/memory/MemorySegment.cpp	LargeSegmentSet::findObject(unsigned long)
20	MACH	/home/moritz/dev/repos/ooRexx/build/lib/librexx.so.4	/home/moritz/dev/repos/ooRexx/interpreter/concurrency/Activity.cpp	Activity::threadIdMethod()
20	GC	/home/moritz/dev/repos/ooRexx/build/lib/librexx.so.4	/home/moritz/dev/repos/ooRexx/interpreter/execution/TrapHandler.cpp	TrapHandler::operator new(unsigned long)
20	ELSE	/usr/lib/x86_64-linux-gnu/libc.so.6	./time/../sysdeps/unix/sysv/linux/time.c	time_syscall
20	ELSE	/usr/lib/x86_64-linux-gnu/ld-linux-x86-64.so.2	./elf/./elf/dl-debug.c	_dl_debug_initialize
19	ELSE	/usr/lib/x86_64-linux-gnu/libstdc++.so.6.0.36	/build/reproducible-path/gcc-16-16.2.0/build/x86_64-linux-gnu/libstdc++-v3/src/c++98/../../../../../src/libstdc++-v3/src/c++98/globals_io.cc	_GLOBAL__sub_I.00090_globals_io.cc
19	ELSE	/home/moritz/dev/repos/ooRexx/build/lib/librexx.so.4	/home/moritz/dev/repos/ooRexx/interpreter/memory/MemorySegment.hpp	SingleObjectSegmentSet::SingleObjectSegmentSet(MemoryObject*)
19	ELSE	/home/moritz/dev/repos/ooRexx/build/lib/librexx.so.4	/home/moritz/dev/repos/ooRexx/interpreter/classes/ObjectClass.hpp	RexxInternalObject::requiresUninit()
19	ELSE	/usr/lib/x86_64-linux-gnu/libc.so.6	./libio/./libio/fseek.c	fseek
19	ELSE	/usr/lib/x86_64-linux-gnu/libc.so.6	/build/reproducible-path/glibc-2.43/setjmp/../sysdeps/x86_64/setjmp.S	__sigsetjmp
19	ELSE	/usr/lib/x86_64-linux-gnu/libc.so.6	./wcsmbs/../sysdeps/x86_64/multiarch/ifunc-wcslen.h	wcsnlen
19	ELSE	/usr/lib/x86_64-linux-gnu/libc.so.6	./wcsmbs/../sysdeps/x86_64/multiarch/ifunc-wcslen.h	wcslen
19	ELSE	/home/moritz/dev/repos/ooRexx/build/lib/librexx.so.4	/home/moritz/dev/repos/ooRexx/common/platform/unix/SysFile.cpp	SysFile::setStdOut()
19	ELSE	/usr/lib/x86_64-linux-gnu/ld-linux-x86-64.so.2	./elf/./elf/dl-catch.c	_dl_receive_error
19	ELSE	/usr/lib/x86_64-linux-gnu/ld-linux-x86-64.so.2	./elf/../elf/dl-tls.c	allocate_dtv
18	ELSE	/usr/lib/x86_64-linux-gnu/libm.so.6	./math/../sysdeps/x86_64/fpu/multiarch/ifunc-fma.h	expf@@GLIBC_2.27
18	ELSE	/home/moritz/dev/repos/ooRexx/build/lib/librexx.so.4	/home/moritz/dev/repos/ooRexx/interpreter/classes/ObjectClass.cpp	RexxInternalObject::copy()
18	ELSE	/home/moritz/dev/repos/ooRexx/build/lib/librexx.so.4	/home/moritz/dev/repos/ooRexx/interpreter/execution/NativeActivation.cpp	NativeActivation::clearLocalReferences()
18	ELSE	/usr/lib/x86_64-linux-gnu/libc.so.6	./string/../sysdeps/x86_64/multiarch/ifunc-strcpy.h	strcat
18	ELSE	/usr/lib/x86_64-linux-gnu/libc.so.6	./string/../sysdeps/x86_64/multiarch/ifunc-strcpy.h	stpcpy
18	ELSE	/usr/lib/x86_64-linux-gnu/libc.so.6	./string/../sysdeps/x86_64/multiarch/ifunc-strcpy.h	strcpy
18	ELSE	/usr/lib/x86_64-linux-gnu/libc.so.6	./socket/../sysdeps/unix/sysv/linux/recv.c	recv
18	ELSE	/home/moritz/dev/repos/ooRexx/build/lib/librexx.so.4	/home/moritz/dev/repos/ooRexx/interpreter/memory/MemorySegment.hpp	LargeSegmentSet::suggestMemoryExpansion()
18	ELSE	/home/moritz/dev/repos/ooRexx/build/lib/librexx.so.4	/home/moritz/dev/repos/ooRexx/interpreter/expression/SpecialDotVariable.cpp	SpecialDotVariable::SpecialDotVariable(RexxString*, RexxObject*)
17	ELSE	/usr/lib/x86_64-linux-gnu/libstdc++.so.6.0.36	/build/reproducible-path/gcc-16-16.2.0/build/x86_64-linux-gnu/libstdc++-v3/src/c++98/../../../../../src/libstdc++-v3/src/c++98/codecvt.cc	std::codecvt<char, char, __mbstate_t>::codecvt(unsigned long)
17	ELSE	/usr/lib/x86_64-linux-gnu/libstdc++.so.6.0.36	/build/reproducible-path/gcc-16-16.2.0/build/x86_64-linux-gnu/libstdc++-v3/src/c++98/../../../../../src/libstdc++-v3/src/c++98/codecvt.cc	std::codecvt<wchar_t, char, __mbstate_t>::codecvt(unsigned long)
17	ELSE	/home/moritz/dev/repos/ooRexx/build/lib/librexx.so.4	/home/moritz/dev/repos/ooRexx/interpreter/runtime/Interpreter.cpp	Interpreter::init()
17	ELSE	/home/moritz/dev/repos/ooRexx/build/lib/librexx.so.4	/home/moritz/dev/repos/ooRexx/interpreter/classes/RoutineClass.cpp	RoutineClass::runProgram(Activity*, RexxObject**, unsigned long, ProtectedObject&)
17	ELSE	/usr/lib/x86_64-linux-gnu/libc.so.6	./misc/./misc/tsearch.c	tfind
17	ELSE	/usr/lib/x86_64-linux-gnu/libc.so.6	./wcsmbs/../sysdeps/x86_64/multiarch/ifunc-wcs.h	wcsncpy
17	ELSE	/usr/lib/x86_64-linux-gnu/libc.so.6	./wcsmbs/../sysdeps/x86_64/multiarch/ifunc-wcs.h	wcpncpy
17	ELSE	/usr/lib/x86_64-linux-gnu/libc.so.6	./wcsmbs/../sysdeps/x86_64/multiarch/ifunc-wcs.h	wcscat
16	ELSE	/usr/lib/x86_64-linux-gnu/libstdc++.so.6.0.36	/build/reproducible-path/gcc-16-16.2.0/build/x86_64-linux-gnu/libstdc++-v3/src/c++11/ctype_members.cc	std::ctype<wchar_t>::do_widen(char) const
16	ELSE	/home/moritz/dev/repos/ooRexx/build/lib/librexx.so.4	/home/moritz/dev/repos/ooRexx/interpreter/parser/LanguageParser.cpp	LanguageParser::compileSource()
16	ELSE	/home/moritz/dev/repos/ooRexx/build/lib/librexx.so.4	/home/moritz/dev/repos/ooRexx/interpreter/platform/unix/SysActivity.cpp	SysActivity::queryThreadID()
16	ELSE	/home/moritz/dev/repos/ooRexx/build/lib/librexx.so.4	/home/moritz/dev/repos/ooRexx/interpreter/platform/unix/MemorySupport.cpp	SystemInterpreter::allocateSegmentMemory(unsigned long)
16	ELSE	/usr/lib/x86_64-linux-gnu/libc.so.6	./libio/./libio/iofopen.c	fopen@@GLIBC_2.2.5
16	ELSE	/usr/lib/x86_64-linux-gnu/libc.so.6	./wcsmbs/../sysdeps/x86_64/multiarch/wcscpy.c	wcscpy
16	ELSE	/usr/lib/x86_64-linux-gnu/libc.so.6	./stdlib/./stdlib/cxa_atexit.c	__cxa_atexit
16	ELSE	/usr/lib/x86_64-linux-gnu/libc.so.6	./misc/../sysdeps/unix/sysv/linux/brk_call.h	brk
16	MACH	/home/moritz/dev/repos/ooRexx/build/lib/librexx.so.4	/home/moritz/dev/repos/ooRexx/interpreter/concurrency/Activity.cpp	Activity::setupExits()
16	ELSE	/home/moritz/dev/repos/ooRexx/build/lib/librexx.so.4	/home/moritz/dev/repos/ooRexx/interpreter/classes/support/RexxDateTime.cpp	RexxDateTime::RexxDateTime(long, long, long, long, long, long, long)
16	ELSE	/usr/lib/x86_64-linux-gnu/libc.so.6	./libio/./libio/fileops.c	_IO_file_stat
16	ELSE	/usr/lib/x86_64-linux-gnu/libc.so.6	./libio/./libio/fileops.c	_IO_file_close
16	ELSE	/usr/lib/x86_64-linux-gnu/libc.so.6	./ctype/./ctype/ctype-info.c	__ctype_init
16	GC	/home/moritz/dev/repos/ooRexx/build/lib/librexx.so.4	/home/moritz/dev/repos/ooRexx/interpreter/memory/RexxMemory.cpp	MemoryObject::temporaryObject(unsigned long)
16	ELSE	/usr/lib/x86_64-linux-gnu/libc.so.6	./csu/./csu/init-first.c	_init_first
16	ELSE	/usr/lib/x86_64-linux-gnu/libc.so.6	./malloc/./malloc/morecore.c	__glibc_morecore
16	ELSE	/usr/lib/x86_64-linux-gnu/ld-linux-x86-64.so.2	./elf/../sysdeps/nptl/dl-tls_init_tp.c	__tls_pre_init_tp
16	ELSE	/usr/lib/x86_64-linux-gnu/ld-linux-x86-64.so.2	./elf/./elf/dl-debug.c	_dl_debug_change_state
15	ELSE	/home/moritz/dev/repos/ooRexx/build/lib/librexxapi.so.4	/home/moritz/dev/repos/ooRexx/rexxapi/client/LocalQueueManager.cpp	LocalQueueManager::initializeLocal(LocalAPIManager*)
15	ELSE	/usr/lib/x86_64-linux-gnu/libstdc++.so.6.0.36	/build/reproducible-path/gcc-16-16.2.0/build/x86_64-linux-gnu/libstdc++-v3/include/bits/ostream.tcc	std::ostream::sentry::sentry(std::ostream&)'2
15	ELSE	/usr/lib/x86_64-linux-gnu/libstdc++.so.6.0.36	/build/reproducible-path/gcc-16-16.2.0/build/x86_64-linux-gnu/libstdc++-v3/include/bits/ostream.tcc	std::basic_ostream<wchar_t, std::char_traits<wchar_t> >::sentry::sentry(std::basic_ostream<wchar_t, std::char_traits<wchar_t> >&)'2
15	ELSE	/usr/lib/x86_64-linux-gnu/libstdc++.so.6.0.36	/build/reproducible-path/gcc-16-16.2.0/build/x86_64-linux-gnu/libstdc++-v3/src/c++98/c++locale.cc	std::locale::facet::_S_create_c_locale(__locale_struct*&, char const*, __locale_struct*)
15	GC	/home/moritz/dev/repos/ooRexx/build/lib/librexx.so.4	/home/moritz/dev/repos/ooRexx/interpreter/runtime/InterpreterInstance.cpp	InterpreterInstance::operator new(unsigned long)
15	ELSE	/home/moritz/dev/repos/ooRexx/build/lib/librexx.so.4	/home/moritz/dev/repos/ooRexx/interpreter/classes/ObjectClass.cpp	RexxInternalObject::requiredNonNegative(unsigned long, long)
15	GC	/home/moritz/dev/repos/ooRexx/build/lib/librexx.so.4	/home/moritz/dev/repos/ooRexx/interpreter/execution/ActivationStack.cpp	ActivationFrameBuffer::operator new(unsigned long, unsigned long)
15	ELSE	/home/moritz/dev/repos/ooRexx/build/lib/librexx.so.4	/home/moritz/dev/repos/ooRexx/interpreter/classes/ArrayClass.hpp	Interpreter::lastInstance()
15	ELSE	/home/moritz/dev/repos/ooRexx/build/lib/librexx.so.4	/home/moritz/dev/repos/ooRexx/interpreter/execution/RexxCode.cpp	RexxCode::RexxCode(PackageClass*, SourceLocation&, RexxInstruction*, StringTable*, unsigned long, unsigned long)
15	GC	/home/moritz/dev/repos/ooRexx/build/lib/librexx.so.4	/home/moritz/dev/repos/ooRexx/interpreter/memory/InternalStack.cpp	InternalStack::operator new(unsigned long, unsigned long)
15	ELSE	/usr/lib/x86_64-linux-gnu/libc.so.6	/build/reproducible-path/glibc-2.43/socket/../sysdeps/unix/syscall-template.S	socket
15	ELSE	/usr/lib/x86_64-linux-gnu/libc.so.6	./stdlib/../sysdeps/unix/sysv/linux/getrandom.c	__getrandom_early_init
15	GC	/home/moritz/dev/repos/ooRexx/build/lib/librexx.so.4	/home/moritz/dev/repos/ooRexx/interpreter/execution/SecurityManager.cpp	SecurityManager::operator new(unsigned long)
15	GC	/home/moritz/dev/repos/ooRexx/build/lib/librexx.so.4	/home/moritz/dev/repos/ooRexx/interpreter/classes/DirectoryClass.cpp	DirectoryClass::operator new(unsigned long)
15	ELSE	/home/moritz/dev/repos/ooRexx/build/lib/librexx.so.4	/usr/include/c++/15/bits/unordered_map.h	std::unordered_map<unsigned long, unsigned int, std::hash<unsigned long>, std::equal_to<unsigned long>, std::allocator<std::pair<unsigned long const, unsigned int> > >::~unordered_map()
15	GC	/home/moritz/dev/repos/ooRexx/build/lib/librexx.so.4	/home/moritz/dev/repos/ooRexx/interpreter/concurrency/Activity.cpp	Activity::operator new(unsigned long)
15	GC	/home/moritz/dev/repos/ooRexx/build/lib/librexx.so.4	/home/moritz/dev/repos/ooRexx/interpreter/expression/SpecialDotVariable.cpp	SpecialDotVariable::operator new(unsigned long)
15	ARITH	/home/moritz/dev/repos/ooRexx/build/lib/librexx.so.4	/home/moritz/dev/repos/ooRexx/interpreter/classes/NumberStringClass.cpp	NumberString::minus(RexxObject*)
15	ELSE	/home/moritz/dev/repos/ooRexx/build/lib/librexx.so.4	/home/moritz/dev/repos/ooRexx/common/platform/unix/SysFile.cpp	SysFile::setStdErr()
15	GC	/home/moritz/dev/repos/ooRexx/build/lib/librexx.so.4	/home/moritz/dev/repos/ooRexx/interpreter/memory/RexxMemory.cpp	MemoryObject::newLargeSegment(unsigned long, unsigned long)
15	GC	/home/moritz/dev/repos/ooRexx/build/lib/librexx.so.4	/home/moritz/dev/repos/ooRexx/interpreter/memory/RexxMemory.cpp	MemoryObject::addUninitObject(RexxInternalObject*)
15	ELSE	/usr/lib/x86_64-linux-gnu/libc.so.6	/build/reproducible-path/glibc-2.43/posix/../sysdeps/unix/syscall-template.S	getpid
15	ELSE	/usr/lib/x86_64-linux-gnu/ld-linux-x86-64.so.2	???	0x000000000001dd80
14	ELSE	/usr/lib/x86_64-linux-gnu/libstdc++.so.6.0.36	/build/reproducible-path/gcc-16-16.2.0/build/x86_64-linux-gnu/libstdc++-v3/src/c++98/../../../../../src/libstdc++-v3/src/c++98/list.cc	std::__detail::_List_node_base::_M_hook(std::__detail::_List_node_base*)
14	ELSE	/home/moritz/dev/repos/ooRexx/build/lib/librexx.so.4	/home/moritz/dev/repos/ooRexx/interpreter/instructions/DoInstruction.hpp	RexxInstructionBaseLoop::getEndStyle()
14	GC	/home/moritz/dev/repos/ooRexx/build/lib/librexx.so.4	/home/moritz/dev/repos/ooRexx/interpreter/classes/IdentityTableClass.cpp	IdentityTable::operator new(unsigned long)
14	ELSE	/home/moritz/dev/repos/ooRexx/build/lib/librexx.so.4	/home/moritz/dev/repos/ooRexx/interpreter/classes/support/HashCollection.cpp	IdentityHashCollection::IdentityHashCollection(unsigned long)
14	ELSE	/home/moritz/dev/repos/ooRexx/build/lib/librexx.so.4	/home/moritz/dev/repos/ooRexx/interpreter/instructions/RexxInstruction.hpp	RexxInstruction::isBlock()
14	ELSE	/home/moritz/dev/repos/ooRexx/build/lib/librexx.so.4	/home/moritz/dev/repos/ooRexx/interpreter/classes/support/HashContents.cpp	HashContents::hasIndex(RexxInternalObject*)
14	ELSE	/home/moritz/dev/repos/ooRexx/build/lib/librexx.so.4	/home/moritz/dev/repos/ooRexx/interpreter/classes/ArrayClass.hpp	PackageManager::restore(ArrayClass*)
14	ELSE	/home/moritz/dev/repos/ooRexx/build/lib/librexx.so.4	/home/moritz/dev/repos/ooRexx/interpreter/execution/NativeActivation.cpp	NativeActivation::findRexxContext()'2
14	ELSE	/home/moritz/dev/repos/ooRexx/build/lib/librexx.so.4	/home/moritz/dev/repos/ooRexx/interpreter/package/LibraryPackage.cpp	LibraryPackage::unload()
14	ELSE	/home/moritz/dev/repos/ooRexx/build/lib/librexx.so.4	/home/moritz/dev/repos/ooRexx/interpreter/instructions/TraceInstruction.cpp	RexxInstructionTrace::RexxInstructionTrace(RexxInternalObject*)
14	ELSE	/usr/lib/x86_64-linux-gnu/ld-linux-x86-64.so.2	./elf/./elf/rtld.c	map_doit
13	ELSE	/home/moritz/dev/repos/ooRexx/build/lib/librexxapi.so.4	???	0x000000000000b960
13	ELSE	/usr/lib/x86_64-linux-gnu/libm.so.6	???	0x00000000000125e0
13	ELSE	/usr/libexec/valgrind/vgpreload_core-amd64-linux.so	???	0x00000000000010c0
13	ELSE	/usr/lib/x86_64-linux-gnu/libstdc++.so.6.0.36	???	0x00000000000ba160
13	ELSE	/home/moritz/dev/repos/ooRexx/build/lib/librexx.so.4	/usr/include/c++/15/bits/hashtable.h	_GLOBAL__sub_I_Activity.cpp
13	ELSE	/home/moritz/dev/repos/ooRexx/build/lib/librexx.so.4	/home/moritz/dev/repos/ooRexx/interpreter/api/ThreadContextStubs.cpp	GetLocalEnvironment
13	ELSE	/home/moritz/dev/repos/ooRexx/build/lib/librexx.so.4	???	0x00000000000f4710
13	PARSE	/home/moritz/dev/repos/ooRexx/build/lib/librexx.so.4	/home/moritz/dev/repos/ooRexx/interpreter/instructions/ParseTarget.cpp	RexxTarget::absolute(unsigned long)
13	ELSE	/home/moritz/dev/repos/ooRexx/build/lib/librexx.so.4	/home/moritz/dev/repos/ooRexx/interpreter/classes/PackageClass.cpp	PackageClass::setup()
13	ELSE	/usr/lib/x86_64-linux-gnu/libgcc_s.so.1	???	0x0000000000005940
13	ELSE	/home/moritz/dev/repos/ooRexx/build/bin/rexx	???	0x0000000000001730
12	ELSE	/home/moritz/dev/repos/ooRexx/build/lib/librexxapi.so.4	???	0x000000000000b9a0
12	ELSE	/home/moritz/dev/repos/ooRexx/build/lib/librexxapi.so.4	/home/moritz/dev/repos/ooRexx/rexxapi/client/LocalAPIContext.cpp	LocalAPIContext::getAPIManager()
12	ELSE	/usr/lib/x86_64-linux-gnu/libm.so.6	???	0x0000000000012620
12	ELSE	/usr/libexec/valgrind/vgpreload_core-amd64-linux.so	???	0x0000000000001100
12	ELSE	/usr/lib/x86_64-linux-gnu/libstdc++.so.6.0.36	???	0x00000000000ba1a0
12	ELSE	/usr/lib/x86_64-linux-gnu/libstdc++.so.6.0.36	/build/reproducible-path/gcc-16-16.2.0/build/x86_64-linux-gnu/libstdc++-v3/src/c++98/../../../../../src/libstdc++-v3/src/c++98/list.cc	std::__detail::_List_node_base::_M_unhook()
12	ELSE	/usr/lib/x86_64-linux-gnu/libstdc++.so.6.0.36	/build/reproducible-path/gcc-16-16.2.0/build/x86_64-linux-gnu/libstdc++-v3/src/../../../../src/libstdc++-v3/src/c++11/compatibility-thread-c++0x.cc	_GLOBAL__sub_I_compatibility_thread_c__0x.cc
12	ELSE	/usr/lib/x86_64-linux-gnu/libstdc++.so.6.0.36	/build/reproducible-path/gcc-16-16.2.0/build/x86_64-linux-gnu/libstdc++-v3/src/c++98/../../../../../src/libstdc++-v3/src/c++98/locale.cc	std::locale::facet::_S_initialize_once()
12	GC	/home/moritz/dev/repos/ooRexx/build/lib/librexx.so.4	/home/moritz/dev/repos/ooRexx/interpreter/memory/MapBucket.cpp	MapBucket::operator new(unsigned long, unsigned long)
12	ELSE	/home/moritz/dev/repos/ooRexx/build/lib/librexx.so.4	/home/moritz/dev/repos/ooRexx/interpreter/runtime/InterpreterInstance.cpp	InterpreterInstance::processOptions(RexxOption*)
12	ELSE	/usr/lib/x86_64-linux-gnu/libc.so.6	./libio/./libio/fileno.c	fileno
12	ELSE	/home/moritz/dev/repos/ooRexx/build/lib/librexx.so.4	/home/moritz/dev/repos/ooRexx/interpreter/api/InterpreterAPI.cpp	RexxCreateInterpreter
12	VCMP	/home/moritz/dev/repos/ooRexx/build/lib/librexx.so.4	/home/moritz/dev/repos/ooRexx/interpreter/expression/ExpressionStem.cpp	RexxStemVariable::RexxStemVariable(RexxString*, unsigned long)
12	ELSE	/home/moritz/dev/repos/ooRexx/build/lib/librexx.so.4	???	0x00000000000f4750
12	MACH	/home/moritz/dev/repos/ooRexx/build/lib/librexx.so.4	/home/moritz/dev/repos/ooRexx/interpreter/concurrency/Activity.cpp	Activity::initializeThreadContext()
12	ELSE	/home/moritz/dev/repos/ooRexx/build/lib/librexx.so.4	/home/moritz/dev/repos/ooRexx/interpreter/classes/ObjectClass.hpp	NormalSegmentSet::addDeadObject(DeadObject*)
12	ELSE	/home/moritz/dev/repos/ooRexx/build/lib/librexx.so.4	/home/moritz/dev/repos/ooRexx/interpreter/classes/ObjectClass.hpp	RexxInternalObject::getHashValue()
12	ELSE	/home/moritz/dev/repos/ooRexx/build/lib/librexx.so.4	/home/moritz/dev/repos/ooRexx/interpreter/classes/PackageClass.cpp	_GLOBAL__sub_I_PackageClass.cpp
12	ELSE	/usr/lib/x86_64-linux-gnu/ld-linux-x86-64.so.2	./elf/./elf/dl-execstack-tunable.c	_dl_handle_execstack_tunable
12	ELSE	/usr/lib/x86_64-linux-gnu/ld-linux-x86-64.so.2	./io/../sysdeps/unix/sysv/linux/pread64_nocancel.c	__pread64_nocancel
12	ELSE	/usr/lib/x86_64-linux-gnu/libgcc_s.so.1	???	0x0000000000005980
12	ELSE	/home/moritz/dev/repos/ooRexx/build/bin/rexx	???	0x0000000000001770
11	ELSE	/home/moritz/dev/repos/ooRexx/build/lib/librexxapi.so.4	/home/moritz/dev/repos/ooRexx/rexxapi/client/platform/unix/SysLocalAPIManager.cpp	SysLocalAPIManager::getActiveSessionQueue(unsigned long&)
11	ELSE	/home/moritz/dev/repos/ooRexx/build/lib/librexx.so.4	/home/moritz/dev/repos/ooRexx/interpreter/parser/ProgramSource.cpp	BufferProgramSource::getBuffer(char const*&, unsigned long&)
11	ELSE	/home/moritz/dev/repos/ooRexx/build/lib/librexx.so.4	/home/moritz/dev/repos/ooRexx/interpreter/instructions/SignalInstruction.cpp	RexxInstructionSignalOn::resolve(StringTable*)
11	ELSE	/usr/lib/x86_64-linux-gnu/libc.so.6	./io/../sysdeps/unix/sysv/linux/close.c	close
11	ELSE	/usr/lib/x86_64-linux-gnu/libc.so.6	./stdlib/./stdlib/cxa_thread_atexit_impl.c	__call_tls_dtors
11	MACH	/home/moritz/dev/repos/ooRexx/build/lib/librexx.so.4	/home/moritz/dev/repos/ooRexx/interpreter/concurrency/Activity.cpp	Activity::unwindToDepth(unsigned long)
11	ELSE	/home/moritz/dev/repos/ooRexx/build/lib/librexx.so.4	/home/moritz/dev/repos/ooRexx/interpreter/api/InterpreterInstanceStubs.cpp	Terminate
11	ELSE	/usr/lib/x86_64-linux-gnu/libc.so.6	./libio/./libio/vtables.c	check_stdfiles_vtables
11	ELSE	/usr/lib/x86_64-linux-gnu/ld-linux-x86-64.so.2	./elf/./elf/dl-cache.c	_dl_unload_cache
11	ELSE	/usr/lib/x86_64-linux-gnu/ld-linux-x86-64.so.2	./elf/./elf/dl-sort-maps.c	_dl_sort_maps_init
11	ELSE	/home/moritz/dev/repos/ooRexx/build/bin/rexx	???	(below main)
10	ELSE	/home/moritz/dev/repos/ooRexx/build/lib/librexxapi.so.4	/home/moritz/dev/repos/ooRexx/rexxapi/client/QueuesAPI.cpp	RexxDeleteSessionQueue
10	ELSE	/home/moritz/dev/repos/ooRexx/build/lib/librexxapi.so.4	/home/moritz/dev/repos/ooRexx/rexxapi/client/LocalRegistrationManager.cpp	LocalRegistrationManager::LocalRegistrationManager()
10	ELSE	/usr/lib/x86_64-linux-gnu/libstdc++.so.6.0.36	/build/reproducible-path/gcc-16-16.2.0/build/x86_64-linux-gnu/libstdc++-v3/src/../../../../src/libstdc++-v3/src/c++11/compatibility-c++0x.cc	std::error_category::error_category()
10	ELSE	/home/moritz/dev/repos/ooRexx/build/lib/librexx.so.4	/home/moritz/dev/repos/ooRexx/interpreter/instructions/DoInstruction.hpp	RexxInstructionSimpleDo::getEndStyle()
10	ELSE	/home/moritz/dev/repos/ooRexx/build/lib/librexx.so.4	/home/moritz/dev/repos/ooRexx/interpreter/classes/support/HashCollection.cpp	HashCollection::hasIndex(RexxInternalObject*)
10	ELSE	/home/moritz/dev/repos/ooRexx/build/lib/librexx.so.4	/home/moritz/dev/repos/ooRexx/interpreter/platform/unix/SystemInitialization.cpp	_rexx_init()
10	ELSE	/home/moritz/dev/repos/ooRexx/build/lib/librexx.so.4	/home/moritz/dev/repos/ooRexx/interpreter/platform/unix/SystemInitialization.cpp	_rexx_fini()
10	ELSE	/home/moritz/dev/repos/ooRexx/build/lib/librexx.so.4	/home/moritz/dev/repos/ooRexx/interpreter/instructions/SimpleDoInstruction.cpp	RexxInstructionSimpleDo::RexxInstructionSimpleDo(RexxString*)
10	GC	/home/moritz/dev/repos/ooRexx/build/lib/librexx.so.4	/home/moritz/dev/repos/ooRexx/interpreter/memory/MemoryStack.cpp	PushThroughStack::operator new(unsigned long, unsigned long)
10	ELSE	/home/moritz/dev/repos/ooRexx/build/lib/librexx.so.4	/home/moritz/dev/repos/ooRexx/interpreter/instructions/LeaveInstruction.cpp	RexxInstructionLeave::RexxInstructionLeave(RexxString*)
10	ELSE	/home/moritz/dev/repos/ooRexx/build/lib/librexx.so.4	/home/moritz/dev/repos/ooRexx/interpreter/memory/MemorySegment.cpp	LargeSegmentSet::addDeadObject(DeadObject*)
10	VCMP	/home/moritz/dev/repos/ooRexx/build/lib/librexx.so.4	/home/moritz/dev/repos/ooRexx/interpreter/expression/ExpressionStem.cpp	RexxStemVariable::operator new(unsigned long)
10	ELSE	/home/moritz/dev/repos/ooRexx/build/lib/librexx.so.4	/home/moritz/dev/repos/ooRexx/interpreter/classes/StringClassMisc.cpp	RexxString::isSymbol()
10	GC	/home/moritz/dev/repos/ooRexx/build/lib/librexx.so.4	/home/moritz/dev/repos/ooRexx/interpreter/memory/MapTable.cpp	MapTable::operator new(unsigned long)
10	ELSE	/home/moritz/dev/repos/ooRexx/build/lib/librexx.so.4	/home/moritz/dev/repos/ooRexx/interpreter/classes/QueueClass.cpp	QueueClass::remove(unsigned long)
10	GC	/home/moritz/dev/repos/ooRexx/build/lib/librexx.so.4	/home/moritz/dev/repos/ooRexx/interpreter/memory/RexxMemory.cpp	MemoryObject::lastChanceUninit()
10	ELSE	/usr/lib/x86_64-linux-gnu/ld-linux-x86-64.so.2	./elf/./elf/rtld.c	version_check_doit
10	ELSE	/usr/lib/x86_64-linux-gnu/ld-linux-x86-64.so.2	./elf/../misc/sbrk.c	sbrk
9	ELSE	/home/moritz/dev/repos/ooRexx/build/lib/librexxapi.so.4	/home/moritz/dev/repos/ooRexx/rexxapi/client/LocalAPIManager.cpp	_GLOBAL__sub_I_LocalAPIManager.cpp
9	ELSE	/usr/lib/x86_64-linux-gnu/libm.so.6	./math/../sysdeps/x86_64/fpu/multiarch/ifunc-fma.h	log2f@@GLIBC_2.27
9	ELSE	/usr/lib/x86_64-linux-gnu/libm.so.6	./math/../sysdeps/x86_64/fpu/multiarch/ifunc-fma.h	cosf
9	ELSE	/usr/lib/x86_64-linux-gnu/libm.so.6	./math/../sysdeps/x86_64/fpu/multiarch/ifunc-fma.h	logf@@GLIBC_2.27
9	ELSE	/usr/lib/x86_64-linux-gnu/libm.so.6	./math/../sysdeps/x86_64/fpu/multiarch/ifunc-fma.h	__log1p
9	ELSE	/usr/lib/x86_64-linux-gnu/libm.so.6	./math/../sysdeps/x86_64/fpu/multiarch/ifunc-fma.h	expm1
9	ELSE	/usr/lib/x86_64-linux-gnu/libm.so.6	./math/../sysdeps/x86_64/fpu/multiarch/ifunc-fma.h	powf@@GLIBC_2.27
9	ELSE	/usr/lib/x86_64-linux-gnu/libm.so.6	./math/../sysdeps/x86_64/fpu/multiarch/ifunc-fma.h	log2@@GLIBC_2.29
9	ELSE	/usr/lib/x86_64-linux-gnu/libm.so.6	./math/../sysdeps/x86_64/fpu/multiarch/ifunc-fma.h	sincosf
9	ELSE	/usr/lib/x86_64-linux-gnu/libm.so.6	./math/../sysdeps/x86_64/fpu/multiarch/ifunc-fma.h	__sinh_finite@GLIBC_2.15
9	ELSE	/usr/lib/x86_64-linux-gnu/libm.so.6	./math/../sysdeps/x86_64/fpu/multiarch/ifunc-fma.h	__atanh_finite@GLIBC_2.15
9	ELSE	/usr/lib/x86_64-linux-gnu/libm.so.6	./math/../sysdeps/x86_64/fpu/multiarch/ifunc-fma.h	sinf
9	ELSE	/usr/lib/x86_64-linux-gnu/libm.so.6	./math/../sysdeps/x86_64/fpu/multiarch/ifunc-fma.h	exp2f@@GLIBC_2.27
9	ELSE	/usr/lib/x86_64-linux-gnu/libstdc++.so.6.0.36	/build/reproducible-path/gcc-16-16.2.0/build/x86_64-linux-gnu/libstdc++-v3/src/../../../../src/libstdc++-v3/src/c++11/compatibility-c++0x.cc	std::(anonymous namespace)::system_error_category::~system_error_category()
9	ELSE	/home/moritz/dev/repos/ooRexx/build/lib/librexx.so.4	/home/moritz/dev/repos/ooRexx/interpreter/concurrency/ActivityManager.cpp	ActivityManager::handleNestedActivity(Activity*, Activity*)
9	ELSE	/home/moritz/dev/repos/ooRexx/build/lib/librexx.so.4	/home/moritz/dev/repos/ooRexx/common/BitSet.hpp	_GLOBAL__sub_I_TraceSetting.cpp
9	ELSE	/home/moritz/dev/repos/ooRexx/build/lib/librexx.so.4	/home/moritz/dev/repos/ooRexx/interpreter/classes/StringClassUtil.cpp	nonNegativeArgument(RexxObject*, unsigned long)
9	ELSE	/home/moritz/dev/repos/ooRexx/build/lib/librexx.so.4	/home/moritz/dev/repos/ooRexx/common/platform/unix/SysSemaphore.cpp	SysMutex::SysMutex(bool, bool)
9	ELSE	/home/moritz/dev/repos/ooRexx/build/lib/librexx.so.4	/home/moritz/dev/repos/ooRexx/interpreter/streamLibrary/StreamNative.hpp	std_set_impl(RexxMethodContext_*, void*)
9	ELSE	/home/moritz/dev/repos/ooRexx/build/lib/librexx.so.4	/home/moritz/dev/repos/ooRexx/interpreter/behaviour/RexxBehaviour.hpp	RexxInternalObject::getObjectTypeNumber()
9	ELSE	/home/moritz/dev/repos/ooRexx/build/lib/librexx.so.4	/home/moritz/dev/repos/ooRexx/interpreter/platform/unix/SystemCommands.cpp	SystemInterpreter::getDefaultAddressName()
9	ELSE	/usr/lib/x86_64-linux-gnu/ld-linux-x86-64.so.2	./elf/./elf/dl-minimal.c	__rtld_malloc_init_stubs
9	ELSE	/usr/lib/x86_64-linux-gnu/libgcc_s.so.1	/build/reproducible-path/gcc-16-16.2.0/build/x86_64-linux-gnu/libgcc/../../../src/libgcc/unwind-dw2-fde.c	release_registered_frames
8	ELSE	/home/moritz/dev/repos/ooRexx/build/lib/librexxapi.so.4	/home/moritz/dev/repos/ooRexx/rexxapi/client/LocalQueueManager.cpp	LocalQueueManager::LocalQueueManager()
8	ELSE	/usr/lib/x86_64-linux-gnu/libm.so.6	./math/../sysdeps/x86_64/fpu/multiarch/ifunc-avx-fma4.h	__atan2_finite@GLIBC_2.15
8	ELSE	/usr/lib/x86_64-linux-gnu/libm.so.6	./math/../sysdeps/x86_64/fpu/multiarch/ifunc-avx-fma4.h	__exp_finite@GLIBC_2.15
8	ELSE	/usr/lib/x86_64-linux-gnu/libm.so.6	./math/../sysdeps/x86_64/fpu/multiarch/ifunc-avx-fma4.h	__log_finite@GLIBC_2.15
8	ELSE	/usr/lib/x86_64-linux-gnu/libm.so.6	./math/../sysdeps/x86_64/fpu/multiarch/ifunc-avx-fma4.h	cos
8	ELSE	/usr/lib/x86_64-linux-gnu/libm.so.6	./math/../sysdeps/x86_64/fpu/multiarch/ifunc-avx-fma4.h	atan
8	ELSE	/usr/lib/x86_64-linux-gnu/libm.so.6	./math/../sysdeps/x86_64/fpu/multiarch/ifunc-avx-fma4.h	sin
8	ELSE	/usr/lib/x86_64-linux-gnu/libm.so.6	./math/../sysdeps/x86_64/fpu/multiarch/ifunc-avx-fma4.h	tan
8	ELSE	/home/moritz/dev/repos/ooRexx/build/lib/librexx.so.4	/home/moritz/dev/repos/ooRexx/interpreter/instructions/ElseInstruction.cpp	RexxInstructionElse::RexxInstructionElse(RexxToken*)
8	MACH	/home/moritz/dev/repos/ooRexx/build/lib/librexx.so.4	/home/moritz/dev/repos/ooRexx/common/BitSet.hpp	RexxInstructionNop::execute(RexxActivation*, ExpressionStack*)
8	GC	/home/moritz/dev/repos/ooRexx/build/lib/librexx.so.4	/home/moritz/dev/repos/ooRexx/interpreter/memory/MemoryStack.cpp	LiveStack::operator new(unsigned long, unsigned long)
8	ELSE	/home/moritz/dev/repos/ooRexx/build/lib/librexx.so.4	/home/moritz/dev/repos/ooRexx/interpreter/classes/RoutineClass.cpp	RoutineClass::restore(RexxString*, BufferClass*)
8	ELSE	/home/moritz/dev/repos/ooRexx/build/lib/librexx.so.4	/home/moritz/dev/repos/ooRexx/interpreter/platform/unix/SysFileSystem.cpp	SysFileSystem::hasDirectory(char const*)
8	ELSE	/usr/lib/x86_64-linux-gnu/ld-linux-x86-64.so.2	./io/../sysdeps/unix/sysv/linux/access.c	access
7	ELSE	/home/moritz/dev/repos/ooRexx/build/lib/librexxapi.so.4	/home/moritz/dev/repos/ooRexx/rexxapi/common/platform/unix/SysCSStream.hpp	SysLocalSocketConnection::~SysLocalSocketConnection()
7	ELSE	/usr/lib/x86_64-linux-gnu/libm.so.6	./math/../sysdeps/x86_64/fpu/multiarch/ifunc-fma4.h	__asin_finite@GLIBC_2.15
7	ELSE	/usr/lib/x86_64-linux-gnu/libm.so.6	./math/../sysdeps/x86_64/fpu/multiarch/ifunc-fma4.h	__acos_finite@GLIBC_2.15
7	ELSE	/usr/lib/x86_64-linux-gnu/libm.so.6	./math/../sysdeps/x86_64/fpu/multiarch/ifunc-fma4.h	sincos
7	ELSE	/usr/lib/x86_64-linux-gnu/libm.so.6	./math/../sysdeps/x86_64/fpu/multiarch/ifunc-fma4.h	__pow_finite@GLIBC_2.15
7	ELSE	/home/moritz/dev/repos/ooRexx/build/lib/librexx.so.4	/home/moritz/dev/repos/ooRexx/interpreter/parser/LanguageParser.cpp	LanguageParser::LanguageParser(RexxString*, ProgramSource*)
7	ELSE	/home/moritz/dev/repos/ooRexx/build/lib/librexx.so.4	/home/moritz/dev/repos/ooRexx/interpreter/parser/KeywordConstants.cpp	RexxToken::condition()
7	ELSE	/home/moritz/dev/repos/ooRexx/build/lib/librexx.so.4	/home/moritz/dev/repos/ooRexx/interpreter/classes/support/HashCollection.cpp	HashCollection::empty()
7	ELSE	/home/moritz/dev/repos/ooRexx/build/lib/librexx.so.4	/home/moritz/dev/repos/ooRexx/interpreter/concurrency/Activity.hpp	CheckCondition
7	ELSE	/home/moritz/dev/repos/ooRexx/build/lib/librexx.so.4	/home/moritz/dev/repos/ooRexx/interpreter/instructions/AddressInstruction.cpp	RexxInstructionAddress::RexxInstructionAddress(RexxInternalObject*, RexxString*, RexxInternalObject*)
7	ELSE	/home/moritz/dev/repos/ooRexx/build/lib/librexx.so.4	/home/moritz/dev/repos/ooRexx/interpreter/instructions/SignalInstruction.cpp	RexxInstructionSignalOn::RexxInstructionSignalOn(RexxString*, RexxString*)
7	CALLOC	/usr/lib/x86_64-linux-gnu/libc.so.6	./malloc/./malloc/malloc.c	tcache_free_init
7	ELSE	/usr/lib/x86_64-linux-gnu/libc.so.6	./dlfcn/./dlfcn/dladdr.c	dladdr@@GLIBC_2.34
7	ELSE	/usr/lib/x86_64-linux-gnu/libc.so.6	./stdlib/./stdlib/exit.c	exit
7	ELSE	/home/moritz/dev/repos/ooRexx/build/lib/librexx.so.4	/home/moritz/dev/repos/ooRexx/interpreter/memory/MemorySegment.cpp	LargeSegmentSet::allocateSegment(unsigned long, unsigned long)
7	MACH	/home/moritz/dev/repos/ooRexx/build/lib/librexx.so.4	/home/moritz/dev/repos/ooRexx/interpreter/concurrency/Activity.cpp	Activity::resolveProgramName(RexxString*, RexxString*, RexxString*, ResolveType)
7	ELSE	/usr/lib/x86_64-linux-gnu/ld-linux-x86-64.so.2	./elf/../sysdeps/unix/sysv/linux/brk_call.h	brk
6	ELSE	/home/moritz/dev/repos/ooRexx/build/lib/librexxapi.so.4	/home/moritz/dev/repos/ooRexx/rexxapi/client/platform/unix/SysLocalAPIManager.cpp	_rexxapi_fini()
6	ELSE	/usr/lib/x86_64-linux-gnu/libm.so.6	./math/../sysdeps/x86_64/fpu/multiarch/ifunc-sse4_1.h	ceil
6	ELSE	/usr/lib/x86_64-linux-gnu/libm.so.6	./math/../sysdeps/x86_64/fpu/multiarch/ifunc-sse4_1.h	floorf
6	ELSE	/usr/lib/x86_64-linux-gnu/libm.so.6	./math/../sysdeps/x86_64/fpu/multiarch/ifunc-sse4_1.h	ceilf
6	ELSE	/usr/lib/x86_64-linux-gnu/libm.so.6	./math/../sysdeps/x86_64/fpu/multiarch/ifunc-sse4_1.h	roundeven
6	ELSE	/usr/lib/x86_64-linux-gnu/libm.so.6	./math/../sysdeps/x86_64/fpu/multiarch/ifunc-sse4_1.h	trunc
6	ELSE	/usr/lib/x86_64-linux-gnu/libm.so.6	./math/../sysdeps/x86_64/fpu/multiarch/ifunc-sse4_1.h	floor
6	ELSE	/usr/lib/x86_64-linux-gnu/libm.so.6	./math/../sysdeps/x86_64/fpu/multiarch/ifunc-sse4_1.h	roundevenf
6	ELSE	/usr/lib/x86_64-linux-gnu/libm.so.6	./math/../sysdeps/x86_64/fpu/multiarch/ifunc-sse4_1.h	truncf
6	ELSE	/usr/lib/x86_64-linux-gnu/libstdc++.so.6.0.36	/build/reproducible-path/gcc-16-16.2.0/build/x86_64-linux-gnu/libstdc++-v3/src/c++20/../../../../../src/libstdc++-v3/src/c++20/tzdb.cc	_GLOBAL__sub_I.00098_tzdb.cc
6	ELSE	/home/moritz/dev/repos/ooRexx/build/lib/librexx.so.4	/home/moritz/dev/repos/ooRexx/interpreter/platform/unix/SysActivity.cpp	SysActivity::close()
6	ELSE	/home/moritz/dev/repos/ooRexx/build/lib/librexx.so.4	/home/moritz/dev/repos/ooRexx/interpreter/classes/ObjectClass.cpp	RexxObject::makeStringRexx()
6	ELSE	/home/moritz/dev/repos/ooRexx/build/lib/librexx.so.4	/home/moritz/dev/repos/ooRexx/interpreter/classes/ClassClass.cpp	RexxClass::getId()
6	ELSE	/home/moritz/dev/repos/ooRexx/build/lib/librexx.so.4	/home/moritz/dev/repos/ooRexx/interpreter/platform/unix/SystemInterpreter.cpp	SystemInterpreter::processStartup()
6	ELSE	/home/moritz/dev/repos/ooRexx/build/lib/librexx.so.4	/home/moritz/dev/repos/ooRexx/interpreter/parser/ProgramSource.cpp	BufferProgramSource::setup()
6	ELSE	/usr/lib/x86_64-linux-gnu/libc.so.6	./string/../sysdeps/x86_64/multiarch/ifunc-sse4_2.h	strpbrk
6	ELSE	/usr/lib/x86_64-linux-gnu/libc.so.6	./string/../sysdeps/x86_64/multiarch/ifunc-sse4_2.h	strspn
6	ELSE	/usr/lib/x86_64-linux-gnu/libc.so.6	./string/../sysdeps/x86_64/multiarch/ifunc-sse4_2.h	strcspn
6	ELSE	/usr/lib/x86_64-linux-gnu/libc.so.6	./string/./string/strtok.c	strtok
6	ELSE	/usr/lib/x86_64-linux-gnu/libc.so.6	./io/../sysdeps/unix/sysv/linux/close_nocancel_nostatus.c	__close_nocancel_nostatus
6	ELSE	/usr/lib/x86_64-linux-gnu/libc.so.6	./signal/./signal/sigfillset.c	sigfillset
6	GC	/home/moritz/dev/repos/ooRexx/build/lib/librexx.so.4	/home/moritz/dev/repos/ooRexx/interpreter/memory/MemorySegment.cpp	MemorySegmentSet::allocateSegment(unsigned long, unsigned long)
6	ELSE	/home/moritz/dev/repos/ooRexx/build/lib/librexx.so.4	/home/moritz/dev/repos/ooRexx/interpreter/classes/RoutineClass.cpp	RoutineClass::RoutineClass(RexxString*, BaseCode*)
6	ELSE	/home/moritz/dev/repos/ooRexx/build/lib/librexx.so.4	/home/moritz/dev/repos/ooRexx/interpreter/classes/PackageClass.cpp	PackageClass::overridePackageSettings(PackageClass*)
6	ELSE	/home/moritz/dev/repos/ooRexx/build/lib/librexx.so.4	/home/moritz/dev/repos/ooRexx/interpreter/classes/PackageClass.cpp	PackageClass::inheritPackageContext(PackageClass*)
6	ELSE	/home/moritz/dev/repos/ooRexx/build/lib/librexx.so.4	/home/moritz/dev/repos/ooRexx/interpreter/instructions/TraceInstruction.cpp	RexxInstructionTrace::RexxInstructionTrace(TraceSetting)
6	GC	/home/moritz/dev/repos/ooRexx/build/lib/librexx.so.4	/home/moritz/dev/repos/ooRexx/interpreter/memory/RexxMemory.cpp	MemoryObject::allocateImageBuffer(unsigned long)
6	ELSE	/usr/lib/x86_64-linux-gnu/libc.so.6	/build/reproducible-path/glibc-2.43/posix/../sysdeps/unix/syscall-template.S	geteuid
6	ELSE	/usr/lib/x86_64-linux-gnu/libc.so.6	./time/../sysdeps/unix/sysv/linux/time.c	time
6	ELSE	/usr/lib/x86_64-linux-gnu/libc.so.6	./time/../sysdeps/unix/sysv/linux/gettimeofday.c	gettimeofday
6	ELSE	/usr/lib/x86_64-linux-gnu/libc.so.6	./nptl/./nptl/cleanup_compat.c	_pthread_cleanup_push@@GLIBC_2.34
6	ELSE	/usr/lib/x86_64-linux-gnu/libc.so.6	./string/../sysdeps/x86_64/multiarch/strstr.c	strstr
6	ELSE	???	???	0x0000000004841000
6	ELSE	???	???	0x0000000004ff5000
6	ELSE	???	???	0x0000000004aec000
6	ELSE	???	???	0x0000000004da9000
6	ELSE	???	???	0x0000000004fb9000
6	ELSE	???	???	0x0000000004920000
6	ELSE	???	???	0x0000000004001000
5	ELSE	/home/moritz/dev/repos/ooRexx/build/lib/librexxapi.so.4	???	0x000000000000b8f0
5	ELSE	/home/moritz/dev/repos/ooRexx/build/lib/librexxapi.so.4	/home/moritz/dev/repos/ooRexx/rexxapi/client/LocalMacroSpaceManager.cpp	LocalMacroSpaceManager::LocalMacroSpaceManager()
5	ELSE	/home/moritz/dev/repos/ooRexx/build/lib/librexxapi.so.4	/home/moritz/dev/repos/ooRexx/rexxapi/client/LocalAPIContext.cpp	LocalAPIContext::LocalAPIContext(ServerManager)
5	ELSE	/usr/lib/x86_64-linux-gnu/libm.so.6	???	0x0000000000012570
5	ELSE	/usr/lib/x86_64-linux-gnu/libm.so.6	./math/../sysdeps/x86_64/fpu/multiarch/s_fma.c	fma
5	ELSE	/usr/lib/x86_64-linux-gnu/libm.so.6	./math/../sysdeps/x86_64/fpu/multiarch/s_fmaf.c	fmaf
5	ELSE	/usr/libexec/valgrind/vgpreload_core-amd64-linux.so	???	0x0000000000001050
5	ELSE	/usr/lib/x86_64-linux-gnu/libstdc++.so.6.0.36	???	0x00000000000ba0f0
5	ELSE	/usr/lib/x86_64-linux-gnu/libstdc++.so.6.0.36	/build/reproducible-path/gcc-16-16.2.0/build/x86_64-linux-gnu/libstdc++-v3/include/bits/shared_ptr_atomic.h	std::atomic<std::shared_ptr<std::chrono::tzdb_list::_Node> >::~atomic()
5	ELSE	/usr/lib/x86_64-linux-gnu/libstdc++.so.6.0.36	/build/reproducible-path/gcc-16-16.2.0/build/x86_64-linux-gnu/libstdc++-v3/src/../../../../src/libstdc++-v3/src/c++11/compatibility-c++0x.cc	std::(anonymous namespace)::generic_error_category::~generic_error_category()
5	GC	/home/moritz/dev/repos/ooRexx/build/lib/librexx.so.4	/home/moritz/dev/repos/ooRexx/interpreter/parser/LanguageParser.cpp	LanguageParser::operator new(unsigned long)
5	ELSE	/home/moritz/dev/repos/ooRexx/build/lib/librexx.so.4	/home/moritz/dev/repos/ooRexx/interpreter/instructions/ReturnInstruction.cpp	RexxInstructionReturn::RexxInstructionReturn(RexxInternalObject*)
5	GC	/home/moritz/dev/repos/ooRexx/build/lib/librexx.so.4	/home/moritz/dev/repos/ooRexx/interpreter/parser/ProgramSource.cpp	BufferProgramSource::operator new(unsigned long)
5	GC	/home/moritz/dev/repos/ooRexx/build/lib/librexx.so.4	/home/moritz/dev/repos/ooRexx/interpreter/instructions/RexxInstruction.cpp	RexxInstruction::operator new(unsigned long)
5	GC	/home/moritz/dev/repos/ooRexx/build/lib/librexx.so.4	/usr/include/c++/15/bits/stl_vector.h	MemoryObject::~MemoryObject()
5	GC	/home/moritz/dev/repos/ooRexx/build/lib/librexx.so.4	/home/moritz/dev/repos/ooRexx/interpreter/execution/RexxCode.cpp	RexxCode::operator new(unsigned long)
5	ELSE	/home/moritz/dev/repos/ooRexx/build/lib/librexx.so.4	/home/moritz/dev/repos/ooRexx/interpreter/instructions/ExitInstruction.cpp	RexxInstructionExit::RexxInstructionExit(RexxInternalObject*)
5	ELSE	/home/moritz/dev/repos/ooRexx/build/lib/librexx.so.4	???	0x00000000000f46a0
5	GC	/home/moritz/dev/repos/ooRexx/build/lib/librexx.so.4	/home/moritz/dev/repos/ooRexx/interpreter/classes/RoutineClass.cpp	RoutineClass::operator new(unsigned long)
5	GC	/home/moritz/dev/repos/ooRexx/build/lib/librexx.so.4	/home/moritz/dev/repos/ooRexx/interpreter/memory/SmartBuffer.cpp	SmartBuffer::operator new(unsigned long)
5	GC	/home/moritz/dev/repos/ooRexx/build/lib/librexx.so.4	/home/moritz/dev/repos/ooRexx/interpreter/classes/PackageClass.cpp	PackageClass::operator new(unsigned long)
5	ELSE	/usr/lib/x86_64-linux-gnu/libc.so.6	./setjmp/./setjmp/sigjmp.c	__sigjmp_save
5	ELSE	/usr/lib/x86_64-linux-gnu/libc.so.6	./stdlib/./stdlib/secure-getenv.c	secure_getenv
5	GC	/home/moritz/dev/repos/ooRexx/build/lib/librexx.so.4	/home/moritz/dev/repos/ooRexx/interpreter/parser/Clause.cpp	RexxClause::operator new(unsigned long)
5	ELSE	/usr/lib/x86_64-linux-gnu/libc.so.6	./nptl/./nptl/cleanup_compat.c	_pthread_cleanup_pop@@GLIBC_2.34
5	ELSE	/usr/lib/x86_64-linux-gnu/ld-linux-x86-64.so.2	./elf/../elf/dl-tls.c	_dl_count_modids
5	ELSE	/usr/lib/x86_64-linux-gnu/ld-linux-x86-64.so.2	/build/reproducible-path/glibc-2.43/misc/../sysdeps/unix/syscall-template.S	munmap
5	ELSE	/usr/lib/x86_64-linux-gnu/ld-linux-x86-64.so.2	./elf/../sysdeps/x86/dl-get-cpu-features.c	__x86_cpu_features
5	ELSE	/usr/lib/x86_64-linux-gnu/libgcc_s.so.1	???	0x00000000000058d0
5	ELSE	/home/moritz/dev/repos/ooRexx/build/bin/rexx	???	0x00000000000016c0
4	ELSE	/usr/lib/x86_64-linux-gnu/libstdc++.so.6.0.36	/build/reproducible-path/gcc-16-16.2.0/build/x86_64-linux-gnu/libstdc++-v3/src/../../../../src/libstdc++-v3/src/c++11/compatibility-c++0x.cc	std::error_category::~error_category()
4	GC	/home/moritz/dev/repos/ooRexx/build/lib/librexx.so.4	/home/moritz/dev/repos/ooRexx/interpreter/classes/ObjectClass.cpp	RexxObject::liveGeneral(MarkReason)
4	ELSE	/home/moritz/dev/repos/ooRexx/build/lib/librexx.so.4	/home/moritz/dev/repos/ooRexx/interpreter/package/LibraryPackage.cpp	LibraryPackage::reload(_RexxPackageEntry*)
4	ELSE	/home/moritz/dev/repos/ooRexx/build/lib/librexx.so.4	/home/moritz/dev/repos/ooRexx/interpreter/memory/MemorySegment.cpp	NormalSegmentSet::getInitialSet()
4	ELSE	/home/moritz/dev/repos/ooRexx/build/lib/librexx.so.4	/home/moritz/dev/repos/ooRexx/interpreter/memory/MemorySegment.cpp	LargeSegmentSet::getInitialSet()
4	MACH	/home/moritz/dev/repos/ooRexx/build/lib/librexx.so.4	/home/moritz/dev/repos/ooRexx/interpreter/concurrency/Activity.cpp	Activity::displayCondition(DirectoryClass*)
4	MACH	/home/moritz/dev/repos/ooRexx/build/lib/librexx.so.4	/home/moritz/dev/repos/ooRexx/interpreter/execution/RexxActivation.cpp	RexxActivation::setDefaultAddress(RexxString*)
4	ELSE	/home/moritz/dev/repos/ooRexx/build/lib/librexx.so.4	/home/moritz/dev/repos/ooRexx/interpreter/platform/unix/SysFileSystem.cpp	SysFileSystem::getPathSeparator()
4	MACH	/home/moritz/dev/repos/ooRexx/build/lib/librexx.so.4	/home/moritz/dev/repos/ooRexx/interpreter/concurrency/ExitHandler.hpp	Activity::callTerminationExit(RexxActivation*)
4	MACH	/home/moritz/dev/repos/ooRexx/build/lib/librexx.so.4	/home/moritz/dev/repos/ooRexx/interpreter/concurrency/ExitHandler.hpp	Activity::callInitializationExit(RexxActivation*)
4	ELSE	/usr/lib/x86_64-linux-gnu/libc.so.6	./libio/./libio/setbuf.c	setbuf
4	ELSE	/usr/lib/x86_64-linux-gnu/ld-linux-x86-64.so.2	./elf/../sysdeps/x86/dl-get-cpu-features.c	_dl_x86_init_cpu_features
4	ELSE	/usr/lib/x86_64-linux-gnu/ld-linux-x86-64.so.2	./elf/./elf/dl-audit.c	_dl_audit_preinit
4	ELSE	/usr/lib/x86_64-linux-gnu/ld-linux-x86-64.so.2	./elf/./elf/dl-audit.c	_dl_audit_activity_map
3	ELSE	/usr/lib/x86_64-linux-gnu/libstdc++.so.6.0.36	/build/reproducible-path/gcc-16-16.2.0/build/x86_64-linux-gnu/libstdc++-v3/src/../../../../src/libstdc++-v3/src/c++11/compatibility-condvar.cc	_GLOBAL__sub_I_compatibility_condvar.cc
3	ELSE	/usr/lib/x86_64-linux-gnu/libstdc++.so.6.0.36	/build/reproducible-path/gcc-16-16.2.0/build/x86_64-linux-gnu/libstdc++-v3/src/c++11/../../../../../src/libstdc++-v3/src/c++11/future.cc	std::future_category()
3	ELSE	/usr/lib/x86_64-linux-gnu/libstdc++.so.6.0.36	/build/reproducible-path/gcc-16-16.2.0/build/x86_64-linux-gnu/libstdc++-v3/src/c++98/../../../../../src/libstdc++-v3/src/c++98/locale.cc	std::locale::locale(std::locale::_Impl*)
3	ELSE	/home/moritz/dev/repos/ooRexx/build/lib/librexx.so.4	/home/moritz/dev/repos/ooRexx/interpreter/runtime/Numerics.cpp	_GLOBAL__sub_I_Numerics.cpp
3	ELSE	/home/moritz/dev/repos/ooRexx/build/lib/librexx.so.4	/home/moritz/dev/repos/ooRexx/interpreter/instructions/ElseInstruction.cpp	RexxInstructionElse::setEndInstruction(RexxInstructionEndIf*)
3	ELSE	/home/moritz/dev/repos/ooRexx/build/lib/librexx.so.4	/home/moritz/dev/repos/ooRexx/interpreter/platform/unix/SysInterpreterInstance.cpp	SysInterpreterInstance::terminate()
3	ELSE	/home/moritz/dev/repos/ooRexx/build/lib/librexx.so.4	/home/moritz/dev/repos/ooRexx/interpreter/platform/unix/SysInterpreterInstance.cpp	SysInterpreterInstance::setupProgram(RexxActivation*)
3	ELSE	/home/moritz/dev/repos/ooRexx/build/lib/librexx.so.4	/home/moritz/dev/repos/ooRexx/interpreter/classes/PackageClass.hpp	RexxCode::getProgramName()
3	ELSE	/home/moritz/dev/repos/ooRexx/build/lib/librexx.so.4	/home/moritz/dev/repos/ooRexx/interpreter/memory/MemoryStack.cpp	LiveStack::LiveStack(unsigned long)
3	ELSE	/home/moritz/dev/repos/ooRexx/build/lib/librexx.so.4	/home/moritz/dev/repos/ooRexx/interpreter/concurrency/Activity.hpp	InterpreterInstance::getRootThreadContext()
3	ELSE	???	???	0x000000000400177c
3	ELSE	???	???	0x0000000004841284
3	ELSE	???	???	0x0000000004a05378
3	ELSE	???	???	0x0000000004fdc1d8
3	ELSE	???	???	0x000000000492a8a0
3	ELSE	???	???	0x0000000004af67a8
3	ELSE	???	???	0x00000000050836e8
3	ELSE	???	???	0x0000000004f07670
2	ELSE	/home/moritz/dev/repos/ooRexx/build/lib/librexx.so.4	/home/moritz/dev/repos/ooRexx/interpreter/instructions/ElseInstruction.cpp	RexxInstructionElse::setParent(RexxInstructionEndIf*)
2	ELSE	/home/moritz/dev/repos/ooRexx/build/lib/librexx.so.4	/home/moritz/dev/repos/ooRexx/common/platform/unix/SysLibrary.cpp	SysLibrary::SysLibrary()
2	ELSE	/home/moritz/dev/repos/ooRexx/build/lib/librexx.so.4	/home/moritz/dev/repos/ooRexx/interpreter/platform/unix/SystemInterpreter.cpp	SystemInterpreter::processShutdown()
2	ELSE	/home/moritz/dev/repos/ooRexx/build/lib/librexx.so.4	/home/moritz/dev/repos/ooRexx/interpreter/platform/unix/MiscSystem.cpp	SystemInterpreter::getPlatformName()
2	ELSE	/usr/lib/x86_64-linux-gnu/libc.so.6	/build/reproducible-path/glibc-2.43/setjmp/../sysdeps/x86_64/bsd-_setjmp.S	_setjmp
2	ELSE	/usr/lib/x86_64-linux-gnu/libc.so.6	./posix/../sysdeps/unix/sysv/linux/_exit.c	_Exit
2	ELSE	/usr/lib/x86_64-linux-gnu/ld-linux-x86-64.so.2	./elf/./elf/dl-debug_state.c	_dl_debug_state
1	GC	/home/moritz/dev/repos/ooRexx/build/lib/librexx.so.4	/home/moritz/dev/repos/ooRexx/interpreter/classes/ObjectClass.hpp	RexxVirtualBase::liveGeneral(MarkReason)
1	ELSE	???	???	0x0000000004aece90
1	ELSE	???	???	0x0000000004ff5300
1	ELSE	???	???	0x000000000492a5a8
1	ELSE	???	???	0x000000000492a8f8
1	ELSE	???	???	0x000000000492a8d0
1	ELSE	???	???	0x0000000004841030
1	ELSE	???	???	0x0000000004dad418
1	ELSE	???	???	0x000000000492a708
1	ELSE	???	???	0x0000000004fb93b0
1	ELSE	???	???	0x000000000492a620
1	ELSE	???	???	0x00000000040010d0
1	ELSE	/usr/lib/x86_64-linux-gnu/ld-linux-x86-64.so.2	./elf/../sysdeps/unix/sysv/linux/dl-sysdep.c	_dl_sysdep_start_cleanup
