4132699745	MACH	/home/moritz/dev/repos/ooRexx-rust-rewrite/rust/target/release/rexx-run	/home/moritz/dev/repos/ooRexx-rust-rewrite/rust/crates/rexx-exec/src/ir/drive.rs	<rexx_exec::Interp>::run_ops_from::<true>
1633801001	PARSE	/home/moritz/dev/repos/ooRexx-rust-rewrite/rust/target/release/rexx-run	/home/moritz/dev/repos/ooRexx-rust-rewrite/rust/crates/rexx-exec/src/parse_template.rs	<rexx_exec::Interp>::exec_parse
874321446	MACH	/home/moritz/dev/repos/ooRexx-rust-rewrite/rust/target/release/rexx-run	/home/moritz/dev/repos/ooRexx-rust-rewrite/rust/crates/rexx-exec/src/eval.rs	<rexx_exec::Interp>::apply_binary
528199209	LIBC	/usr/lib/x86_64-linux-gnu/libc.so.6	/build/reproducible-path/glibc-2.43/string/../sysdeps/x86_64/multiarch/memmove-vec-unaligned-erms.S	__memcpy_avx_unaligned_erms
499525244	MACH	/home/moritz/dev/repos/ooRexx-rust-rewrite/rust/target/release/rexx-run	/home/moritz/dev/repos/ooRexx-rust-rewrite/rust/crates/rexx-exec/src/ir/drive.rs	<rexx_exec::Interp>::run_ops_from::<true>'2
485600000	ARITH	/home/moritz/dev/repos/ooRexx-rust-rewrite/rust/target/release/rexx-run	/home/moritz/dev/repos/ooRexx-rust-rewrite/rust/crates/rexx-num/src/compare.rs	rexx_num::compare::numeric_order
468250598	ARITH	/home/moritz/dev/repos/ooRexx-rust-rewrite/rust/target/release/rexx-run	/home/moritz/dev/repos/ooRexx-rust-rewrite/rust/crates/rexx-num/src/addsub.rs	<rexx_num::Number>::add_signed
417520017	VCMP	/home/moritz/dev/repos/ooRexx-rust-rewrite/rust/target/release/rexx-run	/home/moritz/dev/repos/ooRexx-rust-rewrite/rust/crates/rexx-exec/src/stem.rs	<rexx_exec::Interp>::append_tails
411320000	MACH	/home/moritz/dev/repos/ooRexx-rust-rewrite/rust/target/release/rexx-run	/home/moritz/dev/repos/ooRexx-rust-rewrite/rust/crates/rexx-exec/src/ir/drive.rs	<rexx_exec::Interp>::run_ops_from::<false>
381923558	CONV	/home/moritz/dev/repos/ooRexx-rust-rewrite/rust/target/release/rexx-run	/home/moritz/dev/repos/ooRexx-rust-rewrite/rust/crates/rexx-exec/src/eval.rs	<rexx_exec::Interp>::concat_values
359515098	GC	/home/moritz/dev/repos/ooRexx-rust-rewrite/rust/target/release/rexx-run	/home/moritz/dev/repos/ooRexx-rust-rewrite/rust/crates/rexx-exec/src/lib.rs	<rexx_exec::Interp>::collect_now
329032377	BIF	/home/moritz/dev/repos/ooRexx-rust-rewrite/rust/target/release/rexx-run	/home/moritz/dev/repos/ooRexx-rust-rewrite/rust/crates/rexx-exec/src/builtin.rs	rexx_exec::builtin::run
315600000	ARITH	/home/moritz/dev/repos/ooRexx-rust-rewrite/rust/target/release/rexx-run	/home/moritz/dev/repos/ooRexx-rust-rewrite/rust/crates/rexx-num/src/muldiv.rs	<rexx_num::Number>::mul
314298363	GC	/home/moritz/dev/repos/ooRexx-rust-rewrite/rust/target/release/rexx-run	/home/moritz/dev/repos/ooRexx-rust-rewrite/rust/crates/rexx-exec/src/lib.rs	<rexx_exec::Interp>::alloc_with
309209311	VSIM	/home/moritz/dev/repos/ooRexx-rust-rewrite/rust/target/release/rexx-run	/home/moritz/dev/repos/ooRexx-rust-rewrite/rust/crates/rexx-exec/src/lib.rs	<rexx_exec::Interp>::read_at
291860319	CONV	/home/moritz/dev/repos/ooRexx-rust-rewrite/rust/target/release/rexx-run	/home/moritz/dev/repos/ooRexx-rust-rewrite/rust/crates/rexx-exec/src/value.rs	<rexx_exec::Interp>::inline_text_to_number
270580205	CONV	/home/moritz/dev/repos/ooRexx-rust-rewrite/rust/target/release/rexx-run	/home/moritz/dev/repos/ooRexx-rust-rewrite/rust/crates/rexx-exec/src/value.rs	<rexx_exec::Interp>::heap_to_number
223463931	CALL	/home/moritz/dev/repos/ooRexx-rust-rewrite/rust/target/release/rexx-run	/home/moritz/dev/repos/ooRexx-rust-rewrite/rust/crates/rexx-exec/src/ir/drive.rs	<rexx_exec::Interp>::run_call_args
216160110	PARSE	/home/moritz/dev/repos/ooRexx-rust-rewrite/rust/target/release/rexx-run	/home/moritz/dev/repos/ooRexx-rust-rewrite/rust/crates/rexx-exec/src/parse_template.rs	<rexx_exec::Interp>::next_template
210000000	VCMP	/home/moritz/dev/repos/ooRexx-rust-rewrite/rust/target/release/rexx-run	/home/moritz/dev/repos/ooRexx-rust-rewrite/rust/crates/rexx-exec/src/eval.rs	<rexx_exec::Interp>::read_symbol
195945032	MACH	/home/moritz/dev/repos/ooRexx-rust-rewrite/rust/target/release/rexx-run	/home/moritz/dev/repos/ooRexx-rust-rewrite/rust/crates/rexx-exec/src/run.rs	<rexx_exec::Interp>::flat_loop_start
195120629	MACH	/home/moritz/dev/repos/ooRexx-rust-rewrite/rust/target/release/rexx-run	/home/moritz/dev/repos/ooRexx-rust-rewrite/rust/crates/rexx-exec/src/run.rs	<rexx_exec::Interp>::loop_advance
193917885	CALLOC	/usr/lib/x86_64-linux-gnu/libc.so.6	./malloc/./malloc/malloc.c	free
183197287	CALLOC	/usr/lib/x86_64-linux-gnu/libc.so.6	./malloc/./malloc/malloc.c	_int_malloc
182380094	CONV	/home/moritz/dev/repos/ooRexx-rust-rewrite/rust/target/release/rexx-run	/home/moritz/.rustup/toolchains/stable-x86_64-unknown-linux-gnu/lib/rustlib/src/rust/library/core/src/num/int_macros.rs	rexx_exec::value::write_small_int
179527544	GC	/home/moritz/dev/repos/ooRexx-rust-rewrite/rust/target/release/rexx-run	/home/moritz/.rustup/toolchains/stable-x86_64-unknown-linux-gnu/lib/rustlib/src/rust/library/core/src/ptr/mod.rs	core::ptr::drop_glue::<rexx_core::body::Body>
175820000	VCMP	/home/moritz/dev/repos/ooRexx-rust-rewrite/rust/target/release/rexx-run	/home/moritz/dev/repos/ooRexx-rust-rewrite/rust/crates/rexx-exec/src/stem.rs	<rexx_exec::Interp>::stem_get_at
171360000	VCMP	/home/moritz/dev/repos/ooRexx-rust-rewrite/rust/target/release/rexx-run	/home/moritz/dev/repos/ooRexx-rust-rewrite/rust/crates/rexx-exec/src/stem.rs	<rexx_exec::Interp>::read_by_name_at
169320000	ARITH	/home/moritz/dev/repos/ooRexx-rust-rewrite/rust/target/release/rexx-run	/home/moritz/dev/repos/ooRexx-rust-rewrite/rust/crates/rexx-num/src/lib.rs	<rexx_num::Number>::from_i64
165261390	CONV	/home/moritz/dev/repos/ooRexx-rust-rewrite/rust/target/release/rexx-run	/home/moritz/dev/repos/ooRexx-rust-rewrite/rust/crates/rexx-exec/src/value.rs	<rexx_exec::Interp>::to_text
164480000	VCMP	/home/moritz/dev/repos/ooRexx-rust-rewrite/rust/target/release/rexx-run	/home/moritz/dev/repos/ooRexx-rust-rewrite/rust/crates/rexx-exec/src/run.rs	<rexx_exec::Interp>::assign_expr_target
159140000	VCMP	/home/moritz/dev/repos/ooRexx-rust-rewrite/rust/target/release/rexx-run	/rust/deps/hashbrown-0.17.1/src/map.rs	<hashbrown::map::HashMap<alloc::vec::Vec<u8>, (usize, core::option::Option<rexx_core::handle::ObjRef>), rustc_hash::FxBuildHasher>>::get::<[u8]>
155383230	CONV	/home/moritz/dev/repos/ooRexx-rust-rewrite/rust/target/release/rexx-run	/home/moritz/dev/repos/ooRexx-rust-rewrite/rust/crates/rexx-num/src/lib.rs	<rexx_num::Number>::parse_bytes
152528719	MACH	/home/moritz/dev/repos/ooRexx-rust-rewrite/rust/target/release/rexx-run	/home/moritz/dev/repos/ooRexx-rust-rewrite/rust/crates/rexx-exec/src/run.rs	<rexx_exec::Interp>::flat_loop_step_top
145800790	MACH	/home/moritz/dev/repos/ooRexx-rust-rewrite/rust/target/release/rexx-run	/home/moritz/dev/repos/ooRexx-rust-rewrite/rust/crates/rexx-exec/src/eval.rs	<rexx_exec::Interp>::operator_message_receiver
142812504	CALL	/home/moritz/dev/repos/ooRexx-rust-rewrite/rust/target/release/rexx-run	/home/moritz/dev/repos/ooRexx-rust-rewrite/rust/crates/rexx-exec/src/ir/drive.rs	<rexx_exec::Interp>::push_call_arg
140002520	CONV	/home/moritz/dev/repos/ooRexx-rust-rewrite/rust/target/release/rexx-run	/home/moritz/dev/repos/ooRexx-rust-rewrite/rust/crates/rexx-exec/src/value.rs	<rexx_exec::Interp>::try_text
134429936	CALLOC	/usr/lib/x86_64-linux-gnu/libc.so.6	./malloc/./malloc/malloc.c	malloc
129057198	ARITH	/home/moritz/dev/repos/ooRexx-rust-rewrite/rust/target/release/rexx-run	/home/moritz/dev/repos/ooRexx-rust-rewrite/rust/crates/rexx-exec/src/eval.rs	<rexx_exec::Interp>::arith_general_body
128040000	VCMP	/home/moritz/dev/repos/ooRexx-rust-rewrite/rust/target/release/rexx-run	/home/moritz/dev/repos/ooRexx-rust-rewrite/rust/crates/rexx-exec/src/stem.rs	<rexx_exec::Interp>::append_tail_key
117880138	CALL	/home/moritz/dev/repos/ooRexx-rust-rewrite/rust/target/release/rexx-run	/home/moritz/dev/repos/ooRexx-rust-rewrite/rust/crates/rexx-exec/src/run.rs	<rexx_exec::Interp>::invoke_call_over
114800000	MACH	/home/moritz/dev/repos/ooRexx-rust-rewrite/rust/target/release/rexx-run	/home/moritz/dev/repos/ooRexx-rust-rewrite/rust/crates/rexx-exec/src/run.rs	<rexx_exec::Interp>::run_loop_with_header
112840000	BIF	/home/moritz/dev/repos/ooRexx-rust-rewrite/rust/target/release/rexx-run	/home/moritz/dev/repos/ooRexx-rust-rewrite/rust/crates/rexx-exec/src/builtin/string.rs	rexx_exec::builtin::string::substr
109760411	BIF	/home/moritz/dev/repos/ooRexx-rust-rewrite/rust/target/release/rexx-run	/home/moritz/dev/repos/ooRexx-rust-rewrite/rust/crates/rexx-exec/src/builtin.rs	rexx_exec::builtin::whole_number
109100294	VCMP	/home/moritz/dev/repos/ooRexx-rust-rewrite/rust/target/release/rexx-run	/home/moritz/dev/repos/ooRexx-rust-rewrite/rust/crates/rexx-exec/src/stem.rs	<rexx_exec::Interp>::stem_set_at
107240071	ARITH	/home/moritz/dev/repos/ooRexx-rust-rewrite/rust/target/release/rexx-run	/home/moritz/dev/repos/ooRexx-rust-rewrite/rust/crates/rexx-num/src/compare.rs	rexx_num::compare::compare_strings
106960183	CONV	/home/moritz/dev/repos/ooRexx-rust-rewrite/rust/target/release/rexx-run	/home/moritz/dev/repos/ooRexx-rust-rewrite/rust/crates/rexx-num/src/format.rs	<rexx_num::Number>::format_with
105795851	LIBC	/usr/lib/x86_64-linux-gnu/libc.so.6	/build/reproducible-path/glibc-2.43/string/../sysdeps/x86_64/multiarch/memcmp-avx2-movbe.S	__memcmp_avx2_movbe
101382546	MACH	/home/moritz/dev/repos/ooRexx-rust-rewrite/rust/target/release/rexx-run	/home/moritz/dev/repos/ooRexx-rust-rewrite/rust/crates/rexx-exec/src/eval.rs	<rexx_exec::Interp>::eval_node
93079731	VCMP	/home/moritz/dev/repos/ooRexx-rust-rewrite/rust/target/release/rexx-run	/rust/deps/hashbrown-0.17.1/src/map.rs	<hashbrown::map::HashMap<alloc::vec::Vec<u8>, (usize, core::option::Option<rexx_core::handle::ObjRef>), rustc_hash::FxBuildHasher>>::get_mut::<[u8]>
92960054	CONV	/home/moritz/dev/repos/ooRexx-rust-rewrite/rust/target/release/rexx-run	/home/moritz/dev/repos/ooRexx-rust-rewrite/rust/crates/rexx-exec/src/value.rs	<rexx_exec::Interp>::render
87360663	MACH	/home/moritz/dev/repos/ooRexx-rust-rewrite/rust/target/release/rexx-run	/home/moritz/dev/repos/ooRexx-rust-rewrite/rust/crates/rexx-exec/src/run.rs	<rexx_exec::Interp>::run_activation'2
83440000	ARITH	/home/moritz/dev/repos/ooRexx-rust-rewrite/rust/target/release/rexx-run	/home/moritz/dev/repos/ooRexx-rust-rewrite/rust/crates/rexx-num/src/compare.rs	rexx_num::compare::compare_numbers
83159995	BIF	/home/moritz/dev/repos/ooRexx-rust-rewrite/rust/target/release/rexx-run	/home/moritz/dev/repos/ooRexx-rust-rewrite/rust/crates/rexx-exec/src/builtin/word.rs	rexx_exec::builtin::word::word
82041946	CALL	/home/moritz/dev/repos/ooRexx-rust-rewrite/rust/target/release/rexx-run	/home/moritz/dev/repos/ooRexx-rust-rewrite/rust/crates/rexx-exec/src/run.rs	<rexx_exec::Interp>::resolve_fixed_call
81340000	MACH	/home/moritz/dev/repos/ooRexx-rust-rewrite/rust/target/release/rexx-run	/home/moritz/dev/repos/ooRexx-rust-rewrite/rust/crates/rexx-exec/src/run.rs	<rexx_exec::Interp>::assign_evaluated
80080000	MACH	/home/moritz/dev/repos/ooRexx-rust-rewrite/rust/target/release/rexx-run	/home/moritz/dev/repos/ooRexx-rust-rewrite/rust/crates/rexx-exec/src/run.rs	<rexx_exec::Interp>::clause_site
75040000	MACH	/home/moritz/dev/repos/ooRexx-rust-rewrite/rust/target/release/rexx-run	/home/moritz/dev/repos/ooRexx-rust-rewrite/rust/crates/rexx-parse/src/source.rs	<rexx_parse::source::ProgramSource>::join_span
70180234	MACH	/home/moritz/dev/repos/ooRexx-rust-rewrite/rust/target/release/rexx-run	/home/moritz/dev/repos/ooRexx-rust-rewrite/rust/crates/rexx-exec/src/run.rs	<rexx_exec::Interp>::header_number
69585984	CALLOC	/usr/lib/x86_64-linux-gnu/libc.so.6	./malloc/./malloc/malloc.c	_int_free_merge_chunk
66656287	MACH	/home/moritz/dev/repos/ooRexx-rust-rewrite/rust/target/release/rexx-run	/home/moritz/dev/repos/ooRexx-rust-rewrite/rust/crates/rexx-exec/src/eval.rs	<rexx_exec::Interp>::enter_eval_node::<u8>
64960038	MACH	/home/moritz/dev/repos/ooRexx-rust-rewrite/rust/target/release/rexx-run	/home/moritz/dev/repos/ooRexx-rust-rewrite/rust/crates/rexx-exec/src/ir/drive.rs	<rexx_exec::Interp>::leave_ended_select_branch
64681668	CONV	/home/moritz/dev/repos/ooRexx-rust-rewrite/rust/target/release/rexx-run	/home/moritz/dev/repos/ooRexx-rust-rewrite/rust/crates/rexx-exec/src/value.rs	<rexx_exec::Interp>::text_built
63088606	CONV	/home/moritz/dev/repos/ooRexx-rust-rewrite/rust/target/release/rexx-run	/home/moritz/dev/repos/ooRexx-rust-rewrite/rust/crates/rexx-num/src/lib.rs	<rexx_num::Number>::rendered_integer
62720153	CONV	/home/moritz/dev/repos/ooRexx-rust-rewrite/rust/target/release/rexx-run	/home/moritz/dev/repos/ooRexx-rust-rewrite/rust/crates/rexx-num/src/format.rs	rexx_num::format::emit_plain
59640000	MACH	/home/moritz/dev/repos/ooRexx-rust-rewrite/rust/target/release/rexx-run	/home/moritz/dev/repos/ooRexx-rust-rewrite/rust/crates/rexx-exec/src/run.rs	<rexx_exec::Interp>::controlled_value_wide
58260800	CALL	/home/moritz/dev/repos/ooRexx-rust-rewrite/rust/target/release/rexx-run	/home/moritz/.rustup/toolchains/stable-x86_64-unknown-linux-gnu/lib/rustlib/src/rust/library/core/src/hash/mod.rs	<std::hash::random::RandomState as core::hash::BuildHasher>::hash_one::<&[u8]>
56000240	MACH	/home/moritz/dev/repos/ooRexx-rust-rewrite/rust/target/release/rexx-run	/home/moritz/dev/repos/ooRexx-rust-rewrite/rust/crates/rexx-exec/src/run.rs	<rexx_exec::Interp>::end_promoted_branch
55008376	MACH	/home/moritz/dev/repos/ooRexx-rust-rewrite/rust/target/release/rexx-run	/home/moritz/dev/repos/ooRexx-rust-rewrite/rust/crates/rexx-exec/src/run.rs	<rexx_exec::Interp>::accept_header_value
54926049	CALLOC	/usr/lib/x86_64-linux-gnu/libc.so.6	./malloc/./malloc/malloc.c	_int_free_create_chunk
54320435	ARITH	/home/moritz/dev/repos/ooRexx-rust-rewrite/rust/target/release/rexx-run	/home/moritz/dev/repos/ooRexx-rust-rewrite/rust/crates/rexx-num/src/lib.rs	<rexx_num::Number>::round_change
53591956	CALL	/home/moritz/dev/repos/ooRexx-rust-rewrite/rust/target/release/rexx-run	/home/moritz/.rustup/toolchains/stable-x86_64-unknown-linux-gnu/lib/rustlib/src/rust/library/core/src/hash/sip.rs	<core::hash::sip::Hasher<core::hash::sip::Sip13Rounds> as core::hash::Hasher>::write
53200212	CONV	/home/moritz/dev/repos/ooRexx-rust-rewrite/rust/target/release/rexx-run	/home/moritz/dev/repos/ooRexx-rust-rewrite/rust/crates/rexx-num/src/format.rs	rexx_num::format::resolve_exponential_state
51240000	BIF	/home/moritz/dev/repos/ooRexx-rust-rewrite/rust/target/release/rexx-run	/home/moritz/dev/repos/ooRexx-rust-rewrite/rust/crates/rexx-exec/src/builtin/string.rs	rexx_exec::builtin::string::substr_bytes
49560000	MACH	/home/moritz/dev/repos/ooRexx-rust-rewrite/rust/target/release/rexx-run	/home/moritz/dev/repos/ooRexx-rust-rewrite/rust/crates/rexx-exec/src/run.rs	<rexx_exec::Interp>::controlled_within_wide
49280000	ARITH	/home/moritz/dev/repos/ooRexx-rust-rewrite/rust/target/release/rexx-run	/home/moritz/dev/repos/ooRexx-rust-rewrite/rust/crates/rexx-exec/src/eval.rs	<rexx_exec::Interp>::arith_operand
48972035	CALLOC	/usr/lib/x86_64-linux-gnu/libc.so.6	./malloc/./malloc/malloc.c	__libc_calloc2
46867675	ARITH	/home/moritz/dev/repos/ooRexx-rust-rewrite/rust/target/release/rexx-run	/home/moritz/dev/repos/ooRexx-rust-rewrite/rust/crates/rexx-exec/src/eval.rs	<rexx_exec::Interp>::arith_left_operand
45920000	ARITH	/home/moritz/dev/repos/ooRexx-rust-rewrite/rust/target/release/rexx-run	/home/moritz/dev/repos/ooRexx-rust-rewrite/rust/crates/rexx-exec/src/eval.rs	rexx_exec::eval::small_int_arith
44260420	CALLOC	/usr/lib/x86_64-linux-gnu/libc.so.6	./malloc/./malloc/malloc.c	_int_free_maybe_trim
43697408	MACH	/home/moritz/dev/repos/ooRexx-rust-rewrite/rust/target/release/rexx-run	/home/moritz/dev/repos/ooRexx-rust-rewrite/rust/crates/rexx-exec/src/run.rs	<rexx_exec::Interp>::exec_instruction
42302917	CALL	/home/moritz/dev/repos/ooRexx-rust-rewrite/rust/target/release/rexx-run	/home/moritz/dev/repos/ooRexx-rust-rewrite/rust/crates/rexx-exec/src/ir/drive.rs	<rexx_exec::Interp>::run_call_named
41738049	CALLOC	/usr/lib/x86_64-linux-gnu/libc.so.6	./malloc/./malloc/malloc.c	_int_free_chunk
41440000	CONV	/home/moritz/dev/repos/ooRexx-rust-rewrite/rust/target/release/rexx-run	/home/moritz/dev/repos/ooRexx-rust-rewrite/rust/crates/rexx-exec/src/value.rs	<rexx_exec::Interp>::text_len
38102117	CALLOC	/usr/lib/x86_64-linux-gnu/libc.so.6	./malloc/./malloc/malloc.c	__libc_malloc2
37985199	MACH	/home/moritz/dev/repos/ooRexx-rust-rewrite/rust/target/release/rexx-run	/home/moritz/dev/repos/ooRexx-rust-rewrite/rust/crates/rexx-exec/src/run.rs	rexx_exec::run::loop_header_plan
37520000	MACH	/home/moritz/dev/repos/ooRexx-rust-rewrite/rust/target/release/rexx-run	/home/moritz/dev/repos/ooRexx-rust-rewrite/rust/crates/rexx-exec/src/run.rs	<rexx_exec::Interp>::do_body_outcome
36121620	VCMP	/home/moritz/dev/repos/ooRexx-rust-rewrite/rust/target/release/rexx-run	/rust/deps/hashbrown-0.17.1/src/map.rs	<hashbrown::map::HashMap<alloc::vec::Vec<u8>, (usize, core::option::Option<rexx_core::handle::ObjRef>), rustc_hash::FxBuildHasher>>::insert
34720000	MACH	/home/moritz/dev/repos/ooRexx-rust-rewrite/rust/target/release/rexx-run	/home/moritz/dev/repos/ooRexx-rust-rewrite/rust/crates/rexx-exec/src/run.rs	<rexx_exec::Interp>::controlled_step_wide
34160000	MACH	/home/moritz/dev/repos/ooRexx-rust-rewrite/rust/target/release/rexx-run	/home/moritz/dev/repos/ooRexx-rust-rewrite/rust/crates/rexx-exec/src/ir/drive.rs	<rexx_exec::Interp>::leave_branch
32200000	MACH	/home/moritz/dev/repos/ooRexx-rust-rewrite/rust/target/release/rexx-run	/home/moritz/dev/repos/ooRexx-rust-rewrite/rust/crates/rexx-exec/src/run.rs	<rexx_exec::Interp>::exec_address
31920000	CALL	/home/moritz/dev/repos/ooRexx-rust-rewrite/rust/target/release/rexx-run	/home/moritz/dev/repos/ooRexx-rust-rewrite/rust/crates/rexx-exec/src/run.rs	<rexx_exec::Interp>::invoke_builtin_call
30250854	MACH	/home/moritz/dev/repos/ooRexx-rust-rewrite/rust/target/release/rexx-run	/home/moritz/dev/repos/ooRexx-rust-rewrite/rust/crates/rexx-exec/src/run.rs	<rexx_exec::Interp>::whole_nonneg
29689349	CALLOC	/usr/lib/x86_64-linux-gnu/libc.so.6	./malloc/./malloc/malloc.c	unlink_chunk.isra.0
29120001	PARSE	/home/moritz/dev/repos/ooRexx-rust-rewrite/rust/target/release/rexx-run	/home/moritz/dev/repos/ooRexx-rust-rewrite/rust/crates/rexx-exec/src/parse_template.rs	<rexx_exec::Interp>::rendered_into_parse_buffer
28201025	GC	/home/moritz/dev/repos/ooRexx-rust-rewrite/rust/target/release/rexx-run	/home/moritz/.rustup/toolchains/stable-x86_64-unknown-linux-gnu/lib/rustlib/src/rust/library/core/src/ptr/mod.rs	core::ptr::drop_glue::<core::option::Option<rexx_exec::run::LoopHeaderValues>>
27127521	CALLOC	/usr/lib/x86_64-linux-gnu/libc.so.6	./malloc/./malloc/malloc.c	realloc
26880000	MACH	/home/moritz/dev/repos/ooRexx-rust-rewrite/rust/target/release/rexx-run	/home/moritz/dev/repos/ooRexx-rust-rewrite/rust/crates/rexx-exec/src/ir/drive.rs	<rexx_exec::Interp>::when_frame
24080006	MACH	/home/moritz/dev/repos/ooRexx-rust-rewrite/rust/target/release/rexx-run	/home/moritz/dev/repos/ooRexx-rust-rewrite/rust/crates/rexx-exec/src/eval.rs	<rexx_exec::Interp>::operator_operand_gap
23528442	CONV	/home/moritz/dev/repos/ooRexx-rust-rewrite/rust/target/release/rexx-run	/home/moritz/dev/repos/ooRexx-rust-rewrite/rust/crates/rexx-exec/src/value.rs	<rexx_exec::Interp>::redirect_of
21840000	MACH	/home/moritz/dev/repos/ooRexx-rust-rewrite/rust/target/release/rexx-run	/home/moritz/dev/repos/ooRexx-rust-rewrite/rust/crates/rexx-exec/src/run.rs	<rexx_exec::Interp>::leave_origin
20725767	CALL	/home/moritz/dev/repos/ooRexx-rust-rewrite/rust/target/release/rexx-run	/home/moritz/.rustup/toolchains/stable-x86_64-unknown-linux-gnu/lib/rustlib/src/rust/library/core/src/ptr/mod.rs	core::ptr::drop_glue::<rexx_exec::activation::Activation>
20622523	MACH	/home/moritz/dev/repos/ooRexx-rust-rewrite/rust/target/release/rexx-run	/home/moritz/dev/repos/ooRexx-rust-rewrite/rust/crates/rexx-exec/src/run.rs	<rexx_exec::Interp>::echo_header_value
20227715	VCMP	/home/moritz/dev/repos/ooRexx-rust-rewrite/rust/target/release/rexx-run	/rust/deps/hashbrown-0.17.1/src/raw.rs	<hashbrown::raw::RawTableInner>::fallible_with_capacity::<alloc::alloc::Global>
19880221	ARITH	/home/moritz/dev/repos/ooRexx-rust-rewrite/rust/target/release/rexx-run	/home/moritz/dev/repos/ooRexx-rust-rewrite/rust/crates/rexx-core/src/handle.rs	rexx_exec::eval::small_int_operand
19880000	VCMP	/home/moritz/dev/repos/ooRexx-rust-rewrite/rust/target/release/rexx-run	/home/moritz/dev/repos/ooRexx-rust-rewrite/rust/crates/rexx-exec/src/stem.rs	<rexx_exec::Interp>::replace_stem
18480022	BIF	/home/moritz/dev/repos/ooRexx-rust-rewrite/rust/target/release/rexx-run	/home/moritz/dev/repos/ooRexx-rust-rewrite/rust/crates/rexx-exec/src/builtin.rs	rexx_exec::builtin::pad_byte
18462600	MACH	/home/moritz/dev/repos/ooRexx-rust-rewrite/rust/target/release/rexx-run	/home/moritz/dev/repos/ooRexx-rust-rewrite/rust/crates/rexx-exec/src/ir/drive.rs	rexx_exec::ir::drive::op_at
18200911	VCMP	/home/moritz/dev/repos/ooRexx-rust-rewrite/rust/target/release/rexx-run	/rust/deps/hashbrown-0.17.1/src/raw.rs	<hashbrown::raw::RawTable<(alloc::vec::Vec<u8>, (usize, core::option::Option<rexx_core::handle::ObjRef>))>>::reserve_rehash::<hashbrown::map::make_hasher<alloc::vec::Vec<u8>, (usize, core::option::Option<rexx_core::handle::ObjRef>), rustc_hash::FxBuildHasher>::{closure#0}>
17360142	CONV	/home/moritz/dev/repos/ooRexx-rust-rewrite/rust/target/release/rexx-run	/home/moritz/dev/repos/ooRexx-rust-rewrite/rust/crates/rexx-num/src/format.rs	rexx_num::format::resolve_exponential_shape::{closure#0}
16800000	CONV	/home/moritz/dev/repos/ooRexx-rust-rewrite/rust/target/release/rexx-run	/home/moritz/dev/repos/ooRexx-rust-rewrite/rust/crates/rexx-exec/src/value.rs	rexx_exec::value::num_rendering
16240000	MACH	/home/moritz/dev/repos/ooRexx-rust-rewrite/rust/target/release/rexx-run	/home/moritz/dev/repos/ooRexx-rust-rewrite/rust/crates/rexx-exec/src/run.rs	<rexx_exec::Interp>::open_select_case
15716117	GC	/home/moritz/dev/repos/ooRexx-rust-rewrite/rust/target/release/rexx-run	/home/moritz/.rustup/toolchains/stable-x86_64-unknown-linux-gnu/lib/rustlib/src/rust/library/alloc/src/raw_vec/mod.rs	<alloc::raw_vec::RawVecInner>::finish_grow
15302652	MACH	/home/moritz/dev/repos/ooRexx-rust-rewrite/rust/target/release/rexx-run	/home/moritz/dev/repos/ooRexx-rust-rewrite/rust/crates/rexx-exec/src/run.rs	<rexx_exec::Interp>::bind_control
15120020	BIF	/home/moritz/dev/repos/ooRexx-rust-rewrite/rust/target/release/rexx-run	/home/moritz/dev/repos/ooRexx-rust-rewrite/rust/crates/rexx-exec/src/builtin/string.rs	rexx_exec::builtin::string::reserve
14292302	CALL	/home/moritz/dev/repos/ooRexx-rust-rewrite/rust/target/release/rexx-run	/home/moritz/dev/repos/ooRexx-rust-rewrite/rust/crates/rexx-exec/src/run.rs	<rexx_exec::Interp>::settle_call_result
14078008	CALLOC	/usr/lib/x86_64-linux-gnu/libc.so.6	./malloc/./malloc/malloc.c	calloc
14000000	CALL	/home/moritz/dev/repos/ooRexx-rust-rewrite/rust/target/release/rexx-run	/home/moritz/dev/repos/ooRexx-rust-rewrite/rust/crates/rexx-exec/src/eval.rs	<rexx_exec::Interp>::eval_call_resolved
14000000	MACH	/home/moritz/dev/repos/ooRexx-rust-rewrite/rust/target/release/rexx-run	/home/moritz/dev/repos/ooRexx-rust-rewrite/rust/crates/rexx-exec/src/run.rs	<rexx_exec::Interp>::leave_select
13440000	BIF	/home/moritz/dev/repos/ooRexx-rust-rewrite/rust/target/release/rexx-run	/home/moritz/dev/repos/ooRexx-rust-rewrite/rust/crates/rexx-exec/src/builtin/string.rs	rexx_exec::builtin::string::length
13440000	MACH	/home/moritz/dev/repos/ooRexx-rust-rewrite/rust/target/release/rexx-run	/home/moritz/dev/repos/ooRexx-rust-rewrite/rust/crates/rexx-exec/src/run.rs	<rexx_exec::Interp>::run_loop_with_header::{closure#3}
13159992	BIF	/home/moritz/dev/repos/ooRexx-rust-rewrite/rust/target/release/rexx-run	/home/moritz/dev/repos/ooRexx-rust-rewrite/rust/crates/rexx-exec/src/builtin/state.rs	rexx_exec::builtin::state::address
12887036	CONV	/home/moritz/dev/repos/ooRexx-rust-rewrite/rust/target/release/rexx-run	/rustc/48a229ceaefd4985c50990b14116b6d856af0985/library/core/src/str/converts.rs	core::str::converts::from_utf8
12768122	CALLOC	/usr/lib/x86_64-linux-gnu/libc.so.6	./malloc/./malloc/malloc.c	_int_realloc
12042992	CALL	/home/moritz/dev/repos/ooRexx-rust-rewrite/rust/target/release/rexx-run	/home/moritz/dev/repos/ooRexx-rust-rewrite/rust/crates/rexx-exec/src/activation.rs	<rexx_exec::Interp>::push_activation
12041507	CONV	/home/moritz/dev/repos/ooRexx-rust-rewrite/rust/target/release/rexx-run	/home/moritz/dev/repos/ooRexx-rust-rewrite/rust/crates/rexx-exec/src/value.rs	<rexx_exec::Interp>::literal
12040017	MACH	/home/moritz/dev/repos/ooRexx-rust-rewrite/rust/target/release/rexx-run	/home/moritz/dev/repos/ooRexx-rust-rewrite/rust/crates/rexx-exec/src/activation.rs	<rexx_exec::activation::AddressState>::set_bytes
11771200	MACH	/home/moritz/dev/repos/ooRexx-rust-rewrite/rust/target/release/rexx-run	/home/moritz/.rustup/toolchains/stable-x86_64-unknown-linux-gnu/lib/rustlib/src/rust/library/core/src/ptr/non_null.rs	rexx_exec::trace::parse_trace_request
10920216	CALL	/home/moritz/dev/repos/ooRexx-rust-rewrite/rust/target/release/rexx-run	/home/moritz/dev/repos/ooRexx-rust-rewrite/rust/crates/rexx-exec/src/lib.rs	<rexx_exec::Interp>::shared_arguments
10920000	BIF	/home/moritz/dev/repos/ooRexx-rust-rewrite/rust/target/release/rexx-run	/home/moritz/dev/repos/ooRexx-rust-rewrite/rust/crates/rexx-exec/src/builtin/state.rs	rexx_exec::builtin::state::trace
10644028	GC	/home/moritz/dev/repos/ooRexx-rust-rewrite/rust/target/release/rexx-run	/home/moritz/.rustup/toolchains/stable-x86_64-unknown-linux-gnu/lib/rustlib/src/rust/library/alloc/src/raw_vec/mod.rs	<alloc::raw_vec::RawVecInner>::try_allocate_in
10254550	ELSE	/home/moritz/dev/repos/ooRexx-rust-rewrite/rust/target/release/rexx-run	/home/moritz/dev/repos/ooRexx-rust-rewrite/rust/crates/rexx-classes/src/method_dict.rs	<rexx_classes::method_dict::MethodDict>::add_method
10099665	GC	/home/moritz/dev/repos/ooRexx-rust-rewrite/rust/target/release/rexx-run	???	__rustc::__rust_alloc
9806160	MACH	/home/moritz/dev/repos/ooRexx-rust-rewrite/rust/target/release/rexx-run	/home/moritz/dev/repos/ooRexx-rust-rewrite/rust/crates/rexx-exec/src/eval.rs	<rexx_exec::Interp>::eval
9526800	MACH	/home/moritz/dev/repos/ooRexx-rust-rewrite/rust/target/release/rexx-run	/home/moritz/dev/repos/ooRexx-rust-rewrite/rust/crates/rexx-exec/src/activation.rs	<rexx_exec::Interp>::apply_trace_request
9520000	CONV	/home/moritz/dev/repos/ooRexx-rust-rewrite/rust/target/release/rexx-run	/home/moritz/dev/repos/ooRexx-rust-rewrite/rust/crates/rexx-exec/src/value.rs	<rexx_exec::Interp>::counted_text
9068872	LIBC	/usr/lib/x86_64-linux-gnu/libc.so.6	/build/reproducible-path/glibc-2.43/string/../sysdeps/x86_64/multiarch/memset-vec-unaligned-erms.S	__memset_avx2_unaligned_erms
9003359	GC	/home/moritz/dev/repos/ooRexx-rust-rewrite/rust/target/release/rexx-run	/home/moritz/.rustup/toolchains/stable-x86_64-unknown-linux-gnu/lib/rustlib/src/rust/library/alloc/src/raw_vec/mod.rs	<alloc::raw_vec::RawVecInner<_>>::reserve::do_reserve_and_handle::<alloc::alloc::Global>
8400000	MACH	/home/moritz/dev/repos/ooRexx-rust-rewrite/rust/target/release/rexx-run	/home/moritz/dev/repos/ooRexx-rust-rewrite/rust/crates/rexx-exec/src/run.rs	<rexx_exec::Interp>::set_sigl
8120000	ELSE	/home/moritz/dev/repos/ooRexx-rust-rewrite/rust/target/release/rexx-run	/rust/deps/hashbrown-0.17.1/src/map.rs	<hashbrown::map::HashMap<alloc::boxed::Box<[u8]>, usize, rustc_hash::FxBuildHasher> as core::clone::Clone>::clone
7840200	ARITH	/home/moritz/dev/repos/ooRexx-rust-rewrite/rust/target/release/rexx-run	/home/moritz/dev/repos/ooRexx-rust-rewrite/rust/crates/rexx-exec/src/eval.rs	rexx_exec::eval::spelled_int_arith
7560189	CALL	/home/moritz/dev/repos/ooRexx-rust-rewrite/rust/target/release/rexx-run	/home/moritz/dev/repos/ooRexx-rust-rewrite/rust/crates/rexx-exec/src/run.rs	<rexx_exec::Interp>::returned_value
7321910	GC	/home/moritz/dev/repos/ooRexx-rust-rewrite/rust/target/release/rexx-run	/home/moritz/.rustup/toolchains/stable-x86_64-unknown-linux-gnu/lib/rustlib/src/rust/library/core/src/ptr/mod.rs	core::ptr::drop_glue::<rexx_exec::run::LoopState>
7280000	MACH	/home/moritz/dev/repos/ooRexx-rust-rewrite/rust/target/release/rexx-run	/home/moritz/.rustup/toolchains/stable-x86_64-unknown-linux-gnu/lib/rustlib/src/rust/library/core/src/option.rs	<rexx_exec::Interp>::clause_line_at
7280000	MACH	/home/moritz/dev/repos/ooRexx-rust-rewrite/rust/target/release/rexx-run	/home/moritz/dev/repos/ooRexx-rust-rewrite/rust/crates/rexx-exec/src/run.rs	<rexx_exec::Interp>::printed_indent
7250295	CALLOC	/usr/lib/x86_64-linux-gnu/libc.so.6	./malloc/./malloc/malloc.c	alloc_perturb
7122375	ELSE	/home/moritz/dev/repos/ooRexx-rust-rewrite/rust/target/release/rexx-run	/rust/deps/hashbrown-0.17.1/src/raw.rs	<hashbrown::raw::RawTable<(alloc::string::String, alloc::vec::Vec<rexx_classes::method_dict::MethodSlot>)>>::reserve_rehash::<hashbrown::map::make_hasher<alloc::string::String, alloc::vec::Vec<rexx_classes::method_dict::MethodSlot>, rustc_hash::FxBuildHasher>::{closure#0}>
6160000	GC	/home/moritz/dev/repos/ooRexx-rust-rewrite/rust/target/release/rexx-run	/home/moritz/.rustup/toolchains/stable-x86_64-unknown-linux-gnu/lib/rustlib/src/rust/library/core/src/ptr/mod.rs	core::ptr::drop_glue::<rexx_exec::run::DoOutcome>
5649338	ELSE	/home/moritz/dev/repos/ooRexx-rust-rewrite/rust/target/release/rexx-run	/rust/deps/hashbrown-0.17.1/src/rustc_entry.rs	<hashbrown::map::HashMap<alloc::string::String, alloc::vec::Vec<rexx_classes::method_dict::MethodSlot>, rustc_hash::FxBuildHasher>>::rustc_entry
5604000	MACH	/home/moritz/dev/repos/ooRexx-rust-rewrite/rust/target/release/rexx-run	/home/moritz/dev/repos/ooRexx-rust-rewrite/rust/crates/rexx-exec/src/run.rs	<rexx_exec::Interp>::trace_invocation_entry
5600120	MACH	/home/moritz/dev/repos/ooRexx-rust-rewrite/rust/target/release/rexx-run	/home/moritz/dev/repos/ooRexx-rust-rewrite/rust/crates/rexx-exec/src/run.rs	<rexx_exec::Interp>::trace_invocation_exit
5593310	ELSE	/home/moritz/dev/repos/ooRexx-rust-rewrite/rust/target/release/rexx-run	/home/moritz/dev/repos/ooRexx-rust-rewrite/rust/crates/rexx-parse/src/lib.rs	rexx_parse::parse
5041800	MACH	/home/moritz/dev/repos/ooRexx-rust-rewrite/rust/target/release/rexx-run	/home/moritz/dev/repos/ooRexx-rust-rewrite/rust/crates/rexx-exec/src/trace.rs	rexx_exec::trace::is_whole_number
4760000	MACH	/home/moritz/dev/repos/ooRexx-rust-rewrite/rust/target/release/rexx-run	/home/moritz/dev/repos/ooRexx-rust-rewrite/rust/crates/rexx-exec/src/redirect.rs	<rexx_exec::Interp>::store_io_config
3926363	GC	/home/moritz/dev/repos/ooRexx-rust-rewrite/rust/target/release/rexx-run	/home/moritz/.rustup/toolchains/stable-x86_64-unknown-linux-gnu/lib/rustlib/src/rust/library/alloc/src/boxed.rs	alloc::boxed::box_new_uninit
3360000	VCMP	/home/moritz/dev/repos/ooRexx-rust-rewrite/rust/target/release/rexx-run	/home/moritz/dev/repos/ooRexx-rust-rewrite/rust/crates/rexx-exec/src/stem.rs	<rexx_exec::Interp>::stem_assign_at
2800060	GC	/home/moritz/dev/repos/ooRexx-rust-rewrite/rust/target/release/rexx-run	/home/moritz/.rustup/toolchains/stable-x86_64-unknown-linux-gnu/lib/rustlib/src/rust/library/alloc/src/rc.rs	<alloc::rc::Rc<[u8]>>::drop_slow
2585351	ELSE	/home/moritz/dev/repos/ooRexx-rust-rewrite/rust/target/release/rexx-run	/home/moritz/dev/repos/ooRexx-rust-rewrite/rust/crates/rexx-parse/src/token.rs	<rexx_parse::token::SymbolTable>::intern
2520900	CONV	/home/moritz/dev/repos/ooRexx-rust-rewrite/rust/target/release/rexx-run	/home/moritz/dev/repos/ooRexx-rust-rewrite/rust/crates/rexx-core/src/handle.rs	<rexx_exec::Interp>::required_string_value
2520600	GC	/home/moritz/dev/repos/ooRexx-rust-rewrite/rust/target/release/rexx-run	/home/moritz/.rustup/toolchains/stable-x86_64-unknown-linux-gnu/lib/rustlib/src/rust/library/core/src/ptr/mod.rs	core::ptr::drop_glue::<core::option::Option<rexx_num::Number>>
2479484	ELSE	/home/moritz/dev/repos/ooRexx-rust-rewrite/rust/target/release/rexx-run	/home/moritz/dev/repos/ooRexx-rust-rewrite/rust/crates/rexx-parse/src/lib.rs	rexx_parse::parse_program
1943221	ELSE	/home/moritz/dev/repos/ooRexx-rust-rewrite/rust/target/release/rexx-run	/home/moritz/dev/repos/ooRexx-rust-rewrite/rust/crates/rexx-parse/src/scanner.rs	<rexx_parse::scanner::Scanner>::locate_token
1559208	GC	/home/moritz/dev/repos/ooRexx-rust-rewrite/rust/target/release/rexx-run	/home/moritz/.rustup/toolchains/stable-x86_64-unknown-linux-gnu/lib/rustlib/src/rust/library/alloc/src/raw_vec/mod.rs	<alloc::raw_vec::RawVec<rexx_classes::method_dict::MethodSlot>>::grow_one
1488386	MACH	/home/moritz/dev/repos/ooRexx-rust-rewrite/rust/target/release/rexx-run	/home/moritz/dev/repos/ooRexx-rust-rewrite/rust/crates/rexx-core/src/body.rs	<rexx_core::body::Body>::trace
1428594	GC	/home/moritz/dev/repos/ooRexx-rust-rewrite/rust/target/release/rexx-run	/home/moritz/.rustup/toolchains/stable-x86_64-unknown-linux-gnu/lib/rustlib/src/rust/library/core/src/ptr/mod.rs	core::ptr::drop_glue::<rexx_classes::method_dict::MethodDict>
1402097	ELSE	/home/moritz/dev/repos/ooRexx-rust-rewrite/rust/target/release/rexx-run	/home/moritz/dev/repos/ooRexx-rust-rewrite/rust/crates/rexx-classes/src/class_graph.rs	<rexx_classes::class_graph::ClassGraph>::cascade_build'2
1400060	GC	/home/moritz/dev/repos/ooRexx-rust-rewrite/rust/target/release/rexx-run	/home/moritz/.rustup/toolchains/stable-x86_64-unknown-linux-gnu/lib/rustlib/src/rust/library/alloc/src/rc.rs	<alloc::rc::Rc<[core::option::Option<rexx_core::handle::ObjRef>]>>::drop_slow
1251680	ELSE	/home/moritz/dev/repos/ooRexx-rust-rewrite/rust/target/release/rexx-run	/home/moritz/dev/repos/ooRexx-rust-rewrite/rust/crates/rexx-parse/src/block.rs	rexx_parse::block::translate_block
840209	ELSE	/home/moritz/dev/repos/ooRexx-rust-rewrite/rust/target/release/rexx-run	/home/moritz/dev/repos/ooRexx-rust-rewrite/rust/crates/rexx-classes/src/class_graph.rs	<rexx_classes::class_graph::ClassGraph>::cascade_build
626003	ELSE	/home/moritz/dev/repos/ooRexx-rust-rewrite/rust/target/release/rexx-run	/home/moritz/dev/repos/ooRexx-rust-rewrite/rust/crates/rexx-parse/src/expr.rs	<rexx_parse::expr::Parser>::is_terminator
508470	ELSE	/home/moritz/dev/repos/ooRexx-rust-rewrite/rust/target/release/rexx-run	/home/moritz/dev/repos/ooRexx-rust-rewrite/rust/crates/rexx-parse/src/instruction.rs	<rexx_parse::instruction::Inst>::keyword
501225	ELSE	/home/moritz/dev/repos/ooRexx-rust-rewrite/rust/target/release/rexx-run	/home/moritz/dev/repos/ooRexx-rust-rewrite/rust/crates/rexx-parse/src/ast.rs	<rexx_parse::ast::Expr as core::ops::drop::Drop>::drop
375392	ELSE	/home/moritz/dev/repos/ooRexx-rust-rewrite/rust/target/release/rexx-run	/home/moritz/dev/repos/ooRexx-rust-rewrite/rust/crates/rexx-classes/src/method_dict.rs	<rexx_classes::method_dict::MethodDict>::add_scope
362846	ELSE	/home/moritz/dev/repos/ooRexx-rust-rewrite/rust/target/release/rexx-run	/home/moritz/dev/repos/ooRexx-rust-rewrite/rust/crates/rexx-parse/src/scanner.rs	<rexx_parse::scanner::Scanner>::scan_comment
353976	ELSE	/home/moritz/dev/repos/ooRexx-rust-rewrite/rust/target/release/rexx-run	/home/moritz/dev/repos/ooRexx-rust-rewrite/rust/crates/rexx-exec/src/lib.rs	rexx_exec::execute
351522	ELSE	/home/moritz/dev/repos/ooRexx-rust-rewrite/rust/target/release/rexx-run	/home/moritz/dev/repos/ooRexx-rust-rewrite/rust/crates/rexx-parse/src/ast.rs	<rexx_parse::ast::Expr as core::ops::drop::Drop>::drop'2
349388	ELSE	/home/moritz/dev/repos/ooRexx-rust-rewrite/rust/target/release/rexx-run	/home/moritz/dev/repos/ooRexx-rust-rewrite/rust/crates/rexx-parse/src/block.rs	<rexx_parse::block::Block>::add_clause::{closure#0}
329332	ELSE	/home/moritz/dev/repos/ooRexx-rust-rewrite/rust/target/release/rexx-run	/home/moritz/dev/repos/ooRexx-rust-rewrite/rust/crates/rexx-parse/src/block.rs	rexx_parse::block::visit_expr::<<rexx_parse::block::Block>::add_clause::{closure#0}>
321377	CALLOC	/usr/lib/x86_64-linux-gnu/libc.so.6	./malloc/./malloc/malloc.c	sysmalloc
319206	ELSE	/home/moritz/dev/repos/ooRexx-rust-rewrite/rust/target/release/rexx-run	/home/moritz/dev/repos/ooRexx-rust-rewrite/rust/crates/rexx-classes/src/method_dict.rs	<rexx_classes::method_dict::MethodDict>::merge
305119	ELSE	/home/moritz/dev/repos/ooRexx-rust-rewrite/rust/target/release/rexx-run	/home/moritz/dev/repos/ooRexx-rust-rewrite/rust/crates/rexx-exec/src/lib.rs	<rexx_exec::Interp>::install_directives
302330	ELSE	/home/moritz/dev/repos/ooRexx-rust-rewrite/rust/target/release/rexx-run	/home/moritz/.rustup/toolchains/stable-x86_64-unknown-linux-gnu/lib/rustlib/src/rust/library/core/src/hash/mod.rs	<std::hash::random::RandomState as core::hash::BuildHasher>::hash_one::<&alloc::boxed::Box<str>>
293889	GC	/home/moritz/dev/repos/ooRexx-rust-rewrite/rust/target/release/rexx-run	/home/moritz/.rustup/toolchains/stable-x86_64-unknown-linux-gnu/lib/rustlib/src/rust/library/core/src/ptr/mod.rs	core::ptr::drop_glue::<rexx_parse::ast::ExprKind>
248756	ELSE	/home/moritz/dev/repos/ooRexx-rust-rewrite/rust/target/release/rexx-run	/home/moritz/dev/repos/ooRexx-rust-rewrite/rust/crates/rexx-parse/src/expr.rs	<rexx_parse::expr::Parser>::subterm
236051	GC	/home/moritz/dev/repos/ooRexx-rust-rewrite/rust/target/release/rexx-run	/home/moritz/.rustup/toolchains/stable-x86_64-unknown-linux-gnu/lib/rustlib/src/rust/library/core/src/ptr/mod.rs	core::ptr::drop_glue::<hashbrown::raw::RawTable<(alloc::string::String, alloc::vec::Vec<rexx_classes::method_dict::MethodSlot>)>>
230929	ELSE	/home/moritz/dev/repos/ooRexx-rust-rewrite/rust/target/release/rexx-run	/home/moritz/dev/repos/ooRexx-rust-rewrite/rust/crates/rexx-parse/src/expr.rs	<rexx_parse::expr::Parser>::binary_rest
223888	ELSE	/home/moritz/dev/repos/ooRexx-rust-rewrite/rust/target/release/rexx-run	/home/moritz/dev/repos/ooRexx-rust-rewrite/rust/crates/rexx-parse/src/ast.rs	<rexx_parse::ast::Expr>::new
216072	ELSE	/home/moritz/dev/repos/ooRexx-rust-rewrite/rust/target/release/rexx-run	/home/moritz/dev/repos/ooRexx-rust-rewrite/rust/crates/rexx-parse/src/expr.rs	<rexx_parse::expr::Parser>::message_subterm
207863	ELSE	/home/moritz/dev/repos/ooRexx-rust-rewrite/rust/target/release/rexx-run	/home/moritz/dev/repos/ooRexx-rust-rewrite/rust/crates/rexx-parse/src/expr.rs	<rexx_parse::expr::Parser>::arg_list_inner
199798	ELSE	/home/moritz/dev/repos/ooRexx-rust-rewrite/rust/target/release/rexx-run	/home/moritz/dev/repos/ooRexx-rust-rewrite/rust/crates/rexx-parse/src/block.rs	<rexx_parse::block::Block>::add_clause
194937	ELSE	/home/moritz/dev/repos/ooRexx-rust-rewrite/rust/target/release/rexx-run	/home/moritz/dev/repos/ooRexx-rust-rewrite/rust/crates/rexx-parse/src/selector.rs	<rexx_parse::selector::SelectorTable>::intern
191006	ELSE	/home/moritz/dev/repos/ooRexx-rust-rewrite/rust/target/release/rexx-run	/home/moritz/dev/repos/ooRexx-rust-rewrite/rust/crates/rexx-parse/src/expr.rs	<rexx_parse::expr::Parser>::cascade
178695	ELSE	/home/moritz/dev/repos/ooRexx-rust-rewrite/rust/target/release/rexx-run	/home/moritz/dev/repos/ooRexx-rust-rewrite/rust/crates/rexx-parse/src/expr.rs	<rexx_parse::expr::Parser>::message
173194	ELSE	/home/moritz/dev/repos/ooRexx-rust-rewrite/rust/target/release/rexx-run	/home/moritz/dev/repos/ooRexx-rust-rewrite/rust/crates/rexx-exec/src/dispatch/hash.rs	rexx_exec::dispatch::hash::read_parts
165303	ELSE	/home/moritz/dev/repos/ooRexx-rust-rewrite/rust/target/release/rexx-run	/home/moritz/dev/repos/ooRexx-rust-rewrite/rust/crates/rexx-parse/src/expr.rs	<rexx_parse::expr::Parser>::full_subexpression
162242	ELSE	/home/moritz/dev/repos/ooRexx-rust-rewrite/rust/target/release/rexx-run	/home/moritz/dev/repos/ooRexx-rust-rewrite/rust/crates/rexx-exec/src/ir/compile.rs	rexx_exec::ir::compile::compile
156187	ELSE	/home/moritz/dev/repos/ooRexx-rust-rewrite/rust/target/release/rexx-run	/home/moritz/dev/repos/ooRexx-rust-rewrite/rust/crates/rexx-parse/src/expr.rs	<rexx_parse::expr::Parser>::message_term
155523	ELSE	/home/moritz/dev/repos/ooRexx-rust-rewrite/rust/target/release/rexx-run	/home/moritz/dev/repos/ooRexx-rust-rewrite/rust/crates/rexx-parse/src/block.rs	<rexx_parse::block::Block>::flush_control
154984	ELSE	/home/moritz/dev/repos/ooRexx-rust-rewrite/rust/target/release/rexx-run	/home/moritz/dev/repos/ooRexx-rust-rewrite/rust/crates/rexx-classes/src/class_graph.rs	<rexx_classes::class_graph::ClassGraph>::rebuild_behaviour
142643	ELSE	/home/moritz/dev/repos/ooRexx-rust-rewrite/rust/target/release/rexx-run	/home/moritz/dev/repos/ooRexx-rust-rewrite/rust/crates/rexx-classes/src/method_dict.rs	<rexx_classes::method_dict::MethodDict>::slot
140605	ELSE	/home/moritz/dev/repos/ooRexx-rust-rewrite/rust/target/release/rexx-run	/home/moritz/.rustup/toolchains/stable-x86_64-unknown-linux-gnu/lib/rustlib/src/rust/library/core/src/hash/mod.rs	<std::hash::random::RandomState as core::hash::BuildHasher>::hash_one::<&(core::option::Option<usize>, bool, alloc::vec::Vec<u8>)>
133371	ELSE	/home/moritz/dev/repos/ooRexx-rust-rewrite/rust/target/release/rexx-run	/home/moritz/dev/repos/ooRexx-rust-rewrite/rust/crates/rexx-exec/src/lib.rs	rexx_exec::method_dictionary_keys
131743	ELSE	/home/moritz/dev/repos/ooRexx-rust-rewrite/rust/target/release/rexx-run	/home/moritz/dev/repos/ooRexx-rust-rewrite/rust/crates/rexx-exec/src/dispatch.rs	<rexx_exec::dispatch::ObjectModel>::build
126631	ELSE	/home/moritz/dev/repos/ooRexx-rust-rewrite/rust/target/release/rexx-run	/home/moritz/dev/repos/ooRexx-rust-rewrite/rust/crates/rexx-exec/src/dispatch/native.rs	rexx_exec::dispatch::native::method_external
126553	ELSE	/home/moritz/dev/repos/ooRexx-rust-rewrite/rust/target/release/rexx-run	/rust/deps/hashbrown-0.17.1/src/raw.rs	<hashbrown::raw::RawTable<(rexx_core::handle::ObjRef, alloc::vec::Vec<rexx_core::handle::ObjRef>)>>::reserve_rehash::<hashbrown::map::make_hasher<rexx_core::handle::ObjRef, alloc::vec::Vec<rexx_core::handle::ObjRef>, rustc_hash::FxBuildHasher>::{closure#0}>
124663	ELSE	/home/moritz/dev/repos/ooRexx-rust-rewrite/rust/target/release/rexx-run	/home/moritz/dev/repos/ooRexx-rust-rewrite/rust/crates/rexx-parse/src/block.rs	<rexx_parse::block::Block>::finish
123376	ELSE	/usr/lib/x86_64-linux-gnu/ld-linux-x86-64.so.2	./elf/./elf/dl-reloc.c	_dl_relocate_object_no_relro
114090	GC	/home/moritz/dev/repos/ooRexx-rust-rewrite/rust/target/release/rexx-run	/home/moritz/.rustup/toolchains/stable-x86_64-unknown-linux-gnu/lib/rustlib/src/rust/library/core/src/ptr/mod.rs	core::ptr::drop_glue::<rexx_parse::ast::ExprKind>'2
112344	GC	/home/moritz/dev/repos/ooRexx-rust-rewrite/rust/target/release/rexx-run	/home/moritz/.rustup/toolchains/stable-x86_64-unknown-linux-gnu/lib/rustlib/src/rust/library/alloc/src/raw_vec/mod.rs	<alloc::raw_vec::RawVec<core::option::Option<rexx_parse::ast::Expr>>>::grow_one
107046	ELSE	/home/moritz/dev/repos/ooRexx-rust-rewrite/rust/target/release/rexx-run	/home/moritz/dev/repos/ooRexx-rust-rewrite/rust/crates/rexx-parse/src/expr.rs	<rexx_parse::expr::Parser>::message_subterm'2
106454	ELSE	/home/moritz/dev/repos/ooRexx-rust-rewrite/rust/target/release/rexx-run	/rust/deps/hashbrown-0.17.1/src/map.rs	<hashbrown::map::HashMap<alloc::string::String, alloc::vec::Vec<rexx_classes::method_dict::MethodSlot>, rustc_hash::FxBuildHasher>>::insert
98383	GC	/home/moritz/dev/repos/ooRexx-rust-rewrite/rust/target/release/rexx-run	/home/moritz/.rustup/toolchains/stable-x86_64-unknown-linux-gnu/lib/rustlib/src/rust/library/core/src/ptr/mod.rs	core::ptr::drop_glue::<rexx_parse::ast::Instruction>
91282	ELSE	/home/moritz/dev/repos/ooRexx-rust-rewrite/rust/target/release/rexx-run	/home/moritz/dev/repos/ooRexx-rust-rewrite/rust/crates/rexx-classes/src/method_dict.rs	<rexx_classes::method_dict::MethodDict>::replace_method
86156	ELSE	/home/moritz/dev/repos/ooRexx-rust-rewrite/rust/target/release/rexx-run	/home/moritz/dev/repos/ooRexx-rust-rewrite/rust/crates/rexx-parse/src/scanner.rs	<rexx_parse::scanner::Scanner>::next_special
85199	ELSE	/home/moritz/dev/repos/ooRexx-rust-rewrite/rust/target/release/rexx-run	/rust/deps/hashbrown-0.17.1/src/raw.rs	<hashbrown::raw::RawTable<(alloc::boxed::Box<str>, rexx_parse::token::SymbolId)>>::reserve_rehash::<hashbrown::map::make_hasher<alloc::boxed::Box<str>, rexx_parse::token::SymbolId, std::hash::random::RandomState>::{closure#0}>
83174	ELSE	/home/moritz/dev/repos/ooRexx-rust-rewrite/rust/target/release/rexx-run	/home/moritz/.rustup/toolchains/stable-x86_64-unknown-linux-gnu/lib/rustlib/src/rust/library/core/src/hash/mod.rs	<std::hash::random::RandomState as core::hash::BuildHasher>::hash_one::<&rexx_exec::plan::ProgramId>
80463	ELSE	/home/moritz/dev/repos/ooRexx-rust-rewrite/rust/target/release/rexx-run	/home/moritz/.cargo/registry/src/index.crates.io-1949cf8c6b5b557f/chrono-0.4.45/src/offset/local/mod.rs	<chrono::offset::local::Local as chrono::offset::TimeZone>::offset_from_utc_datetime
79487	ELSE	/home/moritz/dev/repos/ooRexx-rust-rewrite/rust/target/release/rexx-run	/home/moritz/dev/repos/ooRexx-rust-rewrite/rust/crates/rexx-exec/src/lib.rs	<rexx_exec::Interp>::install_class_members
78382	BIF	/home/moritz/dev/repos/ooRexx-rust-rewrite/rust/target/release/rexx-run	/home/moritz/dev/repos/ooRexx-rust-rewrite/rust/crates/rexx-exec/src/builtin/datetime.rs	rexx_exec::builtin::datetime::time
72532	ELSE	/home/moritz/dev/repos/ooRexx-rust-rewrite/rust/target/release/rexx-run	/home/moritz/dev/repos/ooRexx-rust-rewrite/rust/crates/rexx-parse/src/directive.rs	<rexx_parse::directive::Dir>::method
68271	ELSE	/usr/lib/x86_64-linux-gnu/ld-linux-x86-64.so.2	./elf/./elf/dl-lookup.c	do_lookup_x
66773	ELSE	/home/moritz/dev/repos/ooRexx-rust-rewrite/rust/target/release/rexx-run	/home/moritz/dev/repos/ooRexx-rust-rewrite/rust/crates/rexx-classes/src/class_graph.rs	<rexx_classes::class_graph::ClassGraph>::copy_instance_behaviour
63443	ELSE	/home/moritz/dev/repos/ooRexx-rust-rewrite/rust/target/release/rexx-run	/rustc/48a229ceaefd4985c50990b14116b6d856af0985/library/alloc/src/fmt.rs	alloc::fmt::format::format_inner
62358	ELSE	/home/moritz/dev/repos/ooRexx-rust-rewrite/rust/target/release/rexx-run	/rustc/48a229ceaefd4985c50990b14116b6d856af0985/library/core/src/fmt/mod.rs	<core::fmt::Formatter>::pad_integral
62068	ELSE	/home/moritz/dev/repos/ooRexx-rust-rewrite/rust/target/release/rexx-run	/rustc/48a229ceaefd4985c50990b14116b6d856af0985/library/core/src/fmt/mod.rs	core::fmt::write
61667	ELSE	/home/moritz/dev/repos/ooRexx-rust-rewrite/rust/target/release/rexx-run	/home/moritz/dev/repos/ooRexx-rust-rewrite/rust/crates/rexx-parse/src/expr.rs	<rexx_parse::expr::Parser>::binary_rest'2
60074	ELSE	/home/moritz/dev/repos/ooRexx-rust-rewrite/rust/target/release/rexx-run	/home/moritz/dev/repos/ooRexx-rust-rewrite/rust/crates/rexx-parse/src/expr.rs	rexx_parse::expr::parse_variable_or_message_term
59770	ELSE	/home/moritz/dev/repos/ooRexx-rust-rewrite/rust/target/release/rexx-run	/home/moritz/.rustup/toolchains/stable-x86_64-unknown-linux-gnu/lib/rustlib/src/rust/library/alloc/src/collections/btree/map.rs	<alloc::collections::btree::map::IntoIter<alloc::boxed::Box<[u8]>, alloc::collections::btree::set_val::SetValZST>>::dying_next
59072	ELSE	/home/moritz/dev/repos/ooRexx-rust-rewrite/rust/target/release/rexx-run	/home/moritz/.rustup/toolchains/stable-x86_64-unknown-linux-gnu/lib/rustlib/src/rust/library/core/src/hash/mod.rs	<std::hash::random::RandomState as core::hash::BuildHasher>::hash_one::<&alloc::sync::Arc<[u8]>>
56047	ELSE	/home/moritz/dev/repos/ooRexx-rust-rewrite/rust/target/release/rexx-run	/home/moritz/dev/repos/ooRexx-rust-rewrite/rust/crates/rexx-exec/src/lib.rs	rexx_exec::member_dictionary_keys
55358	GC	/home/moritz/dev/repos/ooRexx-rust-rewrite/rust/target/release/rexx-run	/home/moritz/.rustup/toolchains/stable-x86_64-unknown-linux-gnu/lib/rustlib/src/rust/library/core/src/ptr/mod.rs	core::ptr::drop_glue::<rexx_parse::ast::CodeBody>
54256	ELSE	/home/moritz/dev/repos/ooRexx-rust-rewrite/rust/target/release/rexx-run	/home/moritz/dev/repos/ooRexx-rust-rewrite/rust/crates/rexx-parse/src/instruction.rs	<rexx_parse::instruction::Inst>::create_loop
54018	ELSE	/home/moritz/dev/repos/ooRexx-rust-rewrite/rust/target/release/rexx-run	/home/moritz/dev/repos/ooRexx-rust-rewrite/rust/crates/rexx-exec/src/lib.rs	<rexx_exec::Interp>::install_one_method
52711	ELSE	/home/moritz/dev/repos/ooRexx-rust-rewrite/rust/target/release/rexx-run	/home/moritz/dev/repos/ooRexx-rust-rewrite/rust/crates/rexx-classes/src/class_graph.rs	<rexx_classes::class_graph::ClassGraph>::update_instance_sub_classes
52513	ELSE	/home/moritz/dev/repos/ooRexx-rust-rewrite/rust/target/release/rexx-run	/home/moritz/dev/repos/ooRexx-rust-rewrite/rust/crates/rexx-classes/src/class_graph.rs	<rexx_classes::class_graph::ClassGraph>::define
49600	ELSE	/home/moritz/dev/repos/ooRexx-rust-rewrite/rust/target/release/rexx-run	/home/moritz/dev/repos/ooRexx-rust-rewrite/rust/crates/rexx-exec/src/builtin/datetime.rs	<rexx_exec::builtin::datetime::Timestamp>::set_base_time
49483	ELSE	/home/moritz/dev/repos/ooRexx-rust-rewrite/rust/target/release/rexx-run	/home/moritz/.rustup/toolchains/stable-x86_64-unknown-linux-gnu/lib/rustlib/src/rust/library/alloc/src/collections/btree/map.rs	<alloc::collections::btree::map::IntoIter<alloc::vec::Vec<u8>, alloc::vec::Vec<bool>>>::dying_next
49386	ELSE	/home/moritz/dev/repos/ooRexx-rust-rewrite/rust/target/release/rexx-run	/home/moritz/dev/repos/ooRexx-rust-rewrite/rust/crates/rexx-parse/src/expr.rs	<rexx_parse::expr::Parser>::subterm'2
47806	ELSE	/usr/lib/x86_64-linux-gnu/libc.so.6	./stdio-common/./stdio-common/vfscanf-internal.c	__vfscanf_internal
47356	ELSE	/home/moritz/dev/repos/ooRexx-rust-rewrite/rust/target/release/rexx-run	/rustc/48a229ceaefd4985c50990b14116b6d856af0985/library/alloc/src/string.rs	<alloc::string::String as core::fmt::Write>::write_str
47342	ELSE	/home/moritz/dev/repos/ooRexx-rust-rewrite/rust/target/release/rexx-run	/home/moritz/dev/repos/ooRexx-rust-rewrite/rust/crates/rexx-parse/src/expr.rs	<rexx_parse::expr::Parser>::comma_list
46994	ELSE	/home/moritz/dev/repos/ooRexx-rust-rewrite/rust/target/release/rexx-run	/home/moritz/dev/repos/ooRexx-rust-rewrite/rust/crates/rexx-parse/src/instruction.rs	<rexx_parse::instruction::Inst>::finish_split
46396	ELSE	/usr/lib/x86_64-linux-gnu/libc.so.6	./stdlib/./stdlib/getenv.c	getenv
44558	ELSE	/home/moritz/dev/repos/ooRexx-rust-rewrite/rust/target/release/rexx-run	/rustc/48a229ceaefd4985c50990b14116b6d856af0985/library/core/src/str/lossy.rs	<core::str::lossy::Utf8Chunks as core::iter::traits::iterator::Iterator>::next
43622	ELSE	/home/moritz/dev/repos/ooRexx-rust-rewrite/rust/target/release/rexx-run	/home/moritz/dev/repos/ooRexx-rust-rewrite/rust/crates/rexx-parse/src/expr.rs	<rexx_parse::expr::Parser>::cascade'2
42338	ELSE	/home/moritz/dev/repos/ooRexx-rust-rewrite/rust/target/release/rexx-run	/home/moritz/dev/repos/ooRexx-rust-rewrite/rust/crates/rexx-core/src/handle.rs	<rexx_exec::Interp>::receiver_kind
42274	ELSE	/home/moritz/dev/repos/ooRexx-rust-rewrite/rust/target/release/rexx-run	/home/moritz/dev/repos/ooRexx-rust-rewrite/rust/crates/rexx-exec/src/dispatch.rs	rexx_exec::dispatch::array_slots
41343	ELSE	/home/moritz/dev/repos/ooRexx-rust-rewrite/rust/target/release/rexx-run	/home/moritz/dev/repos/ooRexx-rust-rewrite/rust/crates/rexx-exec/src/plan.rs	<rexx_exec::plan::Plan>::build
40677	ELSE	/home/moritz/dev/repos/ooRexx-rust-rewrite/rust/target/release/rexx-run	/home/moritz/.rustup/toolchains/stable-x86_64-unknown-linux-gnu/lib/rustlib/src/rust/library/core/src/hash/mod.rs	<std::hash::random::RandomState as core::hash::BuildHasher>::hash_one::<&rexx_core::body::MethodId>
40047	ELSE	/home/moritz/dev/repos/ooRexx-rust-rewrite/rust/target/release/rexx-run	/home/moritz/dev/repos/ooRexx-rust-rewrite/rust/crates/rexx-parse/src/instruction.rs	<rexx_parse::instruction::Inst>::finish
39645	ELSE	/usr/lib/x86_64-linux-gnu/ld-linux-x86-64.so.2	./elf/./elf/dl-lookup.c	_dl_lookup_symbol_x
36960	GC	/home/moritz/dev/repos/ooRexx-rust-rewrite/rust/target/release/rexx-run	/home/moritz/.rustup/toolchains/stable-x86_64-unknown-linux-gnu/lib/rustlib/src/rust/library/core/src/ptr/mod.rs	core::ptr::drop_glue::<alloc::vec::Vec<core::option::Option<rexx_parse::ast::Expr>>>
36828	ELSE	/home/moritz/dev/repos/ooRexx-rust-rewrite/rust/target/release/rexx-run	/home/moritz/dev/repos/ooRexx-rust-rewrite/rust/crates/rexx-parse/src/ast.rs	<rexx_parse::ast::Expr>::binary
36504	ELSE	/home/moritz/dev/repos/ooRexx-rust-rewrite/rust/target/release/rexx-run	/home/moritz/.rustup/toolchains/stable-x86_64-unknown-linux-gnu/lib/rustlib/src/rust/library/core/src/hash/mod.rs	<std::hash::random::RandomState as core::hash::BuildHasher>::hash_one::<&alloc::vec::Vec<u8>>
34119	ELSE	/home/moritz/dev/repos/ooRexx-rust-rewrite/rust/target/release/rexx-run	/rust/deps/hashbrown-0.17.1/src/raw.rs	<hashbrown::raw::RawTable<((core::option::Option<usize>, bool, alloc::vec::Vec<u8>), usize)>>::reserve_rehash::<hashbrown::map::make_hasher<(core::option::Option<usize>, bool, alloc::vec::Vec<u8>), usize, std::hash::random::RandomState>::{closure#0}>
32880	GC	/home/moritz/dev/repos/ooRexx-rust-rewrite/rust/target/release/rexx-run	/home/moritz/.rustup/toolchains/stable-x86_64-unknown-linux-gnu/lib/rustlib/src/rust/library/alloc/src/raw_vec/mod.rs	<alloc::raw_vec::RawVec<rexx_core::handle::ObjRef>>::grow_one
32424	ELSE	/home/moritz/dev/repos/ooRexx-rust-rewrite/rust/target/release/rexx-run	/rustc/48a229ceaefd4985c50990b14116b6d856af0985/library/alloc/src/string.rs	<alloc::string::String as core::fmt::Write>::write_char
32010	ELSE	/home/moritz/dev/repos/ooRexx-rust-rewrite/rust/target/release/rexx-run	/home/moritz/dev/repos/ooRexx-rust-rewrite/rust/crates/rexx-parse/src/directive.rs	<rexx_parse::directive::Dir>::decode_external
30567	ELSE	/home/moritz/dev/repos/ooRexx-rust-rewrite/rust/target/release/rexx-run	/rustc/48a229ceaefd4985c50990b14116b6d856af0985/library/core/src/fmt/num.rs	<u64>::_fmt_inner
30540	GC	/home/moritz/dev/repos/ooRexx-rust-rewrite/rust/target/release/rexx-run	/home/moritz/.rustup/toolchains/stable-x86_64-unknown-linux-gnu/lib/rustlib/src/rust/library/core/src/ptr/mod.rs	core::ptr::drop_glue::<rexx_parse::token::SymbolTable>
30473	ELSE	/home/moritz/dev/repos/ooRexx-rust-rewrite/rust/target/release/rexx-run	/home/moritz/dev/repos/ooRexx-rust-rewrite/rust/crates/rexx-exec/src/dispatch.rs	<rexx_exec::Interp>::message_term
30139	ELSE	/home/moritz/dev/repos/ooRexx-rust-rewrite/rust/target/release/rexx-run	/home/moritz/dev/repos/ooRexx-rust-rewrite/rust/crates/rexx-parse/src/instruction.rs	<rexx_parse::instruction::Inst>::parse_instruction_body
29600	ELSE	/home/moritz/dev/repos/ooRexx-rust-rewrite/rust/target/release/rexx-run	/rustc/48a229ceaefd4985c50990b14116b6d856af0985/library/std/src/sys/pal/unix/time.rs	<std::sys::pal::unix::time::Timespec>::sub_timespec
29250	ELSE	/home/moritz/dev/repos/ooRexx-rust-rewrite/rust/target/release/rexx-run	/home/moritz/dev/repos/ooRexx-rust-rewrite/rust/crates/rexx-classes/src/registry.rs	<rexx_classes::registry::ClassRegistry>::is_a'2
29004	ELSE	/home/moritz/dev/repos/ooRexx-rust-rewrite/rust/target/release/rexx-run	/home/moritz/dev/repos/ooRexx-rust-rewrite/rust/crates/rexx-parse/src/instruction.rs	<rexx_parse::instruction::Inst>::if_instruction
28746	ELSE	/home/moritz/dev/repos/ooRexx-rust-rewrite/rust/target/release/rexx-run	/rust/deps/hashbrown-0.17.1/src/map.rs	<hashbrown::map::HashMap<alloc::string::String, rexx_core::handle::ObjRef, rustc_hash::FxBuildHasher>>::get::<alloc::string::String>
28184	ELSE	/home/moritz/dev/repos/ooRexx-rust-rewrite/rust/target/release/rexx-run	/home/moritz/dev/repos/ooRexx-rust-rewrite/rust/crates/rexx-classes/src/registry.rs	<rexx_classes::registry::ClassRegistry>::lookup
27298	ELSE	/home/moritz/dev/repos/ooRexx-rust-rewrite/rust/target/release/rexx-run	/home/moritz/dev/repos/ooRexx-rust-rewrite/rust/crates/rexx-parse/src/expr.rs	<rexx_parse::expr::Parser>::arg_list_inner'2
26334	ELSE	/home/moritz/dev/repos/ooRexx-rust-rewrite/rust/target/release/rexx-run	/rustc/48a229ceaefd4985c50990b14116b6d856af0985/library/core/src/fmt/num.rs	<i64 as core::fmt::Display>::fmt
26245	ELSE	/usr/lib/x86_64-linux-gnu/ld-linux-x86-64.so.2	/build/reproducible-path/glibc-2.43/string/../sysdeps/x86_64/multiarch/../multiarch/strcmp-sse2.S	strcmp
25764	ELSE	/home/moritz/dev/repos/ooRexx-rust-rewrite/rust/target/release/rexx-run	/rust/deps/hashbrown-0.17.1/src/map.rs	<hashbrown::map::HashMap<rexx_core::body::MethodId, rexx_exec::InstalledMethodBody, rustc_hash::FxBuildHasher>>::insert
25680	GC	/home/moritz/dev/repos/ooRexx-rust-rewrite/rust/target/release/rexx-run	/home/moritz/.rustup/toolchains/stable-x86_64-unknown-linux-gnu/lib/rustlib/src/rust/library/alloc/src/raw_vec/mod.rs	<alloc::raw_vec::RawVec<&rexx_parse::ast::Expr>>::grow_one
25091	ELSE	/home/moritz/dev/repos/ooRexx-rust-rewrite/rust/target/release/rexx-run	/home/moritz/dev/repos/ooRexx-rust-rewrite/rust/crates/rexx-classes/src/registry.rs	<rexx_classes::registry::ClassRegistry>::is_a
24602	ELSE	/home/moritz/dev/repos/ooRexx-rust-rewrite/rust/target/release/rexx-run	/home/moritz/dev/repos/ooRexx-rust-rewrite/rust/crates/rexx-exec/src/dispatch.rs	<rexx_exec::Interp>::receiver_behaviour
24413	ELSE	/home/moritz/dev/repos/ooRexx-rust-rewrite/rust/target/release/rexx-run	/home/moritz/dev/repos/ooRexx-rust-rewrite/rust/crates/rexx-parse/src/instruction.rs	<rexx_parse::instruction::Inst>::logical
23600	ELSE	/home/moritz/dev/repos/ooRexx-rust-rewrite/rust/target/release/rexx-run	/home/moritz/.cargo/registry/src/index.crates.io-1949cf8c6b5b557f/chrono-0.4.45/src/naive/date/mod.rs	<chrono::naive::date::NaiveDate>::from_num_days_from_ce_opt
23600	BIF	/home/moritz/dev/repos/ooRexx-rust-rewrite/rust/target/release/rexx-run	/home/moritz/dev/repos/ooRexx-rust-rewrite/rust/crates/rexx-exec/src/builtin/datetime.rs	rexx_exec::builtin::datetime::style_byte
23267	ELSE	/home/moritz/dev/repos/ooRexx-rust-rewrite/rust/target/release/rexx-run	/home/moritz/.rustup/toolchains/stable-x86_64-unknown-linux-gnu/lib/rustlib/src/rust/library/alloc/src/collections/btree/map.rs	<alloc::collections::btree::map::IntoIter<alloc::boxed::Box<[u8]>, usize>>::dying_next
23200	ELSE	/usr/lib/x86_64-linux-gnu/libc.so.6	./stdlib/../stdlib/strtol_l.c	____strtoul_l_internal
22953	ELSE	/home/moritz/dev/repos/ooRexx-rust-rewrite/rust/target/release/rexx-run	/home/moritz/dev/repos/ooRexx-rust-rewrite/rust/crates/rexx-exec/src/plan.rs	<rexx_exec::plan::Plan>::slot_for
22574	ELSE	/home/moritz/dev/repos/ooRexx-rust-rewrite/rust/target/release/rexx-run	/home/moritz/dev/repos/ooRexx-rust-rewrite/rust/crates/rexx-exec/src/dispatch.rs	<rexx_exec::Interp>::invoke
22060	ELSE	/home/moritz/dev/repos/ooRexx-rust-rewrite/rust/target/release/rexx-run	/home/moritz/dev/repos/ooRexx-rust-rewrite/rust/crates/rexx-parse/src/expr.rs	rexx_parse::expr::parse_constant_expression
21963	ELSE	/home/moritz/dev/repos/ooRexx-rust-rewrite/rust/target/release/rexx-run	/rust/deps/hashbrown-0.17.1/src/map.rs	<hashbrown::map::HashMap<alloc::boxed::Box<[u8]>, rexx_core::handle::ObjRef, rustc_hash::FxBuildHasher>>::get::<[u8]>
21194	BIF	/home/moritz/dev/repos/ooRexx-rust-rewrite/rust/target/release/rexx-run	/home/moritz/dev/repos/ooRexx-rust-rewrite/rust/crates/rexx-exec/src/builtin/datetime.rs	rexx_exec::builtin::datetime::now_base_time
21176	ELSE	/home/moritz/dev/repos/ooRexx-rust-rewrite/rust/target/release/rexx-run	/home/moritz/dev/repos/ooRexx-rust-rewrite/rust/crates/rexx-classes/src/class_graph.rs	<rexx_classes::class_graph::ClassGraph>::define_class
20870	GC	/home/moritz/dev/repos/ooRexx-rust-rewrite/rust/target/release/rexx-run	/home/moritz/.rustup/toolchains/stable-x86_64-unknown-linux-gnu/lib/rustlib/src/rust/library/core/src/ptr/mod.rs	core::ptr::drop_glue::<rexx_exec::plan::Plan>
20595	ELSE	/home/moritz/dev/repos/ooRexx-rust-rewrite/rust/target/release/rexx-run	/home/moritz/dev/repos/ooRexx-rust-rewrite/rust/crates/rexx-exec/src/dispatch.rs	<rexx_exec::Interp>::lookup
19697	ELSE	/home/moritz/dev/repos/ooRexx-rust-rewrite/rust/target/release/rexx-run	/home/moritz/dev/repos/ooRexx-rust-rewrite/rust/crates/rexx-exec/src/dispatch/hash.rs	rexx_exec::dispatch::hash::hash_of
19695	ELSE	/home/moritz/dev/repos/ooRexx-rust-rewrite/rust/target/release/rexx-run	/home/moritz/dev/repos/ooRexx-rust-rewrite/rust/crates/rexx-classes/src/method_dict.rs	<rexx_classes::method_dict::MethodDict as core::clone::Clone>::clone
19380	ELSE	/home/moritz/dev/repos/ooRexx-rust-rewrite/rust/target/release/rexx-run	/home/moritz/dev/repos/ooRexx-rust-rewrite/rust/crates/rexx-exec/src/dispatch/hash.rs	rexx_exec::dispatch::hash::keys_of
19204	GC	/home/moritz/dev/repos/ooRexx-rust-rewrite/rust/target/release/rexx-run	/home/moritz/.rustup/toolchains/stable-x86_64-unknown-linux-gnu/lib/rustlib/src/rust/library/core/src/ptr/mod.rs	core::ptr::drop_glue::<rexx_parse::ast::Directive>
18565	ELSE	/home/moritz/dev/repos/ooRexx-rust-rewrite/rust/target/release/rexx-run	/rust/deps/hashbrown-0.17.1/src/raw.rs	<hashbrown::raw::RawTable<(rexx_core::body::MethodId, rexx_exec::InstalledMethodBody)>>::reserve_rehash::<hashbrown::map::make_hasher<rexx_core::body::MethodId, rexx_exec::InstalledMethodBody, rustc_hash::FxBuildHasher>::{closure#0}>
18420	ELSE	/home/moritz/dev/repos/ooRexx-rust-rewrite/rust/target/release/rexx-run	/rustc/48a229ceaefd4985c50990b14116b6d856af0985/library/alloc/src/string.rs	<alloc::boxed::Box<str> as core::convert::From<alloc::string::String>>::from
18408	ELSE	/home/moritz/dev/repos/ooRexx-rust-rewrite/rust/target/release/rexx-run	/home/moritz/.rustup/toolchains/stable-x86_64-unknown-linux-gnu/lib/rustlib/src/rust/library/core/src/hash/mod.rs	<std::hash::random::RandomState as core::hash::BuildHasher>::hash_one::<&&[u8]>
18394	ELSE	/home/moritz/dev/repos/ooRexx-rust-rewrite/rust/target/release/rexx-run	/home/moritz/dev/repos/ooRexx-rust-rewrite/rust/crates/rexx-parse/src/instruction.rs	<rexx_parse::instruction::Inst>::value_of
18110	ELSE	/home/moritz/dev/repos/ooRexx-rust-rewrite/rust/target/release/rexx-run	/home/moritz/dev/repos/ooRexx-rust-rewrite/rust/crates/rexx-classes/src/native_classes.rs	rexx_classes::native_classes::replay
17764	ELSE	/home/moritz/dev/repos/ooRexx-rust-rewrite/rust/target/release/rexx-run	/home/moritz/dev/repos/ooRexx-rust-rewrite/rust/crates/rexx-parse/src/directive.rs	<rexx_parse::directive::Dir>::value_of
17472	ELSE	/home/moritz/dev/repos/ooRexx-rust-rewrite/rust/target/release/rexx-run	/home/moritz/dev/repos/ooRexx-rust-rewrite/rust/crates/rexx-parse/src/expr.rs	<rexx_parse::expr::Parser>::message'2
17400	GC	/home/moritz/dev/repos/ooRexx-rust-rewrite/rust/target/release/rexx-run	/home/moritz/.rustup/toolchains/stable-x86_64-unknown-linux-gnu/lib/rustlib/src/rust/library/alloc/src/raw_vec/mod.rs	<alloc::raw_vec::RawVec<rexx_parse::ast::Instruction>>::grow_one
17388	ELSE	/home/moritz/dev/repos/ooRexx-rust-rewrite/rust/target/release/rexx-run	/rustc/48a229ceaefd4985c50990b14116b6d856af0985/library/core/src/fmt/mod.rs	<core::fmt::Formatter>::pad_integral::write_prefix
17259	ELSE	/home/moritz/dev/repos/ooRexx-rust-rewrite/rust/target/release/rexx-run	/rustc/48a229ceaefd4985c50990b14116b6d856af0985/library/alloc/src/string.rs	<alloc::string::String>::from_utf8_lossy
16939	ELSE	/home/moritz/dev/repos/ooRexx-rust-rewrite/rust/target/release/rexx-run	/home/moritz/dev/repos/ooRexx-rust-rewrite/rust/crates/rexx-exec/src/environment.rs	<rexx_exec::Interp>::directory_lookup
16717	ELSE	/home/moritz/dev/repos/ooRexx-rust-rewrite/rust/target/release/rexx-run	/home/moritz/dev/repos/ooRexx-rust-rewrite/rust/crates/rexx-exec/src/dispatch.rs	<rexx_exec::Interp>::send_message
16413	ELSE	/home/moritz/dev/repos/ooRexx-rust-rewrite/rust/target/release/rexx-run	/home/moritz/dev/repos/ooRexx-rust-rewrite/rust/crates/rexx-parse/src/directive.rs	<rexx_parse::directive::Dir>::class
16363	ELSE	/home/moritz/dev/repos/ooRexx-rust-rewrite/rust/target/release/rexx-run	/home/moritz/dev/repos/ooRexx-rust-rewrite/rust/crates/rexx-parse/src/instruction.rs	<rexx_parse::instruction::Inst>::variable_list
16294	ELSE	/usr/lib/x86_64-linux-gnu/ld-linux-x86-64.so.2	./elf/./elf/dl-tunables.c	__GI___tunables_init
15973	ELSE	/home/moritz/dev/repos/ooRexx-rust-rewrite/rust/target/release/rexx-run	/rust/deps/hashbrown-0.17.1/src/map.rs	<hashbrown::map::HashMap<alloc::boxed::Box<[u8]>, rexx_core::handle::ObjRef, rustc_hash::FxBuildHasher>>::insert
15672	ELSE	/home/moritz/dev/repos/ooRexx-rust-rewrite/rust/target/release/rexx-run	/rust/deps/hashbrown-0.17.1/src/raw.rs	<hashbrown::raw::RawTable<(alloc::sync::Arc<[u8]>, ())>>::reserve_rehash::<hashbrown::map::make_hasher<alloc::sync::Arc<[u8]>, (), std::hash::random::RandomState>::{closure#0}>
15458	ELSE	/home/moritz/dev/repos/ooRexx-rust-rewrite/rust/target/release/rexx-run	/home/moritz/dev/repos/ooRexx-rust-rewrite/rust/crates/rexx-exec/src/environment.rs	<rexx_exec::Interp>::build_package_string_table
15092	ELSE	/home/moritz/dev/repos/ooRexx-rust-rewrite/rust/target/release/rexx-run	/home/moritz/dev/repos/ooRexx-rust-rewrite/rust/crates/rexx-core/src/handle.rs	rexx_exec::dispatch::hash::counted
14861	ELSE	/home/moritz/dev/repos/ooRexx-rust-rewrite/rust/target/release/rexx-run	/home/moritz/dev/repos/ooRexx-rust-rewrite/rust/crates/rexx-exec/src/dispatch/hash.rs	rexx_exec::dispatch::hash::probe_in
14800	ELSE	/home/moritz/dev/repos/ooRexx-rust-rewrite/rust/target/release/rexx-run	/home/moritz/dev/repos/ooRexx-rust-rewrite/rust/crates/rexx-exec/src/builtin/datetime.rs	<rexx_exec::builtin::datetime::Timestamp>::set_day
14741	ELSE	/home/moritz/dev/repos/ooRexx-rust-rewrite/rust/target/release/rexx-run	/home/moritz/dev/repos/ooRexx-rust-rewrite/rust/crates/rexx-exec/src/ir/compile.rs	rexx_exec::ir::compile::push_native'2
14495	ELSE	/home/moritz/dev/repos/ooRexx-rust-rewrite/rust/target/release/rexx-run	/home/moritz/dev/repos/ooRexx-rust-rewrite/rust/crates/rexx-exec/src/dispatch/hash.rs	rexx_exec::dispatch::hash::insert_in
14073	ELSE	/usr/lib/x86_64-linux-gnu/ld-linux-x86-64.so.2	./elf/./elf/dl-lookup.c	check_match
13940	ELSE	/usr/lib/x86_64-linux-gnu/libc.so.6	/build/reproducible-path/glibc-2.43/misc/../sysdeps/unix/syscall-template.S	mprotect
13278	ELSE	/home/moritz/dev/repos/ooRexx-rust-rewrite/rust/target/release/rexx-run	/home/moritz/dev/repos/ooRexx-rust-rewrite/rust/crates/rexx-parse/src/instruction.rs	<rexx_parse::instruction::Inst>::controlled
12826	ELSE	/home/moritz/dev/repos/ooRexx-rust-rewrite/rust/target/release/rexx-run	/home/moritz/dev/repos/ooRexx-rust-rewrite/rust/crates/rexx-exec/src/dispatch/hash.rs	rexx_exec::dispatch::hash::store_of
12816	ELSE	/home/moritz/dev/repos/ooRexx-rust-rewrite/rust/target/release/rexx-run	/rustc/48a229ceaefd4985c50990b14116b6d856af0985/library/std/src/sys/pal/unix/time.rs	<std::sys::pal::unix::time::Timespec>::now
12651	LIBC	/usr/lib/x86_64-linux-gnu/libc.so.6	/build/reproducible-path/glibc-2.43/string/../sysdeps/x86_64/multiarch/strcmp-avx2.S	__strncmp_avx2
12480	ELSE	/home/moritz/dev/repos/ooRexx-rust-rewrite/rust/target/release/rexx-run	/home/moritz/dev/repos/ooRexx-rust-rewrite/rust/crates/rexx-exec/src/run.rs	<rexx_exec::Interp>::eval_traced_argument
12369	ELSE	/home/moritz/dev/repos/ooRexx-rust-rewrite/rust/target/release/rexx-run	/home/moritz/dev/repos/ooRexx-rust-rewrite/rust/crates/rexx-core/src/bytes.rs	<rexx_core::bytes::Bytes>::from_slice
11844	ELSE	/home/moritz/dev/repos/ooRexx-rust-rewrite/rust/target/release/rexx-run	/home/moritz/.rustup/toolchains/stable-x86_64-unknown-linux-gnu/lib/rustlib/src/rust/library/core/src/iter/adapters/chain.rs	<core::iter::adapters::chain::Chain<core::iter::adapters::chain::Chain<core::iter::adapters::chain::Chain<core::iter::adapters::chain::Chain<core::iter::adapters::map::Map<core::slice::iter::Iter<(alloc::string::String, rexx_core::handle::ObjRef)>, <rexx_core::roots::RootSet>::iter::{closure#0}>, core::iter::adapters::copied::Copied<core::slice::iter::Iter<rexx_core::handle::ObjRef>>>, core::iter::adapters::filter_map::FilterMap<core::slice::iter::Iter<core::option::Option<rexx_core::handle::ObjRef>>, <rexx_core::roots::RootSet>::iter::{closure#1}>>, core::iter::adapters::filter_map::FilterMap<core::slice::iter::Iter<core::option::Option<rexx_core::handle::ObjRef>>, <rexx_core::roots::RootSet>::iter::{closure#2}>>, core::iter::adapters::copied::Copied<core::iter::adapters::flatten::Flatten<core::iter::adapters::flatten::Flatten<core::slice::iter::Iter<core::option::Option<alloc::vec::Vec<rexx_core::handle::ObjRef>>>>>>> as core::iter::traits::iterator::Iterator>::size_hint
11794	ELSE	/home/moritz/dev/repos/ooRexx-rust-rewrite/rust/target/release/rexx-run	/home/moritz/dev/repos/ooRexx-rust-rewrite/rust/crates/rexx-exec/src/environment.rs	<rexx_exec::Interp>::dot_variable
11728	ELSE	/home/moritz/dev/repos/ooRexx-rust-rewrite/rust/target/release/rexx-run	/home/moritz/dev/repos/ooRexx-rust-rewrite/rust/crates/rexx-exec/src/ir/compile.rs	rexx_exec::ir::compile::push_native
11565	ELSE	/home/moritz/dev/repos/ooRexx-rust-rewrite/rust/target/release/rexx-run	/home/moritz/.rustup/toolchains/stable-x86_64-unknown-linux-gnu/lib/rustlib/src/rust/library/core/src/slice/mod.rs	<[u8]>::eq_ignore_ascii_case_chunks::<16>
11434	ELSE	/home/moritz/dev/repos/ooRexx-rust-rewrite/rust/target/release/rexx-run	/rustc/48a229ceaefd4985c50990b14116b6d856af0985/library/std/src/sys/fs/unix.rs	std::sys::fs::unix::try_statx
11320	ELSE	/home/moritz/dev/repos/ooRexx-rust-rewrite/rust/target/release/rexx-run	/home/moritz/dev/repos/ooRexx-rust-rewrite/rust/crates/rexx-exec/src/dispatch/hash.rs	rexx_exec::dispatch::hash::text_slot
11170	ELSE	/home/moritz/dev/repos/ooRexx-rust-rewrite/rust/target/release/rexx-run	/home/moritz/dev/repos/ooRexx-rust-rewrite/rust/crates/rexx-exec/src/dispatch/hash.rs	rexx_exec::dispatch::hash::same_index
11140	ELSE	/home/moritz/dev/repos/ooRexx-rust-rewrite/rust/target/release/rexx-run	/home/moritz/.rustup/toolchains/stable-x86_64-unknown-linux-gnu/lib/rustlib/src/rust/library/core/src/slice/cmp.rs	<rexx_exec::dispatch::hash::Half as core::cmp::PartialEq>::eq
10976	ELSE	/home/moritz/dev/repos/ooRexx-rust-rewrite/rust/target/release/rexx-run	/rustc/48a229ceaefd4985c50990b14116b6d856af0985/library/std/src/sys/fs/mod.rs	std::sys::fs::symlink_metadata
10728	GC	/home/moritz/dev/repos/ooRexx-rust-rewrite/rust/target/release/rexx-run	/home/moritz/.rustup/toolchains/stable-x86_64-unknown-linux-gnu/lib/rustlib/src/rust/library/alloc/src/raw_vec/mod.rs	<alloc::raw_vec::RawVec<bool>>::grow_one
10659	ELSE	/home/moritz/dev/repos/ooRexx-rust-rewrite/rust/target/release/rexx-run	/home/moritz/dev/repos/ooRexx-rust-rewrite/rust/crates/rexx-classes/src/registry.rs	<rexx_classes::registry::ClassRegistry>::lookup_class_method
10592	ELSE	/home/moritz/dev/repos/ooRexx-rust-rewrite/rust/target/release/rexx-run	/rust/deps/hashbrown-0.17.1/src/map.rs	<hashbrown::map::HashMap<rexx_core::handle::ObjRef, alloc::string::String, rustc_hash::FxBuildHasher>>::insert
10382	ELSE	/home/moritz/dev/repos/ooRexx-rust-rewrite/rust/target/release/rexx-run	/rust/deps/hashbrown-0.17.1/src/raw.rs	<hashbrown::raw::RawTable<(rexx_core::body::MethodId, rexx_exec::plan::ProgramId)>>::reserve_rehash::<hashbrown::map::make_hasher<rexx_core::body::MethodId, rexx_exec::plan::ProgramId, std::hash::random::RandomState>::{closure#0}>
10310	ELSE	/home/moritz/dev/repos/ooRexx-rust-rewrite/rust/target/release/rexx-run	/home/moritz/dev/repos/ooRexx-rust-rewrite/rust/crates/rexx-exec/src/run.rs	<rexx_exec::Interp>::exec_message
10202	CALLOC	/usr/lib/x86_64-linux-gnu/libc.so.6	./malloc/./malloc/arena.c	__malloc_arena_thread_freeres
9881	ELSE	/home/moritz/dev/repos/ooRexx-rust-rewrite/rust/target/release/rexx-run	/home/moritz/dev/repos/ooRexx-rust-rewrite/rust/crates/rexx-parse/src/instruction.rs	<rexx_parse::instruction::Inst>::condition_trap
9832	ELSE	/home/moritz/dev/repos/ooRexx-rust-rewrite/rust/target/release/rexx-run	/home/moritz/dev/repos/ooRexx-rust-rewrite/rust/crates/rexx-exec/src/plan.rs	<rexx_exec::plan::Plan>::bind
9826	GC	/home/moritz/dev/repos/ooRexx-rust-rewrite/rust/target/release/rexx-run	/home/moritz/.rustup/toolchains/stable-x86_64-unknown-linux-gnu/lib/rustlib/src/rust/library/core/src/ptr/mod.rs	core::ptr::drop_glue::<rexx_classes::registry::ClassRegistry>
9816	ELSE	/home/moritz/dev/repos/ooRexx-rust-rewrite/rust/target/release/rexx-run	/rust/deps/hashbrown-0.17.1/src/raw.rs	<hashbrown::raw::RawTable<(rexx_core::handle::ObjRef, alloc::string::String)>>::reserve_rehash::<hashbrown::map::make_hasher<rexx_core::handle::ObjRef, alloc::string::String, rustc_hash::FxBuildHasher>::{closure#0}>
9701	ELSE	/home/moritz/dev/repos/ooRexx-rust-rewrite/rust/target/release/rexx-run	/home/moritz/dev/repos/ooRexx-rust-rewrite/rust/crates/rexx-parse/src/directive.rs	<rexx_parse::directive::Dir>::attribute
9622	ELSE	/home/moritz/dev/repos/ooRexx-rust-rewrite/rust/target/release/rexx-run	/home/moritz/dev/repos/ooRexx-rust-rewrite/rust/crates/rexx-exec/src/dispatch.rs	rexx_exec::dispatch::native_hash_put
9277	ELSE	/usr/lib/x86_64-linux-gnu/ld-linux-x86-64.so.2	./elf/./elf/dl-version.c	_dl_check_map_versions
9222	ELSE	/home/moritz/dev/repos/ooRexx-rust-rewrite/rust/target/release/rexx-run	/rust/deps/hashbrown-0.17.1/src/raw.rs	<hashbrown::raw::RawTable<(alloc::boxed::Box<[u8]>, rexx_core::handle::ObjRef)>>::reserve_rehash::<hashbrown::map::make_hasher<alloc::boxed::Box<[u8]>, rexx_core::handle::ObjRef, rustc_hash::FxBuildHasher>::{closure#0}>
9201	ELSE	/home/moritz/dev/repos/ooRexx-rust-rewrite/rust/target/release/rexx-run	/home/moritz/dev/repos/ooRexx-rust-rewrite/rust/crates/rexx-classes/src/class_graph.rs	<rexx_classes::class_graph::ClassGraph>::class_define
9178	MACH	/home/moritz/dev/repos/ooRexx-rust-rewrite/rust/target/release/rexx-run	/home/moritz/dev/repos/ooRexx-rust-rewrite/rust/crates/rexx-exec/src/eval.rs	<rexx_exec::Interp>::eval_node'2
9164	ELSE	/home/moritz/dev/repos/ooRexx-rust-rewrite/rust/target/release/rexx-run	/home/moritz/dev/repos/ooRexx-rust-rewrite/rust/crates/rexx-exec/src/plan.rs	<rexx_exec::plan::Plan>::note
9086	ELSE	/home/moritz/dev/repos/ooRexx-rust-rewrite/rust/target/release/rexx-run	/home/moritz/dev/repos/ooRexx-rust-rewrite/rust/crates/rexx-exec/src/environment.rs	<rexx_exec::Interp>::build_environment
8800	ELSE	/home/moritz/dev/repos/ooRexx-rust-rewrite/rust/target/release/rexx-run	/home/moritz/dev/repos/ooRexx-rust-rewrite/rust/crates/rexx-exec/src/lib.rs	<rexx_exec::Interp>::push_directive_activation
8701	ELSE	/home/moritz/dev/repos/ooRexx-rust-rewrite/rust/target/release/rexx-run	/home/moritz/dev/repos/ooRexx-rust-rewrite/rust/crates/rexx-exec/src/environment.rs	<rexx_exec::Interp>::add_installed_class
8370	ELSE	/home/moritz/dev/repos/ooRexx-rust-rewrite/rust/target/release/rexx-run	/home/moritz/dev/repos/ooRexx-rust-rewrite/rust/crates/rexx-parse/src/expr.rs	<rexx_parse::expr::Parser>::full_subexpression'2
8208	ELSE	/home/moritz/dev/repos/ooRexx-rust-rewrite/rust/target/release/rexx-run	/home/moritz/dev/repos/ooRexx-rust-rewrite/rust/crates/rexx-exec/src/lib.rs	<rexx_exec::Interp>::library_binding
8146	ELSE	/home/moritz/dev/repos/ooRexx-rust-rewrite/rust/target/release/rexx-run	/rustc/48a229ceaefd4985c50990b14116b6d856af0985/library/std/src/env.rs	std::env::vars_os
8134	ELSE	/home/moritz/dev/repos/ooRexx-rust-rewrite/rust/target/release/rexx-run	/home/moritz/dev/repos/ooRexx-rust-rewrite/rust/crates/rexx-parse/src/scanner.rs	<rexx_parse::scanner::Scanner>::check_assignment
8010	ELSE	/usr/lib/x86_64-linux-gnu/libc.so.6	./time/../sysdeps/unix/sysv/linux/clock_gettime.c	clock_gettime@@GLIBC_2.17
7960	ELSE	/home/moritz/dev/repos/ooRexx-rust-rewrite/rust/target/release/rexx-run	/home/moritz/dev/repos/ooRexx-rust-rewrite/rust/crates/rexx-exec/src/dispatch.rs	<rexx_exec::Interp>::message_term'2
7876	GC	/home/moritz/dev/repos/ooRexx-rust-rewrite/rust/target/release/rexx-run	/home/moritz/.rustup/toolchains/stable-x86_64-unknown-linux-gnu/lib/rustlib/src/rust/library/core/src/ptr/mod.rs	core::ptr::drop_glue::<std::collections::hash::map::HashMap<(core::option::Option<usize>, bool, alloc::vec::Vec<u8>), usize>>
7776	ELSE	/home/moritz/dev/repos/ooRexx-rust-rewrite/rust/target/release/rexx-run	/home/moritz/.rustup/toolchains/stable-x86_64-unknown-linux-gnu/lib/rustlib/src/rust/library/alloc/src/collections/btree/map.rs	<alloc::collections::btree::map::BTreeMap<rexx_exec::AnnotatedSite, alloc::vec::Vec<(alloc::boxed::Box<[u8]>, alloc::boxed::Box<[u8]>)>>>::remove::<rexx_exec::AnnotatedSite>
7748	GC	/home/moritz/dev/repos/ooRexx-rust-rewrite/rust/target/release/rexx-run	/home/moritz/.rustup/toolchains/stable-x86_64-unknown-linux-gnu/lib/rustlib/src/rust/library/core/src/ptr/mod.rs	core::ptr::drop_glue::<alloc::vec::Vec<rexx_parse::ast::Expr>>
7465	ELSE	/home/moritz/dev/repos/ooRexx-rust-rewrite/rust/target/release/rexx-run	/rust/deps/hashbrown-0.17.1/src/map.rs	<rexx_core::body::NativeObject>::entry
7460	ELSE	/home/moritz/dev/repos/ooRexx-rust-rewrite/rust/target/release/rexx-run	/home/moritz/dev/repos/ooRexx-rust-rewrite/rust/crates/rexx-classes/src/class_graph.rs	<rexx_classes::class_graph::ClassGraph>::behaviour_has_scope
7278	ELSE	/home/moritz/dev/repos/ooRexx-rust-rewrite/rust/target/release/rexx-run	/home/moritz/dev/repos/ooRexx-rust-rewrite/rust/crates/rexx-exec/src/environment.rs	<rexx_exec::Interp>::rexx_package_class
7233	ELSE	/home/moritz/dev/repos/ooRexx-rust-rewrite/rust/target/release/rexx-run	/home/moritz/.rustup/toolchains/stable-x86_64-unknown-linux-gnu/lib/rustlib/src/rust/library/core/src/hash/mod.rs	<std::hash::random::RandomState as core::hash::BuildHasher>::hash_one::<&rexx_exec::environment::Annotated>
7128	ELSE	/home/moritz/dev/repos/ooRexx-rust-rewrite/rust/target/release/rexx-run	/home/moritz/dev/repos/ooRexx-rust-rewrite/rust/crates/rexx-exec/src/dispatch.rs	<rexx_exec::Interp>::class_of_value
7098	GC	/home/moritz/dev/repos/ooRexx-rust-rewrite/rust/target/release/rexx-run	/home/moritz/.rustup/toolchains/stable-x86_64-unknown-linux-gnu/lib/rustlib/src/rust/library/core/src/ptr/mod.rs	core::ptr::drop_glue::<alloc::boxed::Box<rexx_parse::ast::Loop>>
7051	ELSE	/home/moritz/dev/repos/ooRexx-rust-rewrite/rust/target/release/rexx-run	/home/moritz/dev/repos/ooRexx-rust-rewrite/rust/crates/rexx-exec/src/dispatch.rs	<rexx_exec::Interp>::classify_string_conversion
6992	ELSE	/home/moritz/dev/repos/ooRexx-rust-rewrite/rust/target/release/rexx-run	/home/moritz/dev/repos/ooRexx-rust-rewrite/rust/crates/rexx-classes/src/class_graph.rs	<rexx_classes::class_graph::ClassGraph>::check_uninit
6894	ELSE	/home/moritz/dev/repos/ooRexx-rust-rewrite/rust/target/release/rexx-run	/home/moritz/dev/repos/ooRexx-rust-rewrite/rust/crates/rexx-exec/src/dispatch/hash.rs	rexx_exec::dispatch::hash::view_get
6879	ELSE	/home/moritz/dev/repos/ooRexx-rust-rewrite/rust/target/release/rexx-run	/rust/deps/hashbrown-0.17.1/src/raw.rs	<hashbrown::raw::RawTable<(usize, rexx_core::handle::ObjRef)>>::reserve_rehash::<hashbrown::map::make_hasher<usize, rexx_core::handle::ObjRef, std::hash::random::RandomState>::{closure#0}>
6655	ELSE	/home/moritz/dev/repos/ooRexx-rust-rewrite/rust/target/release/rexx-run	/home/moritz/dev/repos/ooRexx-rust-rewrite/rust/crates/rexx-exec/src/plan.rs	<rexx_exec::plan::Plan>::note'2
6445	ELSE	/home/moritz/dev/repos/ooRexx-rust-rewrite/rust/target/release/rexx-run	/home/moritz/dev/repos/ooRexx-rust-rewrite/rust/crates/rexx-exec/src/dispatch/hash.rs	rexx_exec::dispatch::hash::store_in
6399	ELSE	/home/moritz/dev/repos/ooRexx-rust-rewrite/rust/target/release/rexx-run	/home/moritz/dev/repos/ooRexx-rust-rewrite/rust/crates/rexx-exec/src/lib.rs	rexx_exec::attribute_dictionary_keys
6340	ELSE	/home/moritz/dev/repos/ooRexx-rust-rewrite/rust/target/release/rexx-run	/home/moritz/dev/repos/ooRexx-rust-rewrite/rust/crates/rexx-exec/src/ir/compile.rs	rexx_exec::ir::compile::emit_before
6140	ELSE	/home/moritz/dev/repos/ooRexx-rust-rewrite/rust/target/release/rexx-run	/home/moritz/dev/repos/ooRexx-rust-rewrite/rust/crates/rexx-exec/src/lib.rs	<rexx_exec::Interp>::send_directive_message
5950	ELSE	/home/moritz/dev/repos/ooRexx-rust-rewrite/rust/target/release/rexx-run	/rust/deps/hashbrown-0.17.1/src/raw.rs	<hashbrown::raw::RawTable<(alloc::boxed::Box<[u8]>, usize)>>::reserve_rehash::<hashbrown::map::make_hasher<alloc::boxed::Box<[u8]>, usize, rustc_hash::FxBuildHasher>::{closure#0}>
5822	ELSE	/usr/lib/x86_64-linux-gnu/ld-linux-x86-64.so.2	./elf/../sysdeps/x86/dl-cacheinfo.h	intel_check_word.constprop.0
5746	ELSE	/home/moritz/dev/repos/ooRexx-rust-rewrite/rust/target/release/rexx-run	/home/moritz/dev/repos/ooRexx-rust-rewrite/rust/crates/rexx-classes/src/class_graph.rs	<rexx_classes::class_graph::ClassGraph>::inherit_at
5734	ELSE	/home/moritz/dev/repos/ooRexx-rust-rewrite/rust/target/release/rexx-run	/home/moritz/.rustup/toolchains/stable-x86_64-unknown-linux-gnu/lib/rustlib/src/rust/library/core/src/iter/adapters/chain.rs	<core::iter::adapters::chain::Chain<core::iter::adapters::chain::Chain<core::iter::adapters::chain::Chain<core::iter::adapters::map::Map<core::slice::iter::Iter<(alloc::string::String, rexx_core::handle::ObjRef)>, <rexx_core::roots::RootSet>::iter::{closure#0}>, core::iter::adapters::copied::Copied<core::slice::iter::Iter<rexx_core::handle::ObjRef>>>, core::iter::adapters::filter_map::FilterMap<core::slice::iter::Iter<core::option::Option<rexx_core::handle::ObjRef>>, <rexx_core::roots::RootSet>::iter::{closure#1}>>, core::iter::adapters::filter_map::FilterMap<core::slice::iter::Iter<core::option::Option<rexx_core::handle::ObjRef>>, <rexx_core::roots::RootSet>::iter::{closure#2}>> as core::iter::traits::iterator::Iterator>::size_hint
5669	ELSE	/home/moritz/dev/repos/ooRexx-rust-rewrite/rust/target/release/rexx-run	/home/moritz/.rustup/toolchains/stable-x86_64-unknown-linux-gnu/lib/rustlib/src/rust/library/std/src/collections/hash/set.rs	<std::collections::hash::set::HashSet<&str> as core::iter::traits::collect::FromIterator<&str>>::from_iter::<alloc::vec::into_iter::IntoIter<&str>>
5576	ELSE	/home/moritz/dev/repos/ooRexx-rust-rewrite/rust/target/release/rexx-run	/home/moritz/dev/repos/ooRexx-rust-rewrite/rust/crates/rexx-exec/src/dispatch/hash.rs	rexx_exec::dispatch::hash::owns
5543	ELSE	/home/moritz/dev/repos/ooRexx-rust-rewrite/rust/target/release/rexx-run	/home/moritz/dev/repos/ooRexx-rust-rewrite/rust/crates/rexx-parse/src/instruction.rs	<rexx_parse::instruction::Inst>::loop_conditional
5459	BIF	/home/moritz/dev/repos/ooRexx-rust-rewrite/rust/target/release/rexx-run	/home/moritz/dev/repos/ooRexx-rust-rewrite/rust/crates/rexx-exec/src/builtin.rs	rexx_exec::builtin::rows::{closure#0}
5376	GC	/home/moritz/dev/repos/ooRexx-rust-rewrite/rust/target/release/rexx-run	/home/moritz/.rustup/toolchains/stable-x86_64-unknown-linux-gnu/lib/rustlib/src/rust/library/alloc/src/raw_vec/mod.rs	<alloc::raw_vec::RawVec<alloc::boxed::Box<[u8]>>>::grow_one
5346	ELSE	/home/moritz/dev/repos/ooRexx-rust-rewrite/rust/target/release/rexx-run	/home/moritz/dev/repos/ooRexx-rust-rewrite/rust/crates/rexx-exec/src/dispatch/hash.rs	rexx_exec::dispatch::hash::insert
5322	ELSE	/home/moritz/dev/repos/ooRexx-rust-rewrite/rust/target/release/rexx-run	/home/moritz/dev/repos/ooRexx-rust-rewrite/rust/crates/rexx-exec/src/dispatch/hash.rs	rexx_exec::dispatch::hash::install_store
5284	ELSE	/home/moritz/dev/repos/ooRexx-rust-rewrite/rust/target/release/rexx-run	/home/moritz/dev/repos/ooRexx-rust-rewrite/rust/crates/rexx-exec/src/ir/compile.rs	rexx_exec::ir::compile::native_shape
5279	ELSE	/home/moritz/dev/repos/ooRexx-rust-rewrite/rust/target/release/rexx-run	/home/moritz/dev/repos/ooRexx-rust-rewrite/rust/crates/rexx-classes/src/native_classes.rs	rexx_classes::native_classes::build
5256	GC	/home/moritz/dev/repos/ooRexx-rust-rewrite/rust/target/release/rexx-run	/home/moritz/.rustup/toolchains/stable-x86_64-unknown-linux-gnu/lib/rustlib/src/rust/library/alloc/src/raw_vec/mod.rs	<alloc::raw_vec::RawVec<rexx_parse::ast::Directive>>::grow_one
5178	GC	/home/moritz/dev/repos/ooRexx-rust-rewrite/rust/target/release/rexx-run	/home/moritz/.rustup/toolchains/stable-x86_64-unknown-linux-gnu/lib/rustlib/src/rust/library/core/src/ptr/mod.rs	core::ptr::drop_glue::<core::option::Option<rexx_parse::ast::UseTarget>>
5083	ELSE	/home/moritz/dev/repos/ooRexx-rust-rewrite/rust/target/release/rexx-run	/home/moritz/dev/repos/ooRexx-rust-rewrite/rust/crates/rexx-parse/src/expr.rs	<rexx_parse::expr::Parser>::extent
5048	ELSE	/home/moritz/dev/repos/ooRexx-rust-rewrite/rust/target/release/rexx-run	/rust/deps/hashbrown-0.17.1/src/raw.rs	<hashbrown::raw::RawTable<(rexx_core::handle::ObjRef, rexx_classes::class_graph::ClassDef)>>::reserve_rehash::<hashbrown::map::make_hasher<rexx_core::handle::ObjRef, rexx_classes::class_graph::ClassDef, rustc_hash::FxBuildHasher>::{closure#0}>
4991	ELSE	/home/moritz/dev/repos/ooRexx-rust-rewrite/rust/target/release/rexx-run	/rust/deps/hashbrown-0.17.1/src/raw.rs	<hashbrown::raw::RawTable<(alloc::boxed::Box<[u8]>, rexx_core::handle::ObjRef)>>::reserve_rehash::<hashbrown::map::make_hasher<alloc::boxed::Box<[u8]>, rexx_core::handle::ObjRef, std::hash::random::RandomState>::{closure#0}>
4942	ELSE	/home/moritz/dev/repos/ooRexx-rust-rewrite/rust/target/release/rexx-run	/home/moritz/dev/repos/ooRexx-rust-rewrite/rust/crates/rexx-core/src/body.rs	<rexx_core::body::ScopePools>::set
4935	ELSE	/home/moritz/dev/repos/ooRexx-rust-rewrite/rust/target/release/rexx-run	/home/moritz/dev/repos/ooRexx-rust-rewrite/rust/crates/rexx-exec/src/dispatch.rs	<rexx_exec::Interp>::required_string_answer
4920	GC	/home/moritz/dev/repos/ooRexx-rust-rewrite/rust/target/release/rexx-run	/home/moritz/.rustup/toolchains/stable-x86_64-unknown-linux-gnu/lib/rustlib/src/rust/library/alloc/src/raw_vec/mod.rs	<alloc::raw_vec::RawVec<core::option::Option<rexx_parse::ast::UseTarget>>>::grow_one
4896	ELSE	/home/moritz/dev/repos/ooRexx-rust-rewrite/rust/target/release/rexx-run	/home/moritz/dev/repos/ooRexx-rust-rewrite/rust/crates/rexx-parse/src/expr.rs	<rexx_parse::expr::Parser>::collection_message
4860	ELSE	/home/moritz/dev/repos/ooRexx-rust-rewrite/rust/target/release/rexx-run	/rust/deps/hashbrown-0.17.1/src/map.rs	<hashbrown::map::HashMap<rexx_core::body::MethodId, rexx_exec::plan::ProgramId, std::hash::random::RandomState>>::insert
4846	ELSE	/home/moritz/dev/repos/ooRexx-rust-rewrite/rust/target/release/rexx-run	/home/moritz/dev/repos/ooRexx-rust-rewrite/rust/crates/rexx-classes/src/registry.rs	<rexx_classes::registry::ClassRegistry>::lookup_upper
4801	ELSE	/home/moritz/dev/repos/ooRexx-rust-rewrite/rust/target/release/rexx-run	/home/moritz/dev/repos/ooRexx-rust-rewrite/rust/crates/rexx-core/src/body.rs	<rexx_core::body::NativeObject>::set_entry
4714	ELSE	/home/moritz/dev/repos/ooRexx-rust-rewrite/rust/target/release/rexx-run	/home/moritz/dev/repos/ooRexx-rust-rewrite/rust/crates/rexx-exec/src/dispatch.rs	rexx_exec::dispatch::native_string_upper
4639	ELSE	/home/moritz/dev/repos/ooRexx-rust-rewrite/rust/target/release/rexx-run	/home/moritz/dev/repos/ooRexx-rust-rewrite/rust/crates/rexx-classes/src/registry.rs	<rexx_classes::registry::ClassRegistry>::refresh_parent_has_uninit
4602	ELSE	/home/moritz/dev/repos/ooRexx-rust-rewrite/rust/target/release/rexx-run	/home/moritz/dev/repos/ooRexx-rust-rewrite/rust/crates/rexx-exec/src/environment.rs	<rexx_exec::Interp>::native_instance
4587	ELSE	/home/moritz/dev/repos/ooRexx-rust-rewrite/rust/target/release/rexx-run	/home/moritz/dev/repos/ooRexx-rust-rewrite/rust/crates/rexx-exec/src/dispatch.rs	rexx_exec::dispatch::required_string_named_argument
4574	ELSE	/home/moritz/dev/repos/ooRexx-rust-rewrite/rust/target/release/rexx-run	/home/moritz/dev/repos/ooRexx-rust-rewrite/rust/crates/rexx-parse/src/directive.rs	<rexx_parse::directive::Dir>::class_reference
4440	ELSE	/home/moritz/dev/repos/ooRexx-rust-rewrite/rust/target/release/rexx-run	/home/moritz/.rustup/toolchains/stable-x86_64-unknown-linux-gnu/lib/rustlib/src/rust/library/core/src/hash/mod.rs	<std::hash::random::RandomState as core::hash::BuildHasher>::hash_one::<&(rexx_core::handle::ObjRef, alloc::boxed::Box<[u8]>)>
4356	GC	/home/moritz/dev/repos/ooRexx-rust-rewrite/rust/target/release/rexx-run	/home/moritz/.rustup/toolchains/stable-x86_64-unknown-linux-gnu/lib/rustlib/src/rust/library/core/src/ptr/mod.rs	core::ptr::drop_glue::<rexx_exec::dispatch::native::MethodExternal>
4294	ELSE	/home/moritz/dev/repos/ooRexx-rust-rewrite/rust/target/release/rexx-run	/home/moritz/.rustup/toolchains/stable-x86_64-unknown-linux-gnu/lib/rustlib/src/rust/library/core/src/iter/adapters/map.rs	<core::iter::adapters::map::Map<std::env::VarsOs, <rexx_exec::Interp>::new::{closure#0}> as core::iter::traits::iterator::Iterator>::next
4275	ELSE	/home/moritz/dev/repos/ooRexx-rust-rewrite/rust/target/release/rexx-run	/rustc/48a229ceaefd4985c50990b14116b6d856af0985/library/core/src/fmt/mod.rs	<core::fmt::Formatter>::pad
4234	ELSE	/home/moritz/dev/repos/ooRexx-rust-rewrite/rust/target/release/rexx-run	/home/moritz/dev/repos/ooRexx-rust-rewrite/rust/crates/rexx-exec/src/run.rs	rexx_exec::run::fill_indents'2
4095	ELSE	/home/moritz/dev/repos/ooRexx-rust-rewrite/rust/target/release/rexx-run	/home/moritz/dev/repos/ooRexx-rust-rewrite/rust/crates/rexx-exec/src/dispatch.rs	rexx_exec::dispatch::add_installed_class
4026	ELSE	/home/moritz/dev/repos/ooRexx-rust-rewrite/rust/target/release/rexx-run	/home/moritz/dev/repos/ooRexx-rust-rewrite/rust/crates/rexx-parse/src/directive.rs	<rexx_parse::directive::Dir>::require_literal
4022	ELSE	/home/moritz/dev/repos/ooRexx-rust-rewrite/rust/target/release/rexx-run	/home/moritz/dev/repos/ooRexx-rust-rewrite/rust/crates/rexx-classes/src/registry.rs	<rexx_classes::registry::ClassRegistry>::define_reserved
4018	ELSE	/home/moritz/dev/repos/ooRexx-rust-rewrite/rust/target/release/rexx-run	/home/moritz/dev/repos/ooRexx-rust-rewrite/rust/crates/rexx-exec/src/lib.rs	<rexx_exec::Interp>::resolve_class_target
3852	ELSE	/home/moritz/dev/repos/ooRexx-rust-rewrite/rust/target/release/rexx-run	/home/moritz/dev/repos/ooRexx-rust-rewrite/rust/crates/rexx-exec/src/ir/trace_flow.rs	<rexx_exec::ir::trace_flow::Blocks>::scan'2
3847	LIBC	/usr/lib/x86_64-linux-gnu/libc.so.6	/build/reproducible-path/glibc-2.43/string/../sysdeps/x86_64/multiarch/strlen-avx2.S	__strlen_avx2
3739	ELSE	/home/moritz/dev/repos/ooRexx-rust-rewrite/rust/target/release/rexx-run	/home/moritz/dev/repos/ooRexx-rust-rewrite/rust/crates/rexx-inventory/src/lib.rs	rexx_inventory::builtins::in_scope
3735	ELSE	/usr/lib/x86_64-linux-gnu/libc.so.6	./libio/./libio/iogetdelim.c	getdelim
3724	ELSE	/home/moritz/dev/repos/ooRexx-rust-rewrite/rust/target/release/rexx-run	/home/moritz/dev/repos/ooRexx-rust-rewrite/rust/crates/rexx-core/src/roots.rs	<rexx_core::roots::RootSet>::push_slots
3718	ARITH	/home/moritz/dev/repos/ooRexx-rust-rewrite/rust/target/release/rexx-run	/home/moritz/dev/repos/ooRexx-rust-rewrite/rust/crates/rexx-num/src/muldiv.rs	<rexx_num::Number>::div
3682	ELSE	/usr/lib/x86_64-linux-gnu/ld-linux-x86-64.so.2	./elf/./elf/dl-load.c	_dl_map_object_from_fd
3652	GC	/home/moritz/dev/repos/ooRexx-rust-rewrite/rust/target/release/rexx-run	/home/moritz/.rustup/toolchains/stable-x86_64-unknown-linux-gnu/lib/rustlib/src/rust/library/core/src/ptr/mod.rs	core::ptr::drop_glue::<rexx_parse::Program>
3631	ELSE	/home/moritz/dev/repos/ooRexx-rust-rewrite/rust/target/release/rexx-run	/home/moritz/dev/repos/ooRexx-rust-rewrite/rust/crates/rexx-core/src/roots.rs	<rexx_core::roots::RootSet>::add_global
3600	ELSE	/usr/lib/x86_64-linux-gnu/libc.so.6	./libio/./libio/genops.c	_IO_sputbackc
3580	ELSE	/home/moritz/dev/repos/ooRexx-rust-rewrite/rust/target/release/rexx-run	/home/moritz/dev/repos/ooRexx-rust-rewrite/rust/crates/rexx-classes/src/method_dict.rs	<rexx_classes::method_dict::MethodDict>::add_hidden
3536	ELSE	/home/moritz/dev/repos/ooRexx-rust-rewrite/rust/target/release/rexx-run	/home/moritz/dev/repos/ooRexx-rust-rewrite/rust/crates/rexx-exec/src/dispatch/hash.rs	rexx_exec::dispatch::hash::take_in
3476	ELSE	/home/moritz/dev/repos/ooRexx-rust-rewrite/rust/target/release/rexx-run	/rust/deps/hashbrown-0.17.1/src/map.rs	<hashbrown::map::HashMap<alloc::vec::Vec<u8>, usize, std::hash::random::RandomState>>::insert
3398	ELSE	/home/moritz/dev/repos/ooRexx-rust-rewrite/rust/target/release/rexx-run	/home/moritz/.rustup/toolchains/stable-x86_64-unknown-linux-gnu/lib/rustlib/src/rust/library/core/src/str/pattern.rs	<core::str::pattern::CharSearcher as core::str::pattern::Searcher>::next_match
3388	ELSE	/home/moritz/dev/repos/ooRexx-rust-rewrite/rust/target/release/rexx-run	/home/moritz/dev/repos/ooRexx-rust-rewrite/rust/crates/rexx-exec/src/environment.rs	rexx_exec::environment::env_seam::admit
3366	ELSE	/home/moritz/dev/repos/ooRexx-rust-rewrite/rust/target/release/rexx-run	/rustc/48a229ceaefd4985c50990b14116b6d856af0985/library/std/src/sys/env/unix.rs	std::sys::env::unix::getenv::{closure#0}
3318	ELSE	/home/moritz/dev/repos/ooRexx-rust-rewrite/rust/target/release/rexx-run	/home/moritz/dev/repos/ooRexx-rust-rewrite/rust/crates/rexx-exec/src/dispatch.rs	<rexx_exec::Interp>::invoke'2
3239	ELSE	/home/moritz/dev/repos/ooRexx-rust-rewrite/rust/target/release/rexx-run	/home/moritz/dev/repos/ooRexx-rust-rewrite/rust/crates/rexx-exec/src/run.rs	<rexx_exec::Interp>::over_snapshot
3234	ELSE	/home/moritz/dev/repos/ooRexx-rust-rewrite/rust/target/release/rexx-run	/rustc/48a229ceaefd4985c50990b14116b6d856af0985/library/std/src/env.rs	std::env::var::inner
3200	ELSE	/home/moritz/dev/repos/ooRexx-rust-rewrite/rust/target/release/rexx-run	/home/moritz/dev/repos/ooRexx-rust-rewrite/rust/crates/rexx-exec/src/dispatch.rs	rexx_exec::dispatch::native_hash_at
3168	GC	/home/moritz/dev/repos/ooRexx-rust-rewrite/rust/target/release/rexx-run	/home/moritz/.rustup/toolchains/stable-x86_64-unknown-linux-gnu/lib/rustlib/src/rust/library/alloc/src/raw_vec/mod.rs	<alloc::raw_vec::RawVec<rexx_parse::ast::VariableRef>>::grow_one
3136	ELSE	/home/moritz/dev/repos/ooRexx-rust-rewrite/rust/target/release/rexx-run	/home/moritz/.cargo/registry/src/index.crates.io-1949cf8c6b5b557f/chrono-0.4.45/src/offset/local/unix.rs	<chrono::offset::local::inner::Source>::new
3118	ELSE	/home/moritz/dev/repos/ooRexx-rust-rewrite/rust/target/release/rexx-run	/rust/deps/hashbrown-0.17.1/src/raw.rs	<hashbrown::raw::RawTable<(alloc::vec::Vec<u8>, alloc::rc::Rc<rexx_api::load::Library>)>>::reserve_rehash::<hashbrown::map::make_hasher<alloc::vec::Vec<u8>, alloc::rc::Rc<rexx_api::load::Library>, std::hash::random::RandomState>::{closure#0}>
3113	ELSE	/home/moritz/dev/repos/ooRexx-rust-rewrite/rust/target/release/rexx-run	/rust/deps/hashbrown-0.17.1/src/raw.rs	<hashbrown::raw::RawTable<(alloc::boxed::Box<[u8]>, rexx_exec::plan::ProgramId)>>::reserve_rehash::<hashbrown::map::make_hasher<alloc::boxed::Box<[u8]>, rexx_exec::plan::ProgramId, std::hash::random::RandomState>::{closure#0}>
3063	ELSE	/home/moritz/dev/repos/ooRexx-rust-rewrite/rust/target/release/rexx-run	/rust/deps/hashbrown-0.17.1/src/raw.rs	<hashbrown::raw::RawTable<(rexx_exec::plan::ProgramId, alloc::vec::Vec<rexx_exec::plan::Package>)>>::reserve_rehash::<hashbrown::map::make_hasher<rexx_exec::plan::ProgramId, alloc::vec::Vec<rexx_exec::plan::Package>, std::hash::random::RandomState>::{closure#0}>
3050	ELSE	/home/moritz/dev/repos/ooRexx-rust-rewrite/rust/target/release/rexx-run	/rust/deps/hashbrown-0.17.1/src/map.rs	<hashbrown::map::HashMap<alloc::string::String, rexx_core::handle::ObjRef, rustc_hash::FxBuildHasher>>::insert
3000	ELSE	/home/moritz/dev/repos/ooRexx-rust-rewrite/rust/target/release/rexx-run	/home/moritz/dev/repos/ooRexx-rust-rewrite/rust/crates/rexx-parse/src/expr.rs	<rexx_parse::expr::Parser>::advance
2965	ELSE	/home/moritz/dev/repos/ooRexx-rust-rewrite/rust/target/release/rexx-run	/home/moritz/dev/repos/ooRexx-rust-rewrite/rust/crates/rexx-exec/src/dispatch.rs	rexx_exec::dispatch::native_inherit_instance_methods
2953	ELSE	/home/moritz/dev/repos/ooRexx-rust-rewrite/rust/target/release/rexx-run	/rust/deps/hashbrown-0.17.1/src/raw.rs	<hashbrown::raw::RawTable<(usize, rexx_exec::class_install_order::Visit)>>::reserve_rehash::<hashbrown::map::make_hasher<usize, rexx_exec::class_install_order::Visit, std::hash::random::RandomState>::{closure#0}>
2951	ELSE	/home/moritz/dev/repos/ooRexx-rust-rewrite/rust/target/release/rexx-run	/rust/deps/hashbrown-0.17.1/src/raw.rs	<hashbrown::raw::RawTable<(&[u8], u32)>>::reserve_rehash::<hashbrown::map::make_hasher<&[u8], u32, std::hash::random::RandomState>::{closure#0}>
2929	ELSE	/home/moritz/dev/repos/ooRexx-rust-rewrite/rust/target/release/rexx-run	/rust/deps/hashbrown-0.17.1/src/map.rs	<hashbrown::map::HashMap<usize, rexx_core::handle::ObjRef, std::hash::random::RandomState>>::insert
2904	ELSE	/home/moritz/dev/repos/ooRexx-rust-rewrite/rust/target/release/rexx-run	/rust/deps/hashbrown-0.17.1/src/map.rs	<hashbrown::map::HashMap<usize, rexx_exec::class_install_order::Visit, std::hash::random::RandomState>>::insert
2904	ELSE	/home/moritz/dev/repos/ooRexx-rust-rewrite/rust/target/release/rexx-run	/home/moritz/.rustup/toolchains/stable-x86_64-unknown-linux-gnu/lib/rustlib/src/rust/library/core/src/slice/sort/stable/quicksort.rs	core::slice::sort::stable::quicksort::quicksort::<(alloc::boxed::Box<[u8]>, rexx_core::handle::ObjRef), <[(alloc::boxed::Box<[u8]>, rexx_core::handle::ObjRef)]>::sort_by<<rexx_exec::Interp>::string_table_of::{closure#0}>::{closure#0}>
2786	ELSE	/home/moritz/dev/repos/ooRexx-rust-rewrite/rust/target/release/rexx-run	/rust/deps/hashbrown-0.17.1/src/map.rs	<hashbrown::map::HashMap<alloc::boxed::Box<[u8]>, rexx_core::handle::ObjRef, std::hash::random::RandomState>>::insert
2773	ELSE	/home/moritz/dev/repos/ooRexx-rust-rewrite/rust/target/release/rexx-run	/rust/deps/hashbrown-0.17.1/src/raw.rs	<hashbrown::raw::RawTable<(rexx_core::body::MethodId, rexx_exec::GeneratedMethod)>>::reserve_rehash::<hashbrown::map::make_hasher<rexx_core::body::MethodId, rexx_exec::GeneratedMethod, std::hash::random::RandomState>::{closure#0}>
2750	ELSE	/home/moritz/dev/repos/ooRexx-rust-rewrite/rust/target/release/rexx-run	/home/moritz/dev/repos/ooRexx-rust-rewrite/rust/crates/rexx-exec/src/dispatch.rs	rexx_exec::dispatch::hash_index
2680	ELSE	/home/moritz/dev/repos/ooRexx-rust-rewrite/rust/target/release/rexx-run	/home/moritz/dev/repos/ooRexx-rust-rewrite/rust/crates/rexx-classes/src/class_graph.rs	<rexx_classes::class_graph::ClassGraph>::delete
2574	ELSE	/home/moritz/dev/repos/ooRexx-rust-rewrite/rust/target/release/rexx-run	/home/moritz/dev/repos/ooRexx-rust-rewrite/rust/crates/rexx-classes/src/registry.rs	<rexx_classes::registry::ClassRegistry>::define_unregistered_class
2532	ELSE	/home/moritz/dev/repos/ooRexx-rust-rewrite/rust/target/release/rexx-run	/home/moritz/dev/repos/ooRexx-rust-rewrite/rust/crates/rexx-parse/src/expr.rs	<rexx_parse::expr::Parser>::arg_list
2528	MACH	/home/moritz/dev/repos/ooRexx-rust-rewrite/rust/target/release/rexx-run	/home/moritz/dev/repos/ooRexx-rust-rewrite/rust/crates/rexx-exec/src/run.rs	<rexx_exec::Interp>::run_activation
2501	ELSE	/home/moritz/dev/repos/ooRexx-rust-rewrite/rust/target/release/rexx-run	/home/moritz/dev/repos/ooRexx-rust-rewrite/rust/crates/rexx-exec/src/ir/compile.rs	rexx_exec::ir::compile::native_shape'2
2442	ELSE	/home/moritz/dev/repos/ooRexx-rust-rewrite/rust/target/release/rexx-run	/home/moritz/dev/repos/ooRexx-rust-rewrite/rust/crates/rexx-core/src/heap.rs	<rexx_core::heap::Heap>::alloc_with_uncollected
2294	ELSE	/home/moritz/dev/repos/ooRexx-rust-rewrite/rust/target/release/rexx-run	/home/moritz/dev/repos/ooRexx-rust-rewrite/rust/crates/rexx-exec/src/value.rs	<rexx_exec::Interp>::interned_literal
2237	ELSE	/home/moritz/dev/repos/ooRexx-rust-rewrite/rust/target/release/rexx-run	/home/moritz/.cargo/registry/src/index.crates.io-1949cf8c6b5b557f/chrono-0.4.45/src/offset/local/tz_info/timezone.rs	<chrono::offset::local::tz_info::timezone::TimeZone>::from_tz_data
2195	ELSE	/home/moritz/dev/repos/ooRexx-rust-rewrite/rust/target/release/rexx-run	/home/moritz/dev/repos/ooRexx-rust-rewrite/rust/crates/rexx-exec/src/ir/trace_flow.rs	<rexx_exec::ir::trace_flow::Blocks>::scan
2160	ELSE	/usr/lib/x86_64-linux-gnu/libc.so.6	./stdio-common/./stdio-common/isoc23_sscanf.c	__isoc23_sscanf
2109	ELSE	/home/moritz/dev/repos/ooRexx-rust-rewrite/rust/target/release/rexx-run	/home/moritz/dev/repos/ooRexx-rust-rewrite/rust/crates/rexx-exec/src/run.rs	rexx_exec::run::fill_indents
2100	ELSE	/home/moritz/dev/repos/ooRexx-rust-rewrite/rust/target/release/rexx-run	/home/moritz/dev/repos/ooRexx-rust-rewrite/rust/crates/rexx-exec/src/environment.rs	<rexx_exec::Interp>::native_entry
2070	ELSE	/home/moritz/dev/repos/ooRexx-rust-rewrite/rust/target/release/rexx-run	/home/moritz/dev/repos/ooRexx-rust-rewrite/rust/crates/rexx-core/src/roots.rs	<rexx_core::roots::RootSet>::pop_slots
2052	ELSE	/home/moritz/dev/repos/ooRexx-rust-rewrite/rust/target/release/rexx-run	/home/moritz/dev/repos/ooRexx-rust-rewrite/rust/crates/rexx-exec/src/dispatch/hash.rs	rexx_exec::dispatch::hash::write_link
2025	ELSE	/home/moritz/dev/repos/ooRexx-rust-rewrite/rust/target/release/rexx-run	/home/moritz/dev/repos/ooRexx-rust-rewrite/rust/crates/rexx-exec/src/dispatch/collection.rs	rexx_exec::dispatch::collection::store_of
1980	ELSE	/home/moritz/dev/repos/ooRexx-rust-rewrite/rust/target/release/rexx-run	/home/moritz/dev/repos/ooRexx-rust-rewrite/rust/crates/rexx-exec/src/dispatch.rs	rexx_exec::dispatch::new_instance
1921	ELSE	/home/moritz/dev/repos/ooRexx-rust-rewrite/rust/target/release/rexx-run	/home/moritz/dev/repos/ooRexx-rust-rewrite/rust/crates/rexx-exec/src/environment.rs	<rexx_exec::Interp>::annotation_table
1920	ELSE	/home/moritz/dev/repos/ooRexx-rust-rewrite/rust/target/release/rexx-run	/home/moritz/.rustup/toolchains/stable-x86_64-unknown-linux-gnu/lib/rustlib/src/rust/library/alloc/src/sync.rs	<alloc::sync::Arc<[u8]>>::drop_slow
1904	ELSE	/home/moritz/dev/repos/ooRexx-rust-rewrite/rust/target/release/rexx-run	/home/moritz/dev/repos/ooRexx-rust-rewrite/rust/crates/rexx-classes/src/class_graph.rs	<rexx_classes::class_graph::ClassGraph>::update_instance_sub_classes'2
1903	ELSE	/home/moritz/dev/repos/ooRexx-rust-rewrite/rust/target/release/rexx-run	/rust/deps/hashbrown-0.17.1/src/raw.rs	<hashbrown::raw::RawTable<(alloc::string::String, rexx_core::handle::ObjRef)>>::reserve_rehash::<hashbrown::map::make_hasher<alloc::string::String, rexx_core::handle::ObjRef, rustc_hash::FxBuildHasher>::{closure#0}>
1892	ELSE	/home/moritz/dev/repos/ooRexx-rust-rewrite/rust/target/release/rexx-run	/home/moritz/dev/repos/ooRexx-rust-rewrite/rust/crates/rexx-core/src/body.rs	<rexx_core::body::NativeObject>::new
1866	ELSE	/home/moritz/dev/repos/ooRexx-rust-rewrite/rust/target/release/rexx-run	/home/moritz/dev/repos/ooRexx-rust-rewrite/rust/crates/rexx-exec/src/plan.rs	<rexx_exec::plan::CompoundName>::split
1855	ELSE	/home/moritz/dev/repos/ooRexx-rust-rewrite/rust/target/release/rexx-run	/home/moritz/.rustup/toolchains/stable-x86_64-unknown-linux-gnu/lib/rustlib/src/rust/library/core/src/option.rs	<core::option::Option<&rexx_parse::token::Token>>::filter::<<rexx_parse::instruction::Inst>::parse_instruction_body::{closure#0}>
1840	ELSE	/home/moritz/dev/repos/ooRexx-rust-rewrite/rust/target/release/rexx-run	/home/moritz/dev/repos/ooRexx-rust-rewrite/rust/crates/rexx-exec/src/dispatch.rs	rexx_exec::dispatch::method_name_pair
1823	GC	/home/moritz/dev/repos/ooRexx-rust-rewrite/rust/target/release/rexx-run	/home/moritz/.rustup/toolchains/stable-x86_64-unknown-linux-gnu/lib/rustlib/src/rust/library/core/src/ptr/mod.rs	core::ptr::drop_glue::<alloc::boxed::Box<rexx_parse::ast::Parse>>
1799	ELSE	/usr/lib/x86_64-linux-gnu/ld-linux-x86-64.so.2	./elf/./elf/rtld.c	dl_main
1785	ELSE	/home/moritz/dev/repos/ooRexx-rust-rewrite/rust/target/release/rexx-run	/home/moritz/dev/repos/ooRexx-rust-rewrite/rust/crates/rexx-exec/src/lib.rs	rexx_exec::accessor_setter_name
1775	LIBC	/usr/lib/x86_64-linux-gnu/libc.so.6	/build/reproducible-path/glibc-2.43/string/../sysdeps/x86_64/multiarch/memchr-avx2.S	__memchr_avx2
1729	ELSE	/home/moritz/dev/repos/ooRexx-rust-rewrite/rust/target/release/rexx-run	/home/moritz/.rustup/toolchains/stable-x86_64-unknown-linux-gnu/lib/rustlib/src/rust/library/core/src/option.rs	<rexx_parse::directive::Dir>::check_directive
1700	GC	/home/moritz/dev/repos/ooRexx-rust-rewrite/rust/target/release/rexx-run	/home/moritz/.rustup/toolchains/stable-x86_64-unknown-linux-gnu/lib/rustlib/src/rust/library/core/src/ptr/mod.rs	core::ptr::drop_glue::<std::collections::hash::map::HashMap<rexx_exec::plan::ProgramId, std::collections::hash::map::HashMap<alloc::boxed::Box<[u8]>, rexx_core::handle::ObjRef, rustc_hash::FxBuildHasher>, rustc_hash::FxBuildHasher>>
1686	ELSE	/home/moritz/dev/repos/ooRexx-rust-rewrite/rust/target/release/rexx-run	/home/moritz/.cargo/registry/src/index.crates.io-1949cf8c6b5b557f/chrono-0.4.45/src/offset/local/tz_info/timezone.rs	<chrono::offset::local::tz_info::timezone::TimeZone>::new
1678	ELSE	/home/moritz/dev/repos/ooRexx-rust-rewrite/rust/target/release/rexx-run	/home/moritz/dev/repos/ooRexx-rust-rewrite/rust/crates/rexx-parse/src/ast.rs	rexx_parse::ast::compound_parts
1665	ELSE	/usr/lib/x86_64-linux-gnu/libc.so.6	./libio/./libio/strops.c	_IO_str_init_static_internal
1648	ELSE	/home/moritz/dev/repos/ooRexx-rust-rewrite/rust/target/release/rexx-run	/home/moritz/.rustup/toolchains/stable-x86_64-unknown-linux-gnu/lib/rustlib/src/rust/library/core/src/hash/mod.rs	<std::hash::random::RandomState as core::hash::BuildHasher>::hash_one::<&(rexx_exec::plan::ProgramId, rexx_exec::environment::PackageTable)>
1577	ELSE	/home/moritz/dev/repos/ooRexx-rust-rewrite/rust/target/release/rexx-run	/home/moritz/dev/repos/ooRexx-rust-rewrite/rust/crates/rexx-classes/src/class_graph.rs	<rexx_classes::class_graph::ClassGraph>::update_sub_classes
1553	ELSE	/home/moritz/dev/repos/ooRexx-rust-rewrite/rust/target/release/rexx-run	/home/moritz/.rustup/toolchains/stable-x86_64-unknown-linux-gnu/lib/rustlib/src/rust/library/core/src/iter/adapters/filter.rs	<&mut core::iter::adapters::filter::filter_try_fold<&rexx_parse::ast::ClassRef, (), core::ops::control_flow::ControlFlow<usize>, rexx_exec::class_dependencies::{closure#0}, core::iter::traits::iterator::Iterator::find_map::check<&rexx_parse::ast::ClassRef, usize, &mut rexx_exec::class_dependencies::{closure#1}>::{closure#0}>::{closure#0} as core::ops::function::FnMut<((), &rexx_parse::ast::ClassRef)>>::call_mut
1549	ELSE	/home/moritz/dev/repos/ooRexx-rust-rewrite/rust/target/release/rexx-run	/home/moritz/dev/repos/ooRexx-rust-rewrite/rust/crates/rexx-exec/src/run.rs	<rexx_exec::Interp>::eval_chunk_expr
1536	ELSE	/home/moritz/dev/repos/ooRexx-rust-rewrite/rust/target/release/rexx-run	/rust/deps/hashbrown-0.17.1/src/map.rs	<hashbrown::map::HashMap<rexx_exec::environment::Annotated, rexx_core::handle::ObjRef, std::hash::random::RandomState>>::insert
1511	ELSE	/home/moritz/dev/repos/ooRexx-rust-rewrite/rust/target/release/rexx-run	/rust/deps/hashbrown-0.17.1/src/raw.rs	<hashbrown::raw::RawTable<(rexx_core::handle::ObjRef, rexx_exec::ExecutableRecord)>>::reserve_rehash::<hashbrown::map::make_hasher<rexx_core::handle::ObjRef, rexx_exec::ExecutableRecord, std::hash::random::RandomState>::{closure#0}>
1504	ELSE	/home/moritz/dev/repos/ooRexx-rust-rewrite/rust/target/release/rexx-run	/home/moritz/dev/repos/ooRexx-rust-rewrite/rust/crates/rexx-exec/src/environment.rs	<rexx_exec::Interp>::define_class_method_object
1489	ELSE	/home/moritz/dev/repos/ooRexx-rust-rewrite/rust/target/release/rexx-run	/home/moritz/dev/repos/ooRexx-rust-rewrite/rust/crates/rexx-exec/src/dispatch/package.rs	rexx_exec::dispatch::package::cloned::<alloc::boxed::Box<[u8]>, rexx_core::handle::ObjRef, rustc_hash::FxBuildHasher>
1484	ELSE	/home/moritz/dev/repos/ooRexx-rust-rewrite/rust/target/release/rexx-run	/rust/deps/hashbrown-0.17.1/src/raw.rs	<hashbrown::raw::RawTable<(rexx_exec::environment::Annotated, rexx_core::handle::ObjRef)>>::reserve_rehash::<hashbrown::map::make_hasher<rexx_exec::environment::Annotated, rexx_core::handle::ObjRef, std::hash::random::RandomState>::{closure#0}>
1478	ELSE	/usr/lib/x86_64-linux-gnu/ld-linux-x86-64.so.2	./elf/./elf/dl-cache.c	_dl_cache_libcmp
1465	ELSE	/home/moritz/dev/repos/ooRexx-rust-rewrite/rust/target/release/rexx-run	/home/moritz/.rustup/toolchains/stable-x86_64-unknown-linux-gnu/lib/rustlib/src/rust/library/core/src/slice/sort/shared/smallsort.rs	core::slice::sort::shared::smallsort::bidirectional_merge::<alloc::boxed::Box<[u8]>, <alloc::boxed::Box<[u8]> as core::cmp::PartialOrd>::lt>
1451	ELSE	/usr/lib/x86_64-linux-gnu/ld-linux-x86-64.so.2	./elf/./elf/dl-deps.c	_dl_map_object_deps
1419	ELSE	/home/moritz/dev/repos/ooRexx-rust-rewrite/rust/target/release/rexx-run	/home/moritz/dev/repos/ooRexx-rust-rewrite/rust/crates/rexx-core/src/body.rs	<rexx_core::body::NativeObject>::keys
1415	ELSE	/home/moritz/dev/repos/ooRexx-rust-rewrite/rust/target/release/rexx-run	/rust/deps/hashbrown-0.17.1/src/raw.rs	<hashbrown::raw::RawTable<((rexx_core::handle::ObjRef, alloc::boxed::Box<[u8]>), rexx_core::handle::ObjRef)>>::reserve_rehash::<hashbrown::map::make_hasher<(rexx_core::handle::ObjRef, alloc::boxed::Box<[u8]>), rexx_core::handle::ObjRef, std::hash::random::RandomState>::{closure#0}>
1377	ELSE	/home/moritz/dev/repos/ooRexx-rust-rewrite/rust/target/release/rexx-run	/home/moritz/dev/repos/ooRexx-rust-rewrite/rust/crates/rexx-exec/src/dispatch/hash.rs	rexx_exec::dispatch::hash::set_free
1376	ELSE	/home/moritz/dev/repos/ooRexx-rust-rewrite/rust/target/release/rexx-run	/rust/deps/hashbrown-0.17.1/src/map.rs	<hashbrown::map::HashMap<(rexx_core::handle::ObjRef, alloc::boxed::Box<[u8]>), rexx_core::handle::ObjRef, std::hash::random::RandomState>>::insert
1366	ELSE	/home/moritz/dev/repos/ooRexx-rust-rewrite/rust/target/release/rexx-run	/home/moritz/dev/repos/ooRexx-rust-rewrite/rust/crates/rexx-exec/src/run.rs	<rexx_exec::Interp>::bind_exposed
1350	GC	/home/moritz/dev/repos/ooRexx-rust-rewrite/rust/target/release/rexx-run	/rustc/48a229ceaefd4985c50990b14116b6d856af0985/library/alloc/src/raw_vec/mod.rs	<alloc::raw_vec::RawVec<u8>>::grow_one
1323	GC	/home/moritz/dev/repos/ooRexx-rust-rewrite/rust/target/release/rexx-run	/home/moritz/.rustup/toolchains/stable-x86_64-unknown-linux-gnu/lib/rustlib/src/rust/library/core/src/ptr/mod.rs	core::ptr::drop_glue::<rexx_core::body::NativeObject>
1315	ELSE	/usr/lib/x86_64-linux-gnu/libc.so.6	./nptl/./nptl/pthread_getattr_np.c	pthread_getattr_np@@GLIBC_2.32
1296	ELSE	/home/moritz/dev/repos/ooRexx-rust-rewrite/rust/target/release/rexx-run	/home/moritz/dev/repos/ooRexx-rust-rewrite/rust/crates/rexx-core/src/handle.rs	rexx_exec::dispatch::hash::write_slot
1285	ELSE	/home/moritz/dev/repos/ooRexx-rust-rewrite/rust/target/release/rexx-run	/rust/deps/hashbrown-0.17.1/src/map.rs	<hashbrown::map::HashMap<rexx_core::handle::ObjRef, rexx_exec::ExecutableRecord, std::hash::random::RandomState>>::insert
1276	ELSE	/home/moritz/dev/repos/ooRexx-rust-rewrite/rust/target/release/rexx-run	/home/moritz/.rustup/toolchains/stable-x86_64-unknown-linux-gnu/lib/rustlib/src/rust/library/core/src/slice/sort/shared/smallsort.rs	core::slice::sort::shared::smallsort::small_sort_general_with_scratch::<alloc::boxed::Box<[u8]>, <alloc::boxed::Box<[u8]> as core::cmp::PartialOrd>::lt>
1256	ELSE	/home/moritz/dev/repos/ooRexx-rust-rewrite/rust/target/release/rexx-run	/home/moritz/.rustup/toolchains/stable-x86_64-unknown-linux-gnu/lib/rustlib/src/rust/library/alloc/src/vec/mod.rs	<alloc::vec::Vec<core::option::Option<rexx_parse::ast::UseTarget>>>::push_mut
1249	ELSE	/home/moritz/dev/repos/ooRexx-rust-rewrite/rust/target/release/rexx-run	/rust/deps/hashbrown-0.17.1/src/raw.rs	<hashbrown::raw::RawTable<(rexx_core::handle::ObjRef, rexx_exec::InstalledMethodBody)>>::reserve_rehash::<hashbrown::map::make_hasher<rexx_core::handle::ObjRef, rexx_exec::InstalledMethodBody, rustc_hash::FxBuildHasher>::{closure#0}>
1239	ELSE	/home/moritz/dev/repos/ooRexx-rust-rewrite/rust/target/release/rexx-run	/home/moritz/dev/repos/ooRexx-rust-rewrite/rust/crates/rexx-exec/src/dispatch.rs	<rexx_exec::Interp>::send_message'2
1232	ELSE	/home/moritz/dev/repos/ooRexx-rust-rewrite/rust/target/release/rexx-run	/rust/deps/hashbrown-0.17.1/src/map.rs	<hashbrown::map::HashMap<rexx_core::handle::ObjRef, rexx_exec::InstalledMethodBody, rustc_hash::FxBuildHasher>>::insert
1228	ELSE	/home/moritz/dev/repos/ooRexx-rust-rewrite/rust/target/release/rexx-run	/home/moritz/dev/repos/ooRexx-rust-rewrite/rust/crates/rexx-exec/src/plan.rs	<rexx_exec::Interp>::plan_for
1210	GC	/home/moritz/dev/repos/ooRexx-rust-rewrite/rust/target/release/rexx-run	/home/moritz/.rustup/toolchains/stable-x86_64-unknown-linux-gnu/lib/rustlib/src/rust/library/core/src/ptr/mod.rs	core::ptr::drop_glue::<core::option::Option<rexx_parse::ast::ParseTrigger>>
1206	GC	/home/moritz/dev/repos/ooRexx-rust-rewrite/rust/target/release/rexx-run	/home/moritz/.rustup/toolchains/stable-x86_64-unknown-linux-gnu/lib/rustlib/src/rust/library/core/src/ptr/mod.rs	core::ptr::drop_glue::<core::option::Option<rexx_parse::ast::Expr>>
1200	ELSE	/home/moritz/dev/repos/ooRexx-rust-rewrite/rust/target/release/rexx-run	/home/moritz/dev/repos/ooRexx-rust-rewrite/rust/crates/rexx-exec/src/dispatch/collection.rs	rexx_exec::dispatch::collection::store_scope
1181	ELSE	/home/moritz/dev/repos/ooRexx-rust-rewrite/rust/target/release/rexx-run	/home/moritz/dev/repos/ooRexx-rust-rewrite/rust/crates/rexx-exec/src/environment.rs	<rexx_exec::Interp>::string_table_of
1152	ELSE	/home/moritz/dev/repos/ooRexx-rust-rewrite/rust/target/release/rexx-run	/home/moritz/dev/repos/ooRexx-rust-rewrite/rust/crates/rexx-exec/src/dispatch.rs	rexx_exec::dispatch::native_define_class_method
1111	VSIM	/home/moritz/dev/repos/ooRexx-rust-rewrite/rust/target/release/rexx-run	/home/moritz/dev/repos/ooRexx-rust-rewrite/rust/crates/rexx-exec/src/plan.rs	<rexx_exec::Interp>::slot_of
1088	ELSE	/home/moritz/dev/repos/ooRexx-rust-rewrite/rust/target/release/rexx-run	/home/moritz/dev/repos/ooRexx-rust-rewrite/rust/crates/rexx-exec/src/dispatch.rs	rexx_exec::dispatch::class_receiver
1080	ELSE	/home/moritz/dev/repos/ooRexx-rust-rewrite/rust/target/release/rexx-run	/home/moritz/dev/repos/ooRexx-rust-rewrite/rust/crates/rexx-exec/src/security.rs	<rexx_exec::Interp>::effective_security_manager
1071	ELSE	/home/moritz/dev/repos/ooRexx-rust-rewrite/rust/target/release/rexx-run	/home/moritz/dev/repos/ooRexx-rust-rewrite/rust/crates/rexx-exec/src/environment.rs	<rexx_exec::Interp>::hold_method_object
1065	ELSE	/usr/lib/x86_64-linux-gnu/libc.so.6	./libio/./libio/genops.c	_IO_no_init
1060	ELSE	/usr/lib/x86_64-linux-gnu/libc.so.6	./libio/./libio/genops.c	_IO_old_init
1054	ELSE	/usr/lib/x86_64-linux-gnu/ld-linux-x86-64.so.2	./elf/./elf/dl-misc.c	_dl_name_match_p
1030	ELSE	/usr/lib/x86_64-linux-gnu/libc.so.6	./io/../sysdeps/unix/sysv/linux/statx.c	statx
1030	ELSE	/home/moritz/dev/repos/ooRexx-rust-rewrite/rust/target/release/rexx-run	/home/moritz/.rustup/toolchains/stable-x86_64-unknown-linux-gnu/lib/rustlib/src/rust/library/core/src/slice/mod.rs	<[u8]>::copy_within::<core::ops::range::Range<usize>>
982	ELSE	/home/moritz/dev/repos/ooRexx-rust-rewrite/rust/target/release/rexx-run	/home/moritz/dev/repos/ooRexx-rust-rewrite/rust/crates/rexx-exec/src/plan.rs	<rexx_exec::plan::Plan>::note_compound_name
969	ELSE	/home/moritz/dev/repos/ooRexx-rust-rewrite/rust/target/release/rexx-run	/home/moritz/dev/repos/ooRexx-rust-rewrite/rust/crates/rexx-parse/src/instruction.rs	<rexx_parse::instruction::Inst>::for_and_conditional
946	GC	/home/moritz/dev/repos/ooRexx-rust-rewrite/rust/target/release/rexx-run	/home/moritz/.rustup/toolchains/stable-x86_64-unknown-linux-gnu/lib/rustlib/src/rust/library/alloc/src/rc.rs	<alloc::rc::Rc<rexx_exec::plan::Plan>>::drop_slow
918	ELSE	/home/moritz/dev/repos/ooRexx-rust-rewrite/rust/target/release/rexx-run	/home/moritz/dev/repos/ooRexx-rust-rewrite/rust/crates/rexx-exec/src/dispatch/native.rs	rexx_exec::dispatch::native::attribute_external
912	GC	/home/moritz/dev/repos/ooRexx-rust-rewrite/rust/target/release/rexx-run	/home/moritz/.rustup/toolchains/stable-x86_64-unknown-linux-gnu/lib/rustlib/src/rust/library/alloc/src/raw_vec/mod.rs	<alloc::raw_vec::RawVec<core::option::Option<rexx_parse::ast::ParseTrigger>>>::grow_one
911	ELSE	/home/moritz/dev/repos/ooRexx-rust-rewrite/rust/target/release/rexx-run	/home/moritz/dev/repos/ooRexx-rust-rewrite/rust/crates/rexx-exec/src/run.rs	<rexx_exec::Interp>::exec_use_arg
903	ELSE	/home/moritz/dev/repos/ooRexx-rust-rewrite/rust/target/release/rexx-run	/home/moritz/.rustup/toolchains/stable-x86_64-unknown-linux-gnu/lib/rustlib/src/rust/library/core/src/../../stdarch/crates/core_arch/src/x86/sse2.rs	<rexx_exec::Interp>::which_package
896	ELSE	/home/moritz/dev/repos/ooRexx-rust-rewrite/rust/target/release/rexx-run	/home/moritz/dev/repos/ooRexx-rust-rewrite/rust/crates/rexx-exec/src/dispatch.rs	rexx_exec::dispatch::native_class_inherit
861	ELSE	/usr/lib/x86_64-linux-gnu/libc.so.6	./malloc/./malloc/arena.c	__ptmalloc_init
849	CALLOC	/usr/lib/x86_64-linux-gnu/libc.so.6	./malloc/./malloc/arena.c	arena_get2
843	ELSE	/usr/lib/x86_64-linux-gnu/ld-linux-x86-64.so.2	./elf/./elf/dl-object.c	_dl_new_object
832	ELSE	/home/moritz/dev/repos/ooRexx-rust-rewrite/rust/target/release/rexx-run	/home/moritz/dev/repos/ooRexx-rust-rewrite/rust/crates/rexx-exec/src/run.rs	<rexx_exec::Interp>::eval_traced_argument'2
831	GC	/home/moritz/dev/repos/ooRexx-rust-rewrite/rust/target/release/rexx-run	/home/moritz/.rustup/toolchains/stable-x86_64-unknown-linux-gnu/lib/rustlib/src/rust/library/core/src/ptr/mod.rs	core::ptr::drop_glue::<std::collections::hash::map::HashMap<alloc::vec::Vec<u8>, usize>>
827	ELSE	/home/moritz/dev/repos/ooRexx-rust-rewrite/rust/target/release/rexx-run	/rust/deps/hashbrown-0.17.1/src/map.rs	<hashbrown::map::HashMap<rexx_core::handle::ObjRef, rexx_classes::class_graph::ClassDef, rustc_hash::FxBuildHasher>>::get::<rexx_core::handle::ObjRef>
816	ELSE	/home/moritz/dev/repos/ooRexx-rust-rewrite/rust/target/release/rexx-run	/home/moritz/dev/repos/ooRexx-rust-rewrite/rust/crates/rexx-exec/src/lib.rs	<rexx_exec::Interp>::exposed_variable
816	ELSE	/home/moritz/dev/repos/ooRexx-rust-rewrite/rust/target/release/rexx-run	/home/moritz/dev/repos/ooRexx-rust-rewrite/rust/crates/rexx-classes/src/method_dict.rs	<rexx_classes::method_dict::MethodDict>::hide_method
790	ELSE	/home/moritz/dev/repos/ooRexx-rust-rewrite/rust/target/release/rexx-run	/home/moritz/dev/repos/ooRexx-rust-rewrite/rust/crates/rexx-parse/src/expr.rs	<rexx_parse::expr::Parser>::peek_tag
785	ELSE	/home/moritz/dev/repos/ooRexx-rust-rewrite/rust/target/release/rexx-run	/home/moritz/dev/repos/ooRexx-rust-rewrite/rust/crates/rexx-exec/src/eval.rs	<rexx_exec::Interp>::eval_list
765	ELSE	/usr/lib/x86_64-linux-gnu/libc.so.6	./libio/./libio/genops.c	_IO_setb
760	ELSE	/home/moritz/dev/repos/ooRexx-rust-rewrite/rust/target/release/rexx-run	/home/moritz/dev/repos/ooRexx-rust-rewrite/rust/crates/rexx-exec/src/run.rs	<rexx_exec::Interp>::say_evaluated
759	GC	/home/moritz/dev/repos/ooRexx-rust-rewrite/rust/target/release/rexx-run	/home/moritz/.rustup/toolchains/stable-x86_64-unknown-linux-gnu/lib/rustlib/src/rust/library/core/src/ptr/mod.rs	core::ptr::drop_glue::<std::collections::hash::map::HashMap<alloc::boxed::Box<[u8]>, rexx_exec::plan::ProgramId>>
755	ELSE	/home/moritz/dev/repos/ooRexx-rust-rewrite/rust/target/release/rexx-run	/home/moritz/.rustup/toolchains/stable-x86_64-unknown-linux-gnu/lib/rustlib/src/rust/library/core/src/fmt/mod.rs	<&str as core::fmt::Display>::fmt
745	ELSE	/home/moritz/dev/repos/ooRexx-rust-rewrite/rust/target/release/rexx-run	/home/moritz/dev/repos/ooRexx-rust-rewrite/rust/crates/rexx-exec/src/dispatch.rs	<rexx_exec::Interp>::object_model::{closure#0}
740	ELSE	/home/moritz/dev/repos/ooRexx-rust-rewrite/rust/target/release/rexx-run	/home/moritz/dev/repos/ooRexx-rust-rewrite/rust/crates/rexx-exec/src/dispatch.rs	rexx_exec::dispatch::whole_method_argument::<<rexx_exec::error::Raised>::invalid_length>
730	ELSE	/home/moritz/dev/repos/ooRexx-rust-rewrite/rust/target/release/rexx-run	/home/moritz/dev/repos/ooRexx-rust-rewrite/rust/crates/rexx-exec/src/lib.rs	<rexx_exec::Interp>::set_exposed_variable
727	GC	/home/moritz/dev/repos/ooRexx-rust-rewrite/rust/target/release/rexx-run	/home/moritz/.rustup/toolchains/stable-x86_64-unknown-linux-gnu/lib/rustlib/src/rust/library/core/src/ptr/mod.rs	core::ptr::drop_glue::<std::collections::hash::map::HashMap<usize, alloc::vec::Vec<usize>>>
705	ELSE	/usr/lib/x86_64-linux-gnu/libc.so.6	./nptl/./nptl/nptl_deallocate_tsd.c	__nptl_deallocate_tsd
676	ELSE	/home/moritz/dev/repos/ooRexx-rust-rewrite/rust/target/release/rexx-run	/home/moritz/dev/repos/ooRexx-rust-rewrite/rust/crates/rexx-exec/src/run.rs	rexx_exec::run::loop_header_slot
672	ELSE	/home/moritz/dev/repos/ooRexx-rust-rewrite/rust/target/release/rexx-run	/home/moritz/dev/repos/ooRexx-rust-rewrite/rust/crates/rexx-core/src/handle.rs	<rexx_exec::Interp>::method_new_scope
668	ELSE	/home/moritz/dev/repos/ooRexx-rust-rewrite/rust/target/release/rexx-run	/home/moritz/dev/repos/ooRexx-rust-rewrite/rust/crates/rexx-exec/src/run.rs	<rexx_exec::Interp>::exec_expose
642	ELSE	/home/moritz/dev/repos/ooRexx-rust-rewrite/rust/target/release/rexx-run	/home/moritz/dev/repos/ooRexx-rust-rewrite/rust/crates/rexx-classes/src/class_graph.rs	<rexx_classes::class_graph::ClassGraph>::hide
640	ELSE	/home/moritz/dev/repos/ooRexx-rust-rewrite/rust/target/release/rexx-run	/home/moritz/dev/repos/ooRexx-rust-rewrite/rust/crates/rexx-exec/src/dispatch.rs	rexx_exec::dispatch::whole_method_argument::<<rexx_exec::error::Raised>::invalid_position>
640	ELSE	/home/moritz/dev/repos/ooRexx-rust-rewrite/rust/target/release/rexx-run	/home/moritz/dev/repos/ooRexx-rust-rewrite/rust/crates/rexx-parse/src/block.rs	rexx_parse::block::visit_slot::<<rexx_parse::block::Block>::add_clause::{closure#0}>
637	GC	/home/moritz/dev/repos/ooRexx-rust-rewrite/rust/target/release/rexx-run	/home/moritz/.rustup/toolchains/stable-x86_64-unknown-linux-gnu/lib/rustlib/src/rust/library/core/src/ptr/mod.rs	core::ptr::drop_glue::<rexx_exec::ir::Chunk>
630	ELSE	/home/moritz/dev/repos/ooRexx-rust-rewrite/rust/target/release/rexx-run	/home/moritz/dev/repos/ooRexx-rust-rewrite/rust/crates/rexx-parse/src/expr.rs	rexx_parse::expr::parse_paren_expression
630	ELSE	/home/moritz/dev/repos/ooRexx-rust-rewrite/rust/target/release/rexx-run	/home/moritz/.cargo/registry/src/index.crates.io-1949cf8c6b5b557f/chrono-0.4.45/src/offset/local/tz_info/timezone.rs	<chrono::offset::local::tz_info::timezone::LocalTimeType>::new
624	GC	/home/moritz/dev/repos/ooRexx-rust-rewrite/rust/target/release/rexx-run	/home/moritz/.rustup/toolchains/stable-x86_64-unknown-linux-gnu/lib/rustlib/src/rust/library/alloc/src/raw_vec/mod.rs	<alloc::raw_vec::RawVec<rexx_parse::clause::Clause>>::grow_one
616	ELSE	/home/moritz/dev/repos/ooRexx-rust-rewrite/rust/target/release/rexx-run	/home/moritz/dev/repos/ooRexx-rust-rewrite/rust/crates/rexx-exec/src/lib.rs	<rexx_exec::Interp>::run_loaded
613	ELSE	/home/moritz/dev/repos/ooRexx-rust-rewrite/rust/target/release/rexx-run	/home/moritz/dev/repos/ooRexx-rust-rewrite/rust/crates/rexx-exec/src/lib.rs	<rexx_exec::Interp>::enter_library_program'2
606	ELSE	/home/moritz/dev/repos/ooRexx-rust-rewrite/rust/target/release/rexx-run	/home/moritz/dev/repos/ooRexx-rust-rewrite/rust/crates/rexx-exec/src/bin/rexx-run.rs	rexx_run::main
600	GC	/home/moritz/dev/repos/ooRexx-rust-rewrite/rust/target/release/rexx-run	/home/moritz/.rustup/toolchains/stable-x86_64-unknown-linux-gnu/lib/rustlib/src/rust/library/alloc/src/raw_vec/mod.rs	<alloc::raw_vec::RawVec<core::option::Option<rexx_exec::plan::ProgramId>>>::grow_one
588	ELSE	/usr/lib/x86_64-linux-gnu/libc.so.6	./nptl/./nptl/libc-cleanup.c	__libc_cleanup_push_defer
581	ELSE	/usr/lib/x86_64-linux-gnu/ld-linux-x86-64.so.2	/build/reproducible-path/glibc-2.43/string/../sysdeps/x86_64/multiarch/../multiarch/memset-vec-unaligned-erms.S	memset
580	ELSE	/usr/lib/x86_64-linux-gnu/libc.so.6	./misc/./misc/getauxval.c	getauxval
580	CONV	/home/moritz/dev/repos/ooRexx-rust-rewrite/rust/target/release/rexx-run	/home/moritz/dev/repos/ooRexx-rust-rewrite/rust/crates/rexx-num/src/format.rs	rexx_num::format::round_to_places
580	BIF	/home/moritz/dev/repos/ooRexx-rust-rewrite/rust/target/release/rexx-run	/home/moritz/dev/repos/ooRexx-rust-rewrite/rust/crates/rexx-exec/src/builtin/state.rs	rexx_exec::builtin::state::arg
575	ELSE	/home/moritz/dev/repos/ooRexx-rust-rewrite/rust/target/release/rexx-run	/home/moritz/dev/repos/ooRexx-rust-rewrite/rust/crates/rexx-exec/src/dispatch/collection.rs	rexx_exec::dispatch::collection::native_queue_init
573	ELSE	/usr/lib/x86_64-linux-gnu/ld-linux-x86-64.so.2	./elf/./elf/rtld.c	_dl_start
563	ELSE	/usr/lib/x86_64-linux-gnu/ld-linux-x86-64.so.2	./elf/./dl-find_object.h	_dl_find_object_from_map
561	ELSE	/usr/lib/x86_64-linux-gnu/ld-linux-x86-64.so.2	./elf/./elf/dl-minimal-malloc.c	__minimal_malloc
552	GC	/home/moritz/dev/repos/ooRexx-rust-rewrite/rust/target/release/rexx-run	/home/moritz/.rustup/toolchains/stable-x86_64-unknown-linux-gnu/lib/rustlib/src/rust/library/alloc/src/raw_vec/mod.rs	<alloc::raw_vec::RawVec<rexx_parse::ast::ControlExpr>>::grow_one
531	ELSE	/usr/lib/x86_64-linux-gnu/ld-linux-x86-64.so.2	./elf/./elf/dl-load.c	_dl_lookup_map
527	ELSE	/home/moritz/dev/repos/ooRexx-rust-rewrite/rust/target/release/rexx-run	/rust/deps/hashbrown-0.17.1/src/map.rs	<hashbrown::map::HashMap<&str, (), std::hash::random::RandomState>>::contains_key::<str>
524	ELSE	/usr/lib/x86_64-linux-gnu/ld-linux-x86-64.so.2	./elf/./elf/dl-tunables.c	__tunable_get_val
523	ELSE	/usr/lib/x86_64-linux-gnu/ld-linux-x86-64.so.2	./elf/../sysdeps/x86/dl-cacheinfo.h	handle_intel.constprop.0
517	ELSE	/home/moritz/dev/repos/ooRexx-rust-rewrite/rust/target/release/rexx-run	/home/moritz/dev/repos/ooRexx-rust-rewrite/rust/crates/rexx-exec/src/run.rs	<rexx_exec::Interp>::assign_by_name
509	ELSE	/usr/lib/x86_64-linux-gnu/ld-linux-x86-64.so.2	/build/reproducible-path/glibc-2.43/string/../sysdeps/x86_64/multiarch/../multiarch/strchr-sse2.S	index
504	GC	/home/moritz/dev/repos/ooRexx-rust-rewrite/rust/target/release/rexx-run	/home/moritz/.rustup/toolchains/stable-x86_64-unknown-linux-gnu/lib/rustlib/src/rust/library/alloc/src/raw_vec/mod.rs	<alloc::raw_vec::RawVec<core::option::Option<alloc::vec::Vec<rexx_core::handle::ObjRef>>>>::grow_one
498	ELSE	/usr/lib/x86_64-linux-gnu/ld-linux-x86-64.so.2	./elf/./elf/dl-cache.c	search_cache
484	ELSE	/home/moritz/dev/repos/ooRexx-rust-rewrite/rust/target/release/rexx-run	/home/moritz/.cargo/registry/src/index.crates.io-1949cf8c6b5b557f/chrono-0.4.45/src/offset/local/tz_info/parser.rs	<chrono::offset::local::tz_info::parser::State>::new
482	ELSE	/usr/lib/x86_64-linux-gnu/ld-linux-x86-64.so.2	/build/reproducible-path/glibc-2.43/string/../sysdeps/x86_64/multiarch/../multiarch/strlen-sse2.S	strlen
482	ELSE	/home/moritz/dev/repos/ooRexx-rust-rewrite/rust/target/release/rexx-run	/home/moritz/dev/repos/ooRexx-rust-rewrite/rust/crates/rexx-exec/src/environment.rs	<rexx_exec::Interp>::package_object
482	ELSE	/home/moritz/dev/repos/ooRexx-rust-rewrite/rust/target/release/rexx-run	/home/moritz/dev/repos/ooRexx-rust-rewrite/rust/crates/rexx-parse/src/directive.rs	<rexx_parse::directive::Dir>::constant
480	GC	/home/moritz/dev/repos/ooRexx-rust-rewrite/rust/target/release/rexx-run	/home/moritz/.rustup/toolchains/stable-x86_64-unknown-linux-gnu/lib/rustlib/src/rust/library/alloc/src/raw_vec/mod.rs	<alloc::raw_vec::RawVec<(alloc::boxed::Box<[u8]>, rexx_core::body::ObjectMethod)>>::grow_one
479	ELSE	/usr/lib/x86_64-linux-gnu/ld-linux-x86-64.so.2	./elf/../sysdeps/unix/sysv/linux/dl-sysdep.c	_dl_sysdep_parse_arguments
478	ELSE	/home/moritz/dev/repos/ooRexx-rust-rewrite/rust/target/release/rexx-run	/home/moritz/dev/repos/ooRexx-rust-rewrite/rust/crates/rexx-exec/src/run.rs	<rexx_exec::Interp>::pool_owner
476	ELSE	/home/moritz/dev/repos/ooRexx-rust-rewrite/rust/target/release/rexx-run	/home/moritz/.rustup/toolchains/stable-x86_64-unknown-linux-gnu/lib/rustlib/src/rust/library/core/src/slice/sort/shared/smallsort.rs	core::slice::sort::shared::smallsort::sort4_stable::<alloc::boxed::Box<[u8]>, <alloc::boxed::Box<[u8]> as core::cmp::PartialOrd>::lt>
465	ELSE	/home/moritz/dev/repos/ooRexx-rust-rewrite/rust/target/release/rexx-run	/home/moritz/dev/repos/ooRexx-rust-rewrite/rust/crates/rexx-exec/src/environment.rs	<rexx_exec::Interp>::set_directory_entry
460	ELSE	/home/moritz/dev/repos/ooRexx-rust-rewrite/rust/target/release/rexx-run	/home/moritz/dev/repos/ooRexx-rust-rewrite/rust/crates/rexx-parse/src/instruction.rs	<rexx_parse::instruction::Inst>::count_loop
441	ELSE	/usr/lib/x86_64-linux-gnu/libc.so.6	./nptl/./nptl/libc-cleanup.c	__libc_cleanup_pop_restore
440	ELSE	/usr/lib/x86_64-linux-gnu/ld-linux-x86-64.so.2	./elf/../sysdeps/x86/cpu-features.c	init_cpu_features.constprop.0
429	ELSE	/home/moritz/dev/repos/ooRexx-rust-rewrite/rust/target/release/rexx-run	/rustc/48a229ceaefd4985c50990b14116b6d856af0985/library/std/src/sys/fs/mod.rs	std::sys::fs::metadata
423	ELSE	/home/moritz/dev/repos/ooRexx-rust-rewrite/rust/target/release/rexx-run	/home/moritz/.cargo/registry/src/index.crates.io-1949cf8c6b5b557f/chrono-0.4.45/src/offset/local/tz_info/rule.rs	<chrono::offset::local::tz_info::rule::RuleDay>::unix_time
419	ELSE	/home/moritz/dev/repos/ooRexx-rust-rewrite/rust/target/release/rexx-run	/home/moritz/.cargo/registry/src/index.crates.io-1949cf8c6b5b557f/chrono-0.4.45/src/offset/local/tz_info/parser.rs	<chrono::offset::local::tz_info::parser::Cursor>::read_int::<u8>
416	ELSE	/home/moritz/dev/repos/ooRexx-rust-rewrite/rust/target/release/rexx-run	/home/moritz/dev/repos/ooRexx-rust-rewrite/rust/crates/rexx-exec/src/dispatch.rs	rexx_exec::dispatch::mixin_class_argument
416	ELSE	/home/moritz/dev/repos/ooRexx-rust-rewrite/rust/target/release/rexx-run	/home/moritz/.rustup/toolchains/stable-x86_64-unknown-linux-gnu/lib/rustlib/src/rust/library/core/src/hash/mod.rs	<std::hash::random::RandomState as core::hash::BuildHasher>::hash_one::<&rexx_exec::plan::Package>
409	ELSE	/usr/lib/x86_64-linux-gnu/ld-linux-x86-64.so.2	./elf/../elf/dl-tls.c	_dl_allocate_tls_init
409	ELSE	/home/moritz/dev/repos/ooRexx-rust-rewrite/rust/target/release/rexx-run	/home/moritz/dev/repos/ooRexx-rust-rewrite/rust/crates/rexx-exec/src/dispatch.rs	<rexx_exec::Interp>::super_scope_of
408	ELSE	/home/moritz/dev/repos/ooRexx-rust-rewrite/rust/target/release/rexx-run	/rust/deps/hashbrown-0.17.1/src/map.rs	<hashbrown::map::HashMap<alloc::boxed::Box<[u8]>, usize, rustc_hash::FxBuildHasher>>::insert
397	ELSE	/usr/lib/x86_64-linux-gnu/ld-linux-x86-64.so.2	./elf/./elf/dl-load.c	open_verify.constprop.0
396	ELSE	/usr/lib/x86_64-linux-gnu/libc.so.6	./stdlib/./stdlib/canonicalize.c	realpath@@GLIBC_2.3
391	ELSE	/usr/lib/x86_64-linux-gnu/ld-linux-x86-64.so.2	./elf/./elf/dl-load.c	_dl_map_new_object
389	ELSE	/home/moritz/dev/repos/ooRexx-rust-rewrite/rust/target/release/rexx-run	/home/moritz/dev/repos/ooRexx-rust-rewrite/rust/crates/rexx-exec/src/run.rs	<rexx_exec::Interp>::chunk_node_at
373	ELSE	/usr/lib/x86_64-linux-gnu/ld-linux-x86-64.so.2	./elf/./elf/dl-environ.c	_dl_next_ld_env_entry
368	ELSE	/usr/lib/x86_64-linux-gnu/ld-linux-x86-64.so.2	./elf/./elf/dl-load.c	open_path
368	ELSE	/home/moritz/dev/repos/ooRexx-rust-rewrite/rust/target/release/rexx-run	/home/moritz/dev/repos/ooRexx-rust-rewrite/rust/crates/rexx-parse/src/ast.rs	<rexx_parse::ast::Expr as core::clone::Clone>::clone
368	ELSE	/home/moritz/dev/repos/ooRexx-rust-rewrite/rust/target/release/rexx-run	/home/moritz/.rustup/toolchains/stable-x86_64-unknown-linux-gnu/lib/rustlib/src/rust/library/core/src/fmt/mod.rs	<&usize as core::fmt::Display>::fmt
367	ELSE	/usr/lib/x86_64-linux-gnu/libgcc_s.so.1	/build/reproducible-path/gcc-16-16.2.0/build/x86_64-linux-gnu/libgcc/../../../src/libgcc/config/i386/cpuinfo.c	__cpu_indicator_init@GCC_4.8.0
360	LIBC	/usr/lib/x86_64-linux-gnu/libc.so.6	./stdlib/../stdlib/strtol.c	__strtoul_internal
360	GC	/home/moritz/dev/repos/ooRexx-rust-rewrite/rust/target/release/rexx-run	/home/moritz/.rustup/toolchains/stable-x86_64-unknown-linux-gnu/lib/rustlib/src/rust/library/alloc/src/raw_vec/mod.rs	<alloc::raw_vec::RawVec<rexx_core::heap::Slot>>::grow_one
354	ELSE	/usr/lib/x86_64-linux-gnu/ld-linux-x86-64.so.2	./elf/./elf/dl-hwcaps_split.c	_dl_hwcaps_split
351	CALL	/home/moritz/dev/repos/ooRexx-rust-rewrite/rust/target/release/rexx-run	/home/moritz/dev/repos/ooRexx-rust-rewrite/rust/crates/rexx-exec/src/ir/drive.rs	<rexx_exec::Interp>::run_call_args::{closure#0}
350	ELSE	/home/moritz/dev/repos/ooRexx-rust-rewrite/rust/target/release/rexx-run	/rustc/48a229ceaefd4985c50990b14116b6d856af0985/library/core/src/fmt/num.rs	<u64 as core::fmt::Display>::fmt
346	ELSE	/home/moritz/dev/repos/ooRexx-rust-rewrite/rust/target/release/rexx-run	/home/moritz/.rustup/toolchains/stable-x86_64-unknown-linux-gnu/lib/rustlib/src/rust/library/core/src/slice/sort/shared/smallsort.rs	core::slice::sort::shared::smallsort::insertion_sort_shift_left::<(alloc::boxed::Box<[u8]>, rexx_core::handle::ObjRef), <[(alloc::boxed::Box<[u8]>, rexx_core::handle::ObjRef)]>::sort_by<<rexx_exec::Interp>::string_table_of::{closure#0}>::{closure#0}>
345	ELSE	/home/moritz/dev/repos/ooRexx-rust-rewrite/rust/target/release/rexx-run	/home/moritz/dev/repos/ooRexx-rust-rewrite/rust/crates/rexx-exec/src/dispatch/collection.rs	rexx_exec::dispatch::collection::array_splice_slot
341	ELSE	/home/moritz/dev/repos/ooRexx-rust-rewrite/rust/target/release/rexx-run	/rustc/48a229ceaefd4985c50990b14116b6d856af0985/library/std/src/sys/sync/once/futex.rs	<std::sys::sync::once::futex::Once>::call
337	ELSE	/usr/lib/x86_64-linux-gnu/ld-linux-x86-64.so.2	./elf/../elf/dl-tls.c	_dl_allocate_tls_storage
330	ELSE	/usr/lib/x86_64-linux-gnu/ld-linux-x86-64.so.2	./elf/./elf/dl-sort-maps.c	_dl_sort_maps
330	GC	/home/moritz/dev/repos/ooRexx-rust-rewrite/rust/target/release/rexx-run	/home/moritz/.rustup/toolchains/stable-x86_64-unknown-linux-gnu/lib/rustlib/src/rust/library/core/src/ptr/mod.rs	core::ptr::drop_glue::<core::option::Option<rexx_parse::ast::ExternalSpec>>
321	ELSE	/home/moritz/dev/repos/ooRexx-rust-rewrite/rust/target/release/rexx-run	/home/moritz/dev/repos/ooRexx-rust-rewrite/rust/crates/rexx-exec/src/ir.rs	<rexx_exec::ir::Hints>::reserve
320	ELSE	/usr/lib/x86_64-linux-gnu/ld-linux-x86-64.so.2	/build/reproducible-path/glibc-2.43/string/../sysdeps/x86_64/multiarch/memmove-vec-unaligned-erms.S	mempcpy
316	ELSE	/home/moritz/dev/repos/ooRexx-rust-rewrite/rust/target/release/rexx-run	/home/moritz/dev/repos/ooRexx-rust-rewrite/rust/crates/rexx-exec/src/lib.rs	<rexx_exec::Interp>::run_loaded'2
312	ELSE	/usr/lib/x86_64-linux-gnu/libc.so.6	./signal/../sysdeps/unix/sysv/linux/libc_sigaction.c	__libc_sigaction
312	ELSE	/home/moritz/dev/repos/ooRexx-rust-rewrite/rust/target/release/rexx-run	/home/moritz/dev/repos/ooRexx-rust-rewrite/rust/crates/rexx-exec/src/dispatch.rs	rexx_exec::dispatch::native_no_op
311	ELSE	/usr/lib/x86_64-linux-gnu/ld-linux-x86-64.so.2	./elf/./elf/dl-load.c	_dl_init_paths
311	ELSE	/usr/lib/x86_64-linux-gnu/libc.so.6	./nptl/./nptl/pthread_create.c	pthread_create@@GLIBC_2.34
308	ELSE	/usr/lib/x86_64-linux-gnu/ld-linux-x86-64.so.2	./misc/../sysdeps/unix/sysv/linux/mmap64.c	mmap
307	ELSE	/home/moritz/dev/repos/ooRexx-rust-rewrite/rust/target/release/rexx-run	/rustc/48a229ceaefd4985c50990b14116b6d856af0985/library/std/src/fs.rs	std::fs::read::inner
299	ELSE	/home/moritz/dev/repos/ooRexx-rust-rewrite/rust/target/release/rexx-run	/home/moritz/.rustup/toolchains/stable-x86_64-unknown-linux-gnu/lib/rustlib/src/rust/library/core/src/slice/sort/shared/smallsort.rs	core::slice::sort::shared::smallsort::insertion_sort_shift_left::<alloc::boxed::Box<[u8]>, <alloc::boxed::Box<[u8]> as core::cmp::PartialOrd>::lt>
298	CALLOC	/usr/lib/x86_64-linux-gnu/libc.so.6	./malloc/./malloc/malloc.c	tcache_init
295	ELSE	/usr/lib/x86_64-linux-gnu/ld-linux-x86-64.so.2	./elf/./elf/dl-sort-maps.c	dfs_traversal.part.0
295	ELSE	/home/moritz/dev/repos/ooRexx-rust-rewrite/rust/target/release/rexx-run	/home/moritz/dev/repos/ooRexx-rust-rewrite/rust/crates/rexx-exec/src/dispatch.rs	rexx_exec::dispatch::native_new'2
293	ELSE	/usr/lib/x86_64-linux-gnu/ld-linux-x86-64.so.2	/build/reproducible-path/glibc-2.43/string/../sysdeps/x86_64/multiarch/memmove-vec-unaligned-erms.S	memcpy
293	ELSE	/home/moritz/dev/repos/ooRexx-rust-rewrite/rust/target/release/rexx-run	/rust/deps/hashbrown-0.17.1/src/raw.rs	<hashbrown::raw::RawTable<((rexx_exec::plan::BodyKey, rexx_exec::trace::ChunkTrace), alloc::rc::Rc<rexx_exec::ir::Chunk>)>>::reserve_rehash::<hashbrown::map::make_hasher<(rexx_exec::plan::BodyKey, rexx_exec::trace::ChunkTrace), alloc::rc::Rc<rexx_exec::ir::Chunk>, rustc_hash::FxBuildHasher>::{closure#0}>
286	ELSE	/usr/lib/x86_64-linux-gnu/ld-linux-x86-64.so.2	./elf/./elf/dl-init.c	call_init
285	ELSE	/home/moritz/dev/repos/ooRexx-rust-rewrite/rust/target/release/rexx-run	/home/moritz/dev/repos/ooRexx-rust-rewrite/rust/crates/rexx-exec/src/dispatch.rs	rexx_exec::dispatch::native_new
283	ELSE	/home/moritz/dev/repos/ooRexx-rust-rewrite/rust/target/release/rexx-run	/rust/deps/hashbrown-0.17.1/src/raw.rs	<hashbrown::raw::RawTable<(rexx_exec::plan::BodyKey, alloc::rc::Rc<rexx_exec::plan::Plan>)>>::reserve_rehash::<hashbrown::map::make_hasher<rexx_exec::plan::BodyKey, alloc::rc::Rc<rexx_exec::plan::Plan>, rustc_hash::FxBuildHasher>::{closure#0}>
280	ELSE	/usr/lib/x86_64-linux-gnu/ld-linux-x86-64.so.2	./elf/./elf/dl-catch.c	_dl_catch_exception
280	ELSE	/home/moritz/dev/repos/ooRexx-rust-rewrite/rust/target/release/rexx-run	/home/moritz/dev/repos/ooRexx-rust-rewrite/rust/crates/rexx-exec/src/run.rs	<rexx_exec::Interp>::use_target_name
276	GC	/home/moritz/dev/repos/ooRexx-rust-rewrite/rust/target/release/rexx-run	/home/moritz/.rustup/toolchains/stable-x86_64-unknown-linux-gnu/lib/rustlib/src/rust/library/core/src/ptr/mod.rs	core::ptr::drop_glue::<rexx_core::roots::RootSet>
274	ELSE	/home/moritz/dev/repos/ooRexx-rust-rewrite/rust/target/release/rexx-run	/home/moritz/dev/repos/ooRexx-rust-rewrite/rust/crates/rexx-exec/src/run.rs	<rexx_exec::Interp>::resolve_routine_call
273	CALLOC	/usr/lib/x86_64-linux-gnu/libc.so.6	./malloc/./malloc/malloc.c	sysmalloc_mmap
273	ELSE	/home/moritz/dev/repos/ooRexx-rust-rewrite/rust/target/release/rexx-run	/home/moritz/.cargo/registry/src/index.crates.io-1949cf8c6b5b557f/chrono-0.4.45/src/offset/local/tz_info/rule.rs	<chrono::offset::local::tz_info::rule::TransitionRule>::from_tz_string
264	GC	/home/moritz/dev/repos/ooRexx-rust-rewrite/rust/target/release/rexx-run	/home/moritz/.rustup/toolchains/stable-x86_64-unknown-linux-gnu/lib/rustlib/src/rust/library/alloc/src/raw_vec/mod.rs	<alloc::raw_vec::RawVec<rexx_exec::ir::Op>>::grow_one
262	ELSE	/home/moritz/dev/repos/ooRexx-rust-rewrite/rust/target/release/rexx-run	/home/moritz/dev/repos/ooRexx-rust-rewrite/rust/crates/rexx-exec/src/lib.rs	<rexx_exec::Interp>::clear_exposed_variable
260	ELSE	/usr/lib/x86_64-linux-gnu/libc.so.6	./nptl/./nptl/cancellation.c	__internal_syscall_cancel
256	ELSE	/home/moritz/dev/repos/ooRexx-rust-rewrite/rust/target/release/rexx-run	/home/moritz/dev/repos/ooRexx-rust-rewrite/rust/crates/rexx-exec/src/dispatch.rs	rexx_exec::dispatch::rexx_defined_lock
255	ELSE	/home/moritz/dev/repos/ooRexx-rust-rewrite/rust/target/release/rexx-run	/home/moritz/.rustup/toolchains/stable-x86_64-unknown-linux-gnu/lib/rustlib/src/rust/library/core/src/option.rs	<rexx_parse::directive::Dir>::has_body
254	ELSE	/home/moritz/dev/repos/ooRexx-rust-rewrite/rust/target/release/rexx-run	/home/moritz/.rustup/toolchains/stable-x86_64-unknown-linux-gnu/lib/rustlib/src/rust/library/core/src/slice/sort/shared/smallsort.rs	core::slice::sort::shared::smallsort::sort4_stable::<(alloc::boxed::Box<[u8]>, rexx_core::handle::ObjRef), <[(alloc::boxed::Box<[u8]>, rexx_core::handle::ObjRef)]>::sort_by<<rexx_exec::Interp>::string_table_of::{closure#0}>::{closure#0}>
252	ELSE	/usr/lib/x86_64-linux-gnu/libc.so.6	./libio/./libio/fileops.c	_IO_file_underflow@@GLIBC_2.2.5
249	ELSE	/usr/lib/x86_64-linux-gnu/ld-linux-x86-64.so.2	./elf/../sysdeps/x86/dl-cacheinfo.h	get_common_cache_info.constprop.0
248	ELSE	/usr/lib/x86_64-linux-gnu/ld-linux-x86-64.so.2	./elf/./elf/dl-minimal.c	strsep
247	ELSE	/usr/lib/x86_64-linux-gnu/ld-linux-x86-64.so.2	./elf/./elf/dl-fini.c	_dl_fini
247	ELSE	/home/moritz/dev/repos/ooRexx-rust-rewrite/rust/target/release/rexx-run	/home/moritz/dev/repos/ooRexx-rust-rewrite/rust/crates/rexx-exec/src/environment.rs	<rexx_exec::Interp>::route_ends_at
246	ELSE	/home/moritz/dev/repos/ooRexx-rust-rewrite/rust/target/release/rexx-run	/home/moritz/.cargo/registry/src/index.crates.io-1949cf8c6b5b557f/chrono-0.4.45/src/offset/local/tz_info/rule.rs	<chrono::offset::local::tz_info::rule::RuleDay>::parse
242	ELSE	/usr/lib/x86_64-linux-gnu/ld-linux-x86-64.so.2	./elf/./elf/dl-find_object.c	_dlfo_process_initial
242	ELSE	/home/moritz/dev/repos/ooRexx-rust-rewrite/rust/target/release/rexx-run	/home/moritz/dev/repos/ooRexx-rust-rewrite/rust/crates/rexx-exec/src/lib.rs	rexx_exec::library_search_of
240	GC	/home/moritz/dev/repos/ooRexx-rust-rewrite/rust/target/release/rexx-run	/home/moritz/.rustup/toolchains/stable-x86_64-unknown-linux-gnu/lib/rustlib/src/rust/library/alloc/src/raw_vec/mod.rs	<alloc::raw_vec::RawVec<rexx_classes::class_graph::Behaviour>>::grow_one
238	ELSE	/home/moritz/dev/repos/ooRexx-rust-rewrite/rust/target/release/rexx-run	/home/moritz/dev/repos/ooRexx-rust-rewrite/rust/crates/rexx-exec/src/dispatch.rs	rexx_exec::dispatch::native_package_add_public_class
237	ELSE	/home/moritz/dev/repos/ooRexx-rust-rewrite/rust/target/release/rexx-run	/rustc/48a229ceaefd4985c50990b14116b6d856af0985/library/std/src/sys/pal/unix/stack_overflow.rs	std::sys::pal::unix::stack_overflow::imp::drop_handler
236	ELSE	/usr/lib/x86_64-linux-gnu/ld-linux-x86-64.so.2	./string/../string/strcspn.c	strcspn
234	ELSE	/home/moritz/dev/repos/ooRexx-rust-rewrite/rust/target/release/rexx-run	/home/moritz/dev/repos/ooRexx-rust-rewrite/rust/crates/rexx-parse/src/instruction.rs	<rexx_parse::instruction::Inst>::next_real
234	ELSE	/home/moritz/dev/repos/ooRexx-rust-rewrite/rust/target/release/rexx-run	/home/moritz/dev/repos/ooRexx-rust-rewrite/rust/crates/rexx-classes/src/registry.rs	<rexx_classes::registry::ClassRegistry>::class_super_scope
229	ELSE	/home/moritz/dev/repos/ooRexx-rust-rewrite/rust/target/release/rexx-run	/rustc/48a229ceaefd4985c50990b14116b6d856af0985/library/std/src/sys/pal/unix/stack_overflow/thread_info.rs	std::sys::pal::unix::stack_overflow::thread_info::set_current_info
220	ELSE	/home/moritz/dev/repos/ooRexx-rust-rewrite/rust/target/release/rexx-run	/home/moritz/dev/repos/ooRexx-rust-rewrite/rust/crates/rexx-inventory/src/lib.rs	rexx_inventory::builtins::wholly_excluded
216	ELSE	/home/moritz/dev/repos/ooRexx-rust-rewrite/rust/target/release/rexx-run	/home/moritz/.rustup/toolchains/stable-x86_64-unknown-linux-gnu/lib/rustlib/src/rust/library/alloc/src/collections/btree/map.rs	<alloc::collections::btree::map::IntoIter<rexx_exec::AnnotatedSite, alloc::vec::Vec<(alloc::boxed::Box<[u8]>, alloc::boxed::Box<[u8]>)>>>::dying_next
214	ELSE	/usr/lib/x86_64-linux-gnu/ld-linux-x86-64.so.2	./elf/./elf/dl-hwcaps.c	_dl_important_hwcaps
214	ELSE	/home/moritz/dev/repos/ooRexx-rust-rewrite/rust/target/release/rexx-run	/home/moritz/dev/repos/ooRexx-rust-rewrite/rust/crates/rexx-exec/src/dispatch.rs	rexx_exec::dispatch::native_object_name_set
212	ELSE	/usr/lib/x86_64-linux-gnu/ld-linux-x86-64.so.2	./elf/./elf/dl-hwcaps_split.c	_dl_hwcaps_split_masked
205	ELSE	/home/moritz/dev/repos/ooRexx-rust-rewrite/rust/target/release/rexx-run	/home/moritz/dev/repos/ooRexx-rust-rewrite/rust/crates/rexx-exec/src/lib.rs	<rexx_exec::Interp>::enter_library_program
204	ELSE	/home/moritz/dev/repos/ooRexx-rust-rewrite/rust/target/release/rexx-run	/home/moritz/dev/repos/ooRexx-rust-rewrite/rust/crates/rexx-exec/src/lib.rs	<rexx_exec::Interp>::record_constant_value
204	ELSE	/home/moritz/dev/repos/ooRexx-rust-rewrite/rust/target/release/rexx-run	???	main
204	ELSE	/home/moritz/dev/repos/ooRexx-rust-rewrite/rust/target/release/rexx-run	/home/moritz/.rustup/toolchains/stable-x86_64-unknown-linux-gnu/lib/rustlib/src/rust/library/core/src/iter/adapters/take.rs	<core::iter::adapters::take::Take<core::iter::adapters::zip::Zip<core::iter::adapters::chain::Chain<core::iter::adapters::copied::Copied<core::slice::iter::Iter<u8>>, core::iter::sources::repeat::Repeat<u8>>, core::iter::adapters::chain::Chain<core::iter::adapters::copied::Copied<core::slice::iter::Iter<u8>>, core::iter::sources::repeat::Repeat<u8>>>> as core::iter::traits::iterator::Iterator>::try_fold::<(), core::iter::traits::iterator::Iterator::any::check<(u8, u8), chrono::offset::local::tz_info::parser::parse::{closure#1}>::{closure#0}, core::ops::control_flow::ControlFlow<()>>
204	ELSE	/home/moritz/dev/repos/ooRexx-rust-rewrite/rust/target/release/rexx-run	/home/moritz/dev/repos/ooRexx-rust-rewrite/rust/crates/rexx-exec/src/dispatch.rs	<rexx_exec::Interp>::install_object_model
204	ELSE	/home/moritz/dev/repos/ooRexx-rust-rewrite/rust/target/release/rexx-run	/home/moritz/.rustup/toolchains/stable-x86_64-unknown-linux-gnu/lib/rustlib/src/rust/library/core/src/hash/mod.rs	<std::hash::random::RandomState as core::hash::BuildHasher>::hash_one::<&rexx_exec::InstalledRoutine>
202	ELSE	/usr/lib/x86_64-linux-gnu/libc.so.6	./nptl/./nptl/pthread_mutex_lock.c	pthread_mutex_lock@@GLIBC_2.2.5
202	ELSE	/usr/lib/x86_64-linux-gnu/libc.so.6	./stdio-common/./stdio-common/vfprintf-internal.c	__printf_buffer
198	ELSE	/usr/lib/x86_64-linux-gnu/ld-linux-x86-64.so.2	./elf/./elf/dl-tunables.c	do_tunable_update_val
198	ELSE	/usr/lib/x86_64-linux-gnu/libc.so.6	./misc/../sysdeps/unix/sysv/linux/mmap64.c	mmap
196	ELSE	/usr/lib/x86_64-linux-gnu/ld-linux-x86-64.so.2	./elf/../sysdeps/x86/cpu-features.c	update_active.constprop.0
196	ELSE	/home/moritz/dev/repos/ooRexx-rust-rewrite/rust/target/release/rexx-run	/rustc/48a229ceaefd4985c50990b14116b6d856af0985/library/std/src/io/mod.rs	std::io::default_read_to_end::<std::fs::File>
189	ELSE	/usr/lib/x86_64-linux-gnu/libc.so.6	./libio/./libio/genops.c	_IO_flush_all
189	ELSE	/home/moritz/dev/repos/ooRexx-rust-rewrite/rust/target/release/rexx-run	/home/moritz/dev/repos/ooRexx-rust-rewrite/rust/crates/rexx-classes/src/class_graph.rs	<rexx_classes::class_graph::ClassGraph>::update_sub_classes'2
188	ELSE	/home/moritz/dev/repos/ooRexx-rust-rewrite/rust/target/release/rexx-run	/home/moritz/dev/repos/ooRexx-rust-rewrite/rust/crates/rexx-classes/src/class_graph.rs	<rexx_classes::class_graph::ClassGraph>::bootstrap_root_class_behaviour
186	ELSE	/usr/lib/x86_64-linux-gnu/libc.so.6	./nptl/./nptl/pthread_mutex_unlock.c	__pthread_mutex_unlock_usercnt
185	ELSE	/usr/lib/x86_64-linux-gnu/libc.so.6	./libio/./libio/genops.c	_IO_cleanup
182	ELSE	/usr/lib/x86_64-linux-gnu/ld-linux-x86-64.so.2	./elf/../elf/dl-tls.c	_dl_determine_tlsoffset
172	ELSE	/usr/lib/x86_64-linux-gnu/ld-linux-x86-64.so.2	./elf/./elf/dl-lookup-direct.c	_dl_lookup_direct
172	ELSE	/home/moritz/dev/repos/ooRexx-rust-rewrite/rust/target/release/rexx-run	/rustc/48a229ceaefd4985c50990b14116b6d856af0985/library/alloc/src/collections/btree/remove.rs	<alloc::collections::btree::node::Handle<alloc::collections::btree::node::NodeRef<alloc::collections::btree::node::marker::Mut, usize, std::sys::pal::unix::stack_overflow::thread_info::ThreadInfo, alloc::collections::btree::node::marker::Leaf>, alloc::collections::btree::node::marker::KV>>::remove_leaf_kv::<<alloc::collections::btree::map::entry::OccupiedEntry<usize, std::sys::pal::unix::stack_overflow::thread_info::ThreadInfo>>::remove_kv::{closure#0}, alloc::alloc::Global>
170	ELSE	/home/moritz/dev/repos/ooRexx-rust-rewrite/rust/target/release/rexx-run	/home/moritz/dev/repos/ooRexx-rust-rewrite/rust/crates/rexx-exec/src/dispatch/collection.rs	rexx_exec::dispatch::collection::native_queue_push
168	ELSE	/usr/lib/x86_64-linux-gnu/libc.so.6	./stdlib/./stdlib/cxa_finalize.c	__cxa_finalize
168	GC	/home/moritz/dev/repos/ooRexx-rust-rewrite/rust/target/release/rexx-run	/home/moritz/.rustup/toolchains/stable-x86_64-unknown-linux-gnu/lib/rustlib/src/rust/library/alloc/src/raw_vec/mod.rs	<alloc::raw_vec::RawVec<(alloc::vec::Vec<u8>, rexx_core::handle::ObjRef, rexx_core::body::MethodId)>>::grow_one
167	ELSE	/home/moritz/dev/repos/ooRexx-rust-rewrite/rust/target/release/rexx-run	/home/moritz/.rustup/toolchains/stable-x86_64-unknown-linux-gnu/lib/rustlib/src/rust/library/core/src/slice/sort/stable/drift.rs	core::slice::sort::stable::drift::sort::<(alloc::boxed::Box<[u8]>, rexx_core::handle::ObjRef), <[(alloc::boxed::Box<[u8]>, rexx_core::handle::ObjRef)]>::sort_by<<rexx_exec::Interp>::string_table_of::{closure#0}>::{closure#0}>
161	ELSE	/home/moritz/dev/repos/ooRexx-rust-rewrite/rust/target/release/rexx-run	/home/moritz/dev/repos/ooRexx-rust-rewrite/rust/crates/rexx-classes/src/method_dict.rs	<rexx_classes::method_dict::MethodDict>::lookup_from_scope
160	ELSE	/home/moritz/dev/repos/ooRexx-rust-rewrite/rust/target/release/rexx-run	/home/moritz/dev/repos/ooRexx-rust-rewrite/rust/crates/rexx-exec/src/environment.rs	<rexx_exec::Interp>::interpreter_directory
160	ELSE	/home/moritz/dev/repos/ooRexx-rust-rewrite/rust/target/release/rexx-run	/home/moritz/dev/repos/ooRexx-rust-rewrite/rust/crates/rexx-num/src/lib.rs	<rexx_num::Number>::is_zero
159	ELSE	/usr/lib/x86_64-linux-gnu/ld-linux-x86-64.so.2	./elf/./elf/dl-load.c	_dl_map_object
156	ELSE	/home/moritz/dev/repos/ooRexx-rust-rewrite/rust/target/release/rexx-run	/rust/deps/hashbrown-0.17.1/src/map.rs	<hashbrown::map::HashMap<rexx_exec::plan::Package, rexx_core::handle::ObjRef, std::hash::random::RandomState>>::insert
156	ELSE	/home/moritz/dev/repos/ooRexx-rust-rewrite/rust/target/release/rexx-run	/rustc/48a229ceaefd4985c50990b14116b6d856af0985/library/std/src/sys/pal/unix/stack_overflow.rs	std::sys::pal::unix::stack_overflow::imp::make_handler
154	ELSE	/home/moritz/dev/repos/ooRexx-rust-rewrite/rust/target/release/rexx-run	/home/moritz/.rustup/toolchains/stable-x86_64-unknown-linux-gnu/lib/rustlib/src/rust/library/alloc/src/boxed.rs	<alloc::boxed::Box<[u8]>>::try_clone_from_ref_in
154	ELSE	/home/moritz/dev/repos/ooRexx-rust-rewrite/rust/target/release/rexx-run	/home/moritz/dev/repos/ooRexx-rust-rewrite/rust/crates/rexx-exec/src/ir.rs	<rexx_exec::ir::Calls>::reserve
152	ELSE	/home/moritz/dev/repos/ooRexx-rust-rewrite/rust/target/release/rexx-run	/home/moritz/dev/repos/ooRexx-rust-rewrite/rust/crates/rexx-exec/src/dispatch.rs	<rexx_exec::Interp>::receiver_class_id
150	CALLOC	/usr/lib/x86_64-linux-gnu/libc.so.6	./malloc/./malloc/malloc.c	munmap_chunk
149	ELSE	/usr/lib/x86_64-linux-gnu/libc.so.6	./libio/./libio/genops.c	__underflow
148	ELSE	/usr/lib/x86_64-linux-gnu/ld-linux-x86-64.so.2	./elf/./elf/dl-minimal.c	lookup_malloc_symbol
145	ELSE	/usr/lib/x86_64-linux-gnu/ld-linux-x86-64.so.2	./elf/../elf/dl-tls.c	_dl_deallocate_tls
145	ELSE	/usr/lib/x86_64-linux-gnu/ld-linux-x86-64.so.2	./elf/./elf/dl-find_object.c	_dlfo_sort_mappings
145	ELSE	/home/moritz/dev/repos/ooRexx-rust-rewrite/rust/target/release/rexx-run	/home/moritz/dev/repos/ooRexx-rust-rewrite/rust/crates/rexx-lib/src/lib.rs	rexx_lib::lookup
145	BIF	/home/moritz/dev/repos/ooRexx-rust-rewrite/rust/target/release/rexx-run	/home/moritz/dev/repos/ooRexx-rust-rewrite/rust/crates/rexx-exec/src/builtin/numeric.rs	rexx_exec::builtin::numeric::format
144	ELSE	/usr/lib/x86_64-linux-gnu/libc.so.6	./stdlib/./stdlib/cxa_thread_atexit_impl.c	__cxa_thread_atexit_impl
144	GC	/home/moritz/dev/repos/ooRexx-rust-rewrite/rust/target/release/rexx-run	/home/moritz/.rustup/toolchains/stable-x86_64-unknown-linux-gnu/lib/rustlib/src/rust/library/alloc/src/raw_vec/mod.rs	<alloc::raw_vec::RawVec<alloc::rc::Rc<rexx_parse::Program>>>::grow_one
144	GC	/home/moritz/dev/repos/ooRexx-rust-rewrite/rust/target/release/rexx-run	/home/moritz/.rustup/toolchains/stable-x86_64-unknown-linux-gnu/lib/rustlib/src/rust/library/alloc/src/raw_vec/mod.rs	<alloc::raw_vec::RawVec<u32>>::grow_one
144	GC	/home/moritz/dev/repos/ooRexx-rust-rewrite/rust/target/release/rexx-run	/home/moritz/.rustup/toolchains/stable-x86_64-unknown-linux-gnu/lib/rustlib/src/rust/library/core/src/ptr/mod.rs	core::ptr::drop_glue::<std::collections::hash::map::HashMap<alloc::boxed::Box<[u8]>, rexx_exec::InstalledRoutine>>
143	ELSE	/usr/lib/x86_64-linux-gnu/ld-linux-x86-64.so.2	./elf/./elf/dl-load.c	fillin_rpath.isra.0
140	ELSE	/usr/lib/x86_64-linux-gnu/ld-linux-x86-64.so.2	./io/../sysdeps/unix/sysv/linux/open64_nocancel.c	__open_nocancel
140	ELSE	/usr/lib/x86_64-linux-gnu/ld-linux-x86-64.so.2	/build/reproducible-path/glibc-2.43/setjmp/../sysdeps/x86_64/setjmp.S	__sigsetjmp
139	ELSE	/usr/lib/x86_64-linux-gnu/ld-linux-x86-64.so.2	./elf/./elf/dl-object.c	_dl_add_to_namespace_list
137	ELSE	/usr/lib/x86_64-linux-gnu/ld-linux-x86-64.so.2	./elf/./elf/dl-cache.c	_dl_load_cache_lookup
137	ELSE	/home/moritz/dev/repos/ooRexx-rust-rewrite/rust/target/release/rexx-run	/home/moritz/.cargo/registry/src/index.crates.io-1949cf8c6b5b557f/chrono-0.4.45/src/offset/local/tz_info/parser.rs	<chrono::offset::local::tz_info::parser::Cursor>::read_int::<i32>
136	ELSE	/home/moritz/dev/repos/ooRexx-rust-rewrite/rust/target/release/rexx-run	/home/moritz/.cargo/registry/src/index.crates.io-1949cf8c6b5b557f/chrono-0.4.45/src/offset/local/tz_info/rule.rs	<chrono::offset::local::tz_info::rule::TransitionRule>::find_local_time_type
135	ELSE	/usr/lib/x86_64-linux-gnu/libc.so.6	./stdio-common/./stdio-common/getline.c	getline
135	GC	/home/moritz/dev/repos/ooRexx-rust-rewrite/rust/target/release/rexx-run	/rustc/48a229ceaefd4985c50990b14116b6d856af0985/library/alloc/src/raw_vec/mod.rs	<alloc::raw_vec::RawVec<addr2line::function::InlinedFunction<gimli::read::endian_slice::EndianSlice<gimli::endianity::LittleEndian>>>>::grow_one
134	ELSE	/usr/lib/x86_64-linux-gnu/ld-linux-x86-64.so.2	./elf/./elf/dl-call_fini.c	_dl_call_fini
134	ELSE	/home/moritz/dev/repos/ooRexx-rust-rewrite/rust/target/release/rexx-run	/rust/deps/hashbrown-0.17.1/src/map.rs	hashbrown::map::equivalent_key::<rexx_exec::environment::Annotated, rexx_exec::environment::Annotated, rexx_core::handle::ObjRef>::{closure#0}
134	ELSE	/home/moritz/dev/repos/ooRexx-rust-rewrite/rust/target/release/rexx-run	/home/moritz/dev/repos/ooRexx-rust-rewrite/rust/crates/rexx-exec/src/dispatch/package.rs	rexx_exec::dispatch::package::public_classes
133	ELSE	/usr/lib/x86_64-linux-gnu/libc.so.6	./nptl/./nptl/pthread_create.c	start_thread
132	ELSE	/home/moritz/dev/repos/ooRexx-rust-rewrite/rust/target/release/rexx-run	/home/moritz/dev/repos/ooRexx-rust-rewrite/rust/crates/rexx-exec/src/run.rs	<rexx_exec::Interp>::exec_condition_trap
130	ELSE	/usr/lib/x86_64-linux-gnu/ld-linux-x86-64.so.2	./elf/./elf/dl-setup_hash.c	_dl_setup_hash
128	ELSE	/home/moritz/dev/repos/ooRexx-rust-rewrite/rust/target/release/rexx-run	/rust/deps/hashbrown-0.17.1/src/raw.rs	<hashbrown::raw::RawTable<(&str, ())>>::reserve_rehash::<hashbrown::map::make_hasher<&str, (), std::hash::random::RandomState>::{closure#0}>
126	ELSE	/home/moritz/dev/repos/ooRexx-rust-rewrite/rust/target/release/rexx-run	/rustc/48a229ceaefd4985c50990b14116b6d856af0985/library/std/src/sys/fs/unix.rs	<std::sys::fs::unix::File>::open_c
124	ELSE	/home/moritz/dev/repos/ooRexx-rust-rewrite/rust/target/release/rexx-run	/home/moritz/dev/repos/ooRexx-rust-rewrite/rust/crates/rexx-exec/src/environment.rs	<rexx_exec::Interp>::find_routine
120	ELSE	/usr/lib/x86_64-linux-gnu/ld-linux-x86-64.so.2	./elf/./elf/dl-reloc.c	_dl_protect_relro
120	ELSE	/usr/lib/x86_64-linux-gnu/ld-linux-x86-64.so.2	./elf/./elf/dl-open.c	_dl_find_dso_for_object
120	GC	/home/moritz/dev/repos/ooRexx-rust-rewrite/rust/target/release/rexx-run	/home/moritz/.rustup/toolchains/stable-x86_64-unknown-linux-gnu/lib/rustlib/src/rust/library/alloc/src/raw_vec/mod.rs	<alloc::raw_vec::RawVec<rexx_exec::AnnotatedSite>>::grow_one
120	ELSE	/home/moritz/dev/repos/ooRexx-rust-rewrite/rust/target/release/rexx-run	/home/moritz/dev/repos/ooRexx-rust-rewrite/rust/crates/rexx-parse/src/expr.rs	rexx_parse::expr::need_variable
120	ELSE	/home/moritz/dev/repos/ooRexx-rust-rewrite/rust/target/release/rexx-run	/home/moritz/dev/repos/ooRexx-rust-rewrite/rust/crates/rexx-parse/src/expr.rs	<rexx_parse::expr::Parser>::arg_list'2
116	ELSE	/home/moritz/dev/repos/ooRexx-rust-rewrite/rust/target/release/rexx-run	/rust/deps/hashbrown-0.17.1/src/raw.rs	<hashbrown::raw::RawTable<(rexx_exec::plan::ProgramId, std::collections::hash::map::HashMap<alloc::boxed::Box<[u8]>, rexx_core::handle::ObjRef, rustc_hash::FxBuildHasher>)>>::reserve_rehash::<hashbrown::map::make_hasher<rexx_exec::plan::ProgramId, std::collections::hash::map::HashMap<alloc::boxed::Box<[u8]>, rexx_core::handle::ObjRef, rustc_hash::FxBuildHasher>, rustc_hash::FxBuildHasher>::{closure#0}>
114	ELSE	/home/moritz/dev/repos/ooRexx-rust-rewrite/rust/target/release/rexx-run	/home/moritz/.rustup/toolchains/stable-x86_64-unknown-linux-gnu/lib/rustlib/src/rust/library/core/src/str/pattern.rs	<char as core::str::pattern::Pattern>::is_contained_in
113	ELSE	/home/moritz/dev/repos/ooRexx-rust-rewrite/rust/target/release/rexx-run	/home/moritz/dev/repos/ooRexx-rust-rewrite/rust/crates/rexx-exec/src/dispatch.rs	<rexx_exec::Interp>::run_uninit_batch
112	BIF	/home/moritz/dev/repos/ooRexx-rust-rewrite/rust/target/release/rexx-run	/home/moritz/dev/repos/ooRexx-rust-rewrite/rust/crates/rexx-exec/src/builtin/string.rs	rexx_exec::builtin::string::left
111	ELSE	/usr/lib/x86_64-linux-gnu/ld-linux-x86-64.so.2	./elf/./elf/dl-minimal.c	__rtld_malloc_init_real
110	ELSE	/home/moritz/dev/repos/ooRexx-rust-rewrite/rust/target/release/rexx-run	/home/moritz/dev/repos/ooRexx-rust-rewrite/rust/crates/rexx-exec/src/lib.rs	<rexx_exec::Interp>::flag_class_uninit
109	ELSE	/home/moritz/dev/repos/ooRexx-rust-rewrite/rust/target/release/rexx-run	/rustc/48a229ceaefd4985c50990b14116b6d856af0985/library/std/src/sys/fs/mod.rs	std::sys::fs::canonicalize
108	GC	/home/moritz/dev/repos/ooRexx-rust-rewrite/rust/target/release/rexx-run	/home/moritz/.rustup/toolchains/stable-x86_64-unknown-linux-gnu/lib/rustlib/src/rust/library/core/src/ptr/mod.rs	core::ptr::drop_glue::<rexx_parse::token::Keywords>
107	ELSE	/usr/lib/x86_64-linux-gnu/libc.so.6	./misc/../sysdeps/unix/sysv/linux/setvmaname.c	__is_decorate_maps_enabled
107	ELSE	/home/moritz/dev/repos/ooRexx-rust-rewrite/rust/target/release/rexx-run	/home/moritz/dev/repos/ooRexx-rust-rewrite/rust/crates/rexx-exec/src/activation.rs	<rexx_exec::Interp>::recycle_activation
105	ELSE	/usr/lib/x86_64-linux-gnu/libc.so.6	./libio/./libio/fileops.c	_IO_file_fopen@@GLIBC_2.2.5
104	ELSE	/usr/lib/x86_64-linux-gnu/libc.so.6	./misc/../sysdeps/unix/sysv/linux/setvmaname.c	__set_vma_name
101	ELSE	/home/moritz/dev/repos/ooRexx-rust-rewrite/rust/target/release/rexx-run	/home/moritz/dev/repos/ooRexx-rust-rewrite/rust/crates/rexx-exec/src/dispatch.rs	<rexx_exec::Interp>::validate_scope_override
100	ELSE	/usr/lib/x86_64-linux-gnu/ld-linux-x86-64.so.2	./elf/./elf/dl-minimal-malloc.c	__minimal_calloc
100	ELSE	/usr/lib/x86_64-linux-gnu/libc.so.6	./misc/../sysdeps/unix/sysv/linux/mremap.c	mremap
100	ELSE	/home/moritz/dev/repos/ooRexx-rust-rewrite/rust/target/release/rexx-run	/home/moritz/dev/repos/ooRexx-rust-rewrite/rust/crates/rexx-parse/src/instruction.rs	<rexx_parse::instruction::Inst>::plain_loop
99	ELSE	/usr/lib/x86_64-linux-gnu/libc.so.6	./nptl/./nptl/cancellation.c	__syscall_cancel
99	ELSE	/home/moritz/dev/repos/ooRexx-rust-rewrite/rust/target/release/rexx-run	/home/moritz/dev/repos/ooRexx-rust-rewrite/rust/crates/rexx-num/src/lib.rs	<rexx_num::Number>::into_round
98	ELSE	/usr/lib/x86_64-linux-gnu/libc.so.6	/build/reproducible-path/glibc-2.43/nptl/../sysdeps/unix/sysv/linux/x86_64/syscall_cancel.S	__syscall_cancel_arch
97	ELSE	/home/moritz/dev/repos/ooRexx-rust-rewrite/rust/target/release/rexx-run	/rustc/48a229ceaefd4985c50990b14116b6d856af0985/library/std/src/thread/thread.rs	<std::thread::thread::Thread>::new
96	GC	/home/moritz/dev/repos/ooRexx-rust-rewrite/rust/target/release/rexx-run	/home/moritz/.rustup/toolchains/stable-x86_64-unknown-linux-gnu/lib/rustlib/src/rust/library/alloc/src/raw_vec/mod.rs	<alloc::raw_vec::RawVec<rexx_parse::ast::Annotation>>::grow_one
96	GC	/home/moritz/dev/repos/ooRexx-rust-rewrite/rust/target/release/rexx-run	/home/moritz/.rustup/toolchains/stable-x86_64-unknown-linux-gnu/lib/rustlib/src/rust/library/core/src/ptr/mod.rs	core::ptr::drop_glue::<alloc::collections::btree::map::IntoIter<rexx_exec::AnnotatedSite, alloc::vec::Vec<(alloc::boxed::Box<[u8]>, alloc::boxed::Box<[u8]>)>>>
95	ELSE	/usr/lib/x86_64-linux-gnu/libc.so.6	./libio/./libio/genops.c	_IO_switch_to_get_mode
94	ELSE	/usr/lib/x86_64-linux-gnu/libc.so.6	./io/../sysdeps/unix/sysv/linux/getcwd.c	getcwd
94	ELSE	/home/moritz/dev/repos/ooRexx-rust-rewrite/rust/target/release/rexx-run	/rustc/48a229ceaefd4985c50990b14116b6d856af0985/library/std/src/io/mod.rs	std::io::default_read_to_end::small_probe_read::<std::fs::File>
92	ELSE	/usr/lib/x86_64-linux-gnu/ld-linux-x86-64.so.2	./elf/./elf/dl-hwcaps.c	copy_hwcaps
92	BIF	/home/moritz/dev/repos/ooRexx-rust-rewrite/rust/target/release/rexx-run	/home/moritz/dev/repos/ooRexx-rust-rewrite/rust/crates/rexx-exec/src/builtin/numeric.rs	rexx_exec::builtin::numeric::format_over
91	ELSE	/usr/lib/x86_64-linux-gnu/ld-linux-x86-64.so.2	./elf/./elf/dl-load.c	_dl_dst_count
91	ELSE	/usr/lib/x86_64-linux-gnu/libc.so.6	./stdio-common/./stdio-common/Xprintf_buffer_write.c	__printf_buffer_write
91	ELSE	/usr/lib/x86_64-linux-gnu/libc.so.6	./stdio-common/./stdio-common/_fitoa_word.c	_itoa_word
89	ELSE	/usr/lib/x86_64-linux-gnu/libc.so.6	./libio/./libio/fileops.c	_IO_file_close_it@@GLIBC_2.2.5
87	ELSE	/usr/lib/x86_64-linux-gnu/ld-linux-x86-64.so.2	./elf/./elf/dl-load.c	_dl_notify_new_object
86	ELSE	/usr/lib/x86_64-linux-gnu/libc.so.6	./libio/./libio/genops.c	_IO_link_in
85	ELSE	/usr/lib/x86_64-linux-gnu/ld-linux-x86-64.so.2	./elf/./elf/dl-deps.c	openaux
83	ELSE	/usr/lib/x86_64-linux-gnu/ld-linux-x86-64.so.2	./elf/./elf/dl-init.c	_dl_init
83	ELSE	/usr/lib/x86_64-linux-gnu/libc.so.6	./stdlib/./stdlib/exit.c	__run_exit_handlers
80	ELSE	/usr/lib/x86_64-linux-gnu/libc.so.6	./signal/./signal/sigaction.c	sigaction
80	ELSE	/home/moritz/dev/repos/ooRexx-rust-rewrite/rust/target/release/rexx-run	/home/moritz/.rustup/toolchains/stable-x86_64-unknown-linux-gnu/lib/rustlib/src/rust/library/alloc/src/borrow.rs	<alloc::borrow::Cow<str> as core::fmt::Display>::fmt
78	ELSE	/usr/lib/x86_64-linux-gnu/libc.so.6	./malloc/./malloc/arena.c	alloc_new_heap
78	ELSE	/usr/lib/x86_64-linux-gnu/libc.so.6	./csu/../csu/libc-start.c	__libc_start_main@@GLIBC_2.34
78	ELSE	/home/moritz/dev/repos/ooRexx-rust-rewrite/rust/target/release/rexx-run	/home/moritz/dev/repos/ooRexx-rust-rewrite/rust/crates/rexx-exec/src/lib.rs	<rexx_exec::Interp>::start_from_package
78	ELSE	/home/moritz/dev/repos/ooRexx-rust-rewrite/rust/target/release/rexx-run	/home/moritz/dev/repos/ooRexx-rust-rewrite/rust/crates/rexx-exec/src/run.rs	<rexx_exec::Interp>::trace_package_invocation_entry
78	GC	/home/moritz/dev/repos/ooRexx-rust-rewrite/rust/target/release/rexx-run	/home/moritz/.rustup/toolchains/stable-x86_64-unknown-linux-gnu/lib/rustlib/src/rust/library/core/src/ptr/mod.rs	core::ptr::drop_glue::<rexx_core::body::NativeState>
77	ELSE	/home/moritz/dev/repos/ooRexx-rust-rewrite/rust/target/release/rexx-run	/rust/deps/hashbrown-0.17.1/src/map.rs	<hashbrown::map::HashMap<alloc::string::String, alloc::vec::Vec<rexx_classes::method_dict::MethodSlot>, rustc_hash::FxBuildHasher>>::get::<alloc::string::String>
76	ELSE	/home/moritz/dev/repos/ooRexx-rust-rewrite/rust/target/release/rexx-run	/rustc/48a229ceaefd4985c50990b14116b6d856af0985/library/std/src/thread/spawnhook.rs	<std::thread::spawnhook::SpawnHooks as core::ops::drop::Drop>::drop
76	ELSE	/home/moritz/dev/repos/ooRexx-rust-rewrite/rust/target/release/rexx-run	/home/moritz/.cargo/registry/src/index.crates.io-1949cf8c6b5b557f/chrono-0.4.45/src/offset/local/unix.rs	chrono::offset::local::inner::current_zone
75	ELSE	/home/moritz/dev/repos/ooRexx-rust-rewrite/rust/target/release/rexx-run	/rustc/48a229ceaefd4985c50990b14116b6d856af0985/library/std/src/io/stdio.rs	<std::io::stdio::Stdout as std::io::Write>::write_all
74	ELSE	/usr/lib/x86_64-linux-gnu/libc.so.6	./nptl/./nptl/pthread_attr_setaffinity.c	pthread_attr_setaffinity_np@@GLIBC_2.32
74	ELSE	/home/moritz/dev/repos/ooRexx-rust-rewrite/rust/target/release/rexx-run	/rustc/48a229ceaefd4985c50990b14116b6d856af0985/library/std/src/sys/thread/unix.rs	<std::sys::thread::unix::Thread>::new::thread_start
72	ELSE	/usr/lib/x86_64-linux-gnu/libc.so.6	./elf/./elf/dl-sym.c	do_sym
72	LIBC	/usr/lib/x86_64-linux-gnu/libc.so.6	./string/../sysdeps/x86_64/multiarch/ifunc-memcmp.h	bcmp
72	GC	/home/moritz/dev/repos/ooRexx-rust-rewrite/rust/target/release/rexx-run	/home/moritz/.rustup/toolchains/stable-x86_64-unknown-linux-gnu/lib/rustlib/src/rust/library/alloc/src/raw_vec/mod.rs	<alloc::raw_vec::RawVec<(alloc::vec::Vec<u8>, rexx_exec::environment::TableValue)>>::grow_one
72	GC	/home/moritz/dev/repos/ooRexx-rust-rewrite/rust/target/release/rexx-run	/home/moritz/.rustup/toolchains/stable-x86_64-unknown-linux-gnu/lib/rustlib/src/rust/library/alloc/src/raw_vec/mod.rs	<alloc::raw_vec::RawVec<rexx_exec::ir::PatchSlot>>::grow_one
72	ELSE	/home/moritz/dev/repos/ooRexx-rust-rewrite/rust/target/release/rexx-run	/home/moritz/dev/repos/ooRexx-rust-rewrite/rust/crates/rexx-core/src/heap.rs	<rexx_core::heap::Heap>::take_uninit_flagged
72	GC	/home/moritz/dev/repos/ooRexx-rust-rewrite/rust/target/release/rexx-run	/home/moritz/.rustup/toolchains/stable-x86_64-unknown-linux-gnu/lib/rustlib/src/rust/library/core/src/ptr/mod.rs	core::ptr::drop_glue::<std::collections::hash::set::HashSet<alloc::vec::Vec<u8>>>
71	ELSE	/home/moritz/dev/repos/ooRexx-rust-rewrite/rust/target/release/rexx-run	/home/moritz/dev/repos/ooRexx-rust-rewrite/rust/crates/rexx-parse/src/instruction.rs	<rexx_parse::instruction::Inst>::guard_exposes
69	ELSE	/usr/lib/x86_64-linux-gnu/ld-linux-x86-64.so.2	./elf/./elf/dl-version.c	_dl_check_all_versions
69	ELSE	/usr/lib/x86_64-linux-gnu/ld-linux-x86-64.so.2	./elf/../elf/dl-tls.c	_dl_add_to_slotinfo
68	ELSE	/usr/lib/x86_64-linux-gnu/ld-linux-x86-64.so.2	./string/./string/strdup.c	strdup
68	ELSE	/usr/lib/x86_64-linux-gnu/ld-linux-x86-64.so.2	./elf/../sysdeps/x86/cpu-features.c	get_common_indices.constprop.0
68	BIF	/home/moritz/dev/repos/ooRexx-rust-rewrite/rust/target/release/rexx-run	/home/moritz/dev/repos/ooRexx-rust-rewrite/rust/crates/rexx-exec/src/builtin/numeric.rs	rexx_exec::builtin::numeric::non_negative
67	ELSE	/home/moritz/dev/repos/ooRexx-rust-rewrite/rust/target/release/rexx-run	/home/moritz/dev/repos/ooRexx-rust-rewrite/rust/crates/rexx-core/src/roots.rs	<rexx_core::roots::RootSet>::park
67	GC	/home/moritz/dev/repos/ooRexx-rust-rewrite/rust/target/release/rexx-run	/home/moritz/.rustup/toolchains/stable-x86_64-unknown-linux-gnu/lib/rustlib/src/rust/library/core/src/ptr/mod.rs	core::ptr::drop_glue::<alloc::vec::Vec<alloc::rc::Rc<rexx_parse::Program>>>
67	ELSE	/home/moritz/dev/repos/ooRexx-rust-rewrite/rust/target/release/rexx-run	/home/moritz/.rustup/toolchains/stable-x86_64-unknown-linux-gnu/lib/rustlib/src/rust/library/core/src/ops/function.rs	<std::thread::lifecycle::spawn_unchecked<rexx_exec::run_program::{closure#0}, rexx_exec::Outcome>::{closure#1} as core::ops::function::FnOnce<()>>::call_once::{shim:vtable#0}
66	ELSE	/usr/lib/x86_64-linux-gnu/libc.so.6	./stdlib/./stdlib/cxa_thread_atexit_impl.c	__call_tls_dtors
66	GC	/home/moritz/dev/repos/ooRexx-rust-rewrite/rust/target/release/rexx-run	/home/moritz/.rustup/toolchains/stable-x86_64-unknown-linux-gnu/lib/rustlib/src/rust/library/alloc/src/rc.rs	<alloc::rc::Rc<rexx_exec::ir::Chunk>>::drop_slow
66	GC	/home/moritz/dev/repos/ooRexx-rust-rewrite/rust/target/release/rexx-run	/home/moritz/.rustup/toolchains/stable-x86_64-unknown-linux-gnu/lib/rustlib/src/rust/library/core/src/ptr/mod.rs	core::ptr::drop_glue::<rexx_exec::CallContext>
65	ELSE	/home/moritz/dev/repos/ooRexx-rust-rewrite/rust/target/release/rexx-run	/rust/deps/hashbrown-0.17.1/src/raw.rs	<hashbrown::raw::RawTable<((rexx_exec::plan::ProgramId, rexx_exec::environment::PackageTable), rexx_core::handle::ObjRef)>>::reserve_rehash::<hashbrown::map::make_hasher<(rexx_exec::plan::ProgramId, rexx_exec::environment::PackageTable), rexx_core::handle::ObjRef, std::hash::random::RandomState>::{closure#0}>
65	ELSE	/home/moritz/dev/repos/ooRexx-rust-rewrite/rust/target/release/rexx-run	/rust/deps/hashbrown-0.17.1/src/raw.rs	<hashbrown::raw::RawTable<(rexx_exec::InstalledRoutine, rexx_core::handle::ObjRef)>>::reserve_rehash::<hashbrown::map::make_hasher<rexx_exec::InstalledRoutine, rexx_core::handle::ObjRef, std::hash::random::RandomState>::{closure#0}>
65	ELSE	/home/moritz/dev/repos/ooRexx-rust-rewrite/rust/target/release/rexx-run	/rust/deps/hashbrown-0.17.1/src/raw.rs	<hashbrown::raw::RawTable<(rexx_exec::plan::ProgramId, ())>>::reserve_rehash::<hashbrown::map::make_hasher<rexx_exec::plan::ProgramId, (), std::hash::random::RandomState>::{closure#0}>
65	ELSE	/home/moritz/dev/repos/ooRexx-rust-rewrite/rust/target/release/rexx-run	/rust/deps/hashbrown-0.17.1/src/raw.rs	<hashbrown::raw::RawTable<(rexx_exec::plan::ProgramId, rexx_core::handle::ObjRef)>>::reserve_rehash::<hashbrown::map::make_hasher<rexx_exec::plan::ProgramId, rexx_core::handle::ObjRef, std::hash::random::RandomState>::{closure#0}>
65	ELSE	/home/moritz/dev/repos/ooRexx-rust-rewrite/rust/target/release/rexx-run	/rust/deps/hashbrown-0.17.1/src/raw.rs	<hashbrown::raw::RawTable<(rexx_exec::plan::Package, rexx_core::handle::ObjRef)>>::reserve_rehash::<hashbrown::map::make_hasher<rexx_exec::plan::Package, rexx_core::handle::ObjRef, std::hash::random::RandomState>::{closure#0}>
65	ELSE	/home/moritz/dev/repos/ooRexx-rust-rewrite/rust/target/release/rexx-run	/home/moritz/.rustup/toolchains/stable-x86_64-unknown-linux-gnu/lib/rustlib/src/rust/library/core/src/str/mod.rs	<str>::trim_matches::<chrono::offset::local::tz_info::parser::parse::{closure#2}>
64	CALLOC	/usr/lib/x86_64-linux-gnu/libc.so.6	./malloc/./malloc/malloc.c	free'2
64	ELSE	/home/moritz/dev/repos/ooRexx-rust-rewrite/rust/target/release/rexx-run	/rust/deps/hashbrown-0.17.1/src/raw.rs	<hashbrown::raw::RawTable<(&[u8], u16)>>::reserve_rehash::<hashbrown::map::make_hasher<&[u8], u16, std::hash::random::RandomState>::{closure#0}>
63	ELSE	/home/moritz/dev/repos/ooRexx-rust-rewrite/rust/target/release/rexx-run	/rustc/48a229ceaefd4985c50990b14116b6d856af0985/library/std/src/sys/thread_local/destructors/linux_like.rs	std::sys::thread_local::destructors::linux_like::register
63	ELSE	/home/moritz/dev/repos/ooRexx-rust-rewrite/rust/target/release/rexx-run	/home/moritz/.cargo/registry/src/index.crates.io-1949cf8c6b5b557f/chrono-0.4.45/src/offset/local/tz_info/rule.rs	chrono::offset::local::tz_info::rule::parse_hhmmss
63	GC	/home/moritz/dev/repos/ooRexx-rust-rewrite/rust/target/release/rexx-run	/home/moritz/.rustup/toolchains/stable-x86_64-unknown-linux-gnu/lib/rustlib/src/rust/library/core/src/ptr/mod.rs	core::ptr::drop_glue::<alloc::vec::Vec<alloc::boxed::Box<rexx_exec::activation::Activation>>>
62	ELSE	/usr/lib/x86_64-linux-gnu/ld-linux-x86-64.so.2	./elf/../sysdeps/nptl/dl-tls_init_tp.c	__tls_init_tp
62	ELSE	/home/moritz/dev/repos/ooRexx-rust-rewrite/rust/target/release/rexx-run	/rustc/48a229ceaefd4985c50990b14116b6d856af0985/library/std/src/sync/once.rs	<std::sync::once::Once>::call_once::<std::rt::cleanup::{closure#0}>::{closure#0}
61	ELSE	/home/moritz/dev/repos/ooRexx-rust-rewrite/rust/target/release/rexx-run	/home/moritz/.rustup/toolchains/stable-x86_64-unknown-linux-gnu/lib/rustlib/src/rust/library/core/src/slice/sort/unstable/mod.rs	core::slice::sort::unstable::ipnsort::<alloc::boxed::Box<[u8]>, <alloc::boxed::Box<[u8]> as core::cmp::PartialOrd>::lt>
60	ELSE	/usr/lib/x86_64-linux-gnu/libc.so.6	./libio/./libio/iofclose.c	fclose@@GLIBC_2.2.5
60	ELSE	/home/moritz/dev/repos/ooRexx-rust-rewrite/rust/target/release/rexx-run	/home/moritz/dev/repos/ooRexx-rust-rewrite/rust/crates/rexx-exec/src/dispatch.rs	rexx_exec::dispatch::required_string_argument
60	GC	/home/moritz/dev/repos/ooRexx-rust-rewrite/rust/target/release/rexx-run	/home/moritz/.rustup/toolchains/stable-x86_64-unknown-linux-gnu/lib/rustlib/src/rust/library/alloc/src/rc.rs	<alloc::rc::Rc<rexx_parse::Program>>::drop_slow
60	ELSE	/home/moritz/dev/repos/ooRexx-rust-rewrite/rust/target/release/rexx-run	/home/moritz/dev/repos/ooRexx-rust-rewrite/rust/crates/rexx-exec/src/dispatch/package.rs	rexx_exec::dispatch::package::package_of
59	ELSE	/home/moritz/dev/repos/ooRexx-rust-rewrite/rust/target/release/rexx-run	/rustc/48a229ceaefd4985c50990b14116b6d856af0985/library/std/src/sys/thread/unix.rs	<std::sys::thread::unix::Thread>::new
58	ELSE	/usr/lib/x86_64-linux-gnu/libc.so.6	./libio/./libio/genops.c	__GI__IO_un_link.part.0
57	ELSE	/usr/lib/x86_64-linux-gnu/ld-linux-x86-64.so.2	./malloc/./malloc/scratch_buffer_set_array_size.c	__libc_scratch_buffer_set_array_size
57	ELSE	/usr/lib/x86_64-linux-gnu/libc.so.6	./nptl/./nptl/pthread_join_common.c	__pthread_clockjoin_ex
57	ELSE	/home/moritz/dev/repos/ooRexx-rust-rewrite/rust/target/release/rexx-run	/rustc/48a229ceaefd4985c50990b14116b6d856af0985/library/std/src/thread/spawnhook.rs	<std::thread::spawnhook::ChildSpawnHooks>::inherit_and_run
57	BIF	/home/moritz/dev/repos/ooRexx-rust-rewrite/rust/target/release/rexx-run	/home/moritz/dev/repos/ooRexx-rust-rewrite/rust/crates/rexx-exec/src/builtin/string.rs	rexx_exec::builtin::string::left_bytes
57	ELSE	/home/moritz/dev/repos/ooRexx-rust-rewrite/rust/target/release/rexx-run	/rustc/48a229ceaefd4985c50990b14116b6d856af0985/library/std/src/env.rs	std::env::current_dir
56	ELSE	/usr/lib/x86_64-linux-gnu/libc.so.6	./nptl/./nptl/pthread_create.c	create_thread
56	ELSE	/home/moritz/dev/repos/ooRexx-rust-rewrite/rust/target/release/rexx-run	/home/moritz/dev/repos/ooRexx-rust-rewrite/rust/crates/rexx-exec/src/run.rs	<rexx_exec::Interp>::call_checkpoint
56	ELSE	/home/moritz/dev/repos/ooRexx-rust-rewrite/rust/target/release/rexx-run	/home/moritz/dev/repos/ooRexx-rust-rewrite/rust/crates/rexx-exec/src/dispatch/context.rs	rexx_exec::dispatch::context::context_package
56	ELSE	/home/moritz/dev/repos/ooRexx-rust-rewrite/rust/target/release/rexx-run	/home/moritz/dev/repos/ooRexx-rust-rewrite/rust/crates/rexx-num/src/format.rs	<rexx_num::Number>::format_exponent
55	ELSE	/usr/lib/x86_64-linux-gnu/libc.so.6	./nptl/./nptl/allocatestack.c	name_stack_maps
55	ELSE	/home/moritz/dev/repos/ooRexx-rust-rewrite/rust/target/release/rexx-run	/rustc/48a229ceaefd4985c50990b14116b6d856af0985/library/std/src/thread/spawnhook.rs	std::thread::spawnhook::run_spawn_hooks
54	ELSE	/usr/lib/x86_64-linux-gnu/libc.so.6	./io/../sysdeps/unix/sysv/linux/open64.c	open
54	ELSE	/usr/lib/x86_64-linux-gnu/libc.so.6	./libio/./libio/fileops.c	_IO_file_seekoff@@GLIBC_2.2.5
53	ELSE	/usr/lib/x86_64-linux-gnu/ld-linux-x86-64.so.2	./elf/./elf/rtld.c	handle_preload_list
53	ELSE	/usr/lib/x86_64-linux-gnu/ld-linux-x86-64.so.2	./elf/./elf/dl-load.c	_dl_process_pt_gnu_property
50	ELSE	/usr/lib/x86_64-linux-gnu/libc.so.6	/build/reproducible-path/glibc-2.43/misc/../sysdeps/unix/syscall-template.S	munmap
50	ELSE	/usr/lib/x86_64-linux-gnu/libc.so.6	./elf/./elf/libc_early_init.c	__libc_early_init
50	ELSE	/home/moritz/dev/repos/ooRexx-rust-rewrite/rust/target/release/rexx-run	/home/moritz/dev/repos/ooRexx-rust-rewrite/rust/crates/rexx-exec/src/environment.rs	<rexx_exec::Interp>::context_object
50	ELSE	/home/moritz/dev/repos/ooRexx-rust-rewrite/rust/target/release/rexx-run	/home/moritz/dev/repos/ooRexx-rust-rewrite/rust/crates/rexx-parse/src/instruction.rs	<rexx_parse::instruction::Inst>::opt_expr
48	ELSE	/usr/lib/x86_64-linux-gnu/ld-linux-x86-64.so.2	./elf/./elf/dl-catch.c	_dl_catch_error
48	ELSE	/usr/lib/x86_64-linux-gnu/ld-linux-x86-64.so.2	./elf/./elf/dl-load.c	cache_rpath
48	ELSE	/usr/lib/x86_64-linux-gnu/libc.so.6	./wcsmbs/../sysdeps/x86_64/multiarch/ifunc-avx2.h	wcschr
48	ELSE	/usr/lib/x86_64-linux-gnu/libc.so.6	./nptl/./nptl/nptl-stack.c	__nptl_free_stacks
48	LIBC	/usr/lib/x86_64-linux-gnu/libc.so.6	./string/../sysdeps/x86_64/multiarch/ifunc-avx2.h	strlen
48	ELSE	/usr/lib/x86_64-linux-gnu/libc.so.6	./string/../sysdeps/x86_64/multiarch/ifunc-avx2.h	strnlen
48	ELSE	/home/moritz/dev/repos/ooRexx-rust-rewrite/rust/target/release/rexx-run	/rustc/48a229ceaefd4985c50990b14116b6d856af0985/library/std/src/sys/random/linux.rs	std::sys::random::linux::hashmap_random_keys
46	ELSE	/usr/lib/x86_64-linux-gnu/libc.so.6	./io/../sysdeps/unix/sysv/linux/open64_nocancel.c	__open_nocancel
45	ELSE	/usr/lib/x86_64-linux-gnu/libc.so.6	./nptl/./nptl/pthread_key_create.c	pthread_key_create@@GLIBC_2.34
45	ELSE	/usr/lib/x86_64-linux-gnu/libc.so.6	./libio/./libio/filedoalloc.c	_IO_file_doallocate
45	ELSE	/usr/lib/x86_64-linux-gnu/libc.so.6	./posix/../sysdeps/unix/sysv/linux/x86/sysconf.c	sysconf
45	ELSE	/usr/lib/x86_64-linux-gnu/libc.so.6	./nptl/./nptl/nptl-stack.c	__nptl_deallocate_stack
45	ELSE	/usr/lib/x86_64-linux-gnu/libc.so.6	./posix/./posix/register-atfork.c	__unregister_atfork
44	ELSE	/usr/lib/x86_64-linux-gnu/libc.so.6	./misc/./misc/sbrk.c	sbrk
44	LIBC	/usr/lib/x86_64-linux-gnu/libc.so.6	./string/../sysdeps/x86_64/multiarch/ifunc-memset.h	memset
44	ELSE	/home/moritz/dev/repos/ooRexx-rust-rewrite/rust/target/release/rexx-run	/rustc/48a229ceaefd4985c50990b14116b6d856af0985/library/std/src/io/buffered/bufwriter.rs	<std::io::buffered::bufwriter::BufWriter<std::io::stdio::StdoutRaw>>::flush_buf
42	ELSE	/usr/lib/x86_64-linux-gnu/ld-linux-x86-64.so.2	./elf/../sysdeps/nptl/dl-mutex.c	__rtld_mutex_init
42	ELSE	/usr/lib/x86_64-linux-gnu/ld-linux-x86-64.so.2	./elf/../elf/dl-tls.c	_dl_tls_initial_modid_limit_setup
42	LIBC	/usr/lib/x86_64-linux-gnu/libc.so.6	./string/../sysdeps/x86_64/multiarch/ifunc-memmove.h	memcpy@@GLIBC_2.14
42	ELSE	/usr/lib/x86_64-linux-gnu/libc.so.6	./string/../sysdeps/x86_64/multiarch/ifunc-memmove.h	memmove
42	ELSE	/usr/lib/x86_64-linux-gnu/libc.so.6	./libio/./libio/iofopen.c	__fopen_internal
42	ELSE	/home/moritz/dev/repos/ooRexx-rust-rewrite/rust/target/release/rexx-run	/rustc/48a229ceaefd4985c50990b14116b6d856af0985/library/core/src/slice/memchr.rs	core::slice::memchr::memrchr
42	MACH	/home/moritz/dev/repos/ooRexx-rust-rewrite/rust/target/release/rexx-run	/home/moritz/.rustup/toolchains/stable-x86_64-unknown-linux-gnu/lib/rustlib/src/rust/library/std/src/sync/once.rs	<std::sync::once::Once>::call_once_force::<<std::sync::once_lock::OnceLock<bool>>::initialize<<std::sync::once_lock::OnceLock<bool>>::get_or_init<<rexx_exec::Interp>::flat_loop_start::{closure#0}>::{closure#0}, !>::{closure#0}>::{closure#0}
42	BIF	/home/moritz/dev/repos/ooRexx-rust-rewrite/rust/target/release/rexx-run	/home/moritz/dev/repos/ooRexx-rust-rewrite/rust/crates/rexx-exec/src/builtin/numeric.rs	rexx_exec::builtin::numeric::target_number
41	ELSE	/usr/lib/x86_64-linux-gnu/libc.so.6	./stdlib/../sysdeps/unix/sysv/linux/getrandom.c	getrandom_vdso
40	ELSE	/usr/lib/x86_64-linux-gnu/ld-linux-x86-64.so.2	./elf/./elf/rtld.c	init_tls
40	ELSE	/usr/lib/x86_64-linux-gnu/ld-linux-x86-64.so.2	./elf/./elf/dl-misc.c	_dl_sysdep_read_whole_file
40	ELSE	/usr/lib/x86_64-linux-gnu/libc.so.6	./wcsmbs/../sysdeps/x86_64/multiarch/ifunc-evex.h	wmemchr
40	ELSE	/usr/lib/x86_64-linux-gnu/libc.so.6	./nptl/./nptl/pthread_getaffinity.c	pthread_getaffinity_np@@GLIBC_2.32
40	ELSE	/home/moritz/dev/repos/ooRexx-rust-rewrite/rust/target/release/rexx-run	/rustc/48a229ceaefd4985c50990b14116b6d856af0985/library/std/src/io/stdio.rs	<std::io::stdio::Stderr as std::io::Write>::write_all
40	ELSE	/home/moritz/dev/repos/ooRexx-rust-rewrite/rust/target/release/rexx-run	/rustc/48a229ceaefd4985c50990b14116b6d856af0985/library/std/src/io/mod.rs	<std::sys::stdio::unix::Stdout as std::io::Write>::write_all
39	ELSE	/usr/lib/x86_64-linux-gnu/ld-linux-x86-64.so.2	./elf/./elf/dl-find_object.c	_dl_find_object_init
39	ELSE	/usr/lib/x86_64-linux-gnu/libc.so.6	./nptl/./nptl/pthread_attr_init.c	pthread_attr_init@@GLIBC_2.2.5
39	ELSE	/home/moritz/dev/repos/ooRexx-rust-rewrite/rust/target/release/rexx-run	/rustc/48a229ceaefd4985c50990b14116b6d856af0985/library/std/src/sys/fs/unix.rs	std::sys::fs::unix::canonicalize
39	ELSE	/home/moritz/dev/repos/ooRexx-rust-rewrite/rust/target/release/rexx-run	/home/moritz/.rustup/toolchains/stable-x86_64-unknown-linux-gnu/lib/rustlib/src/rust/library/core/src/slice/sort/stable/mod.rs	core::slice::sort::stable::driftsort_main::<(alloc::boxed::Box<[u8]>, rexx_core::handle::ObjRef), <[(alloc::boxed::Box<[u8]>, rexx_core::handle::ObjRef)]>::sort_by<<rexx_exec::Interp>::string_table_of::{closure#0}>::{closure#0}, alloc::vec::Vec<(alloc::boxed::Box<[u8]>, rexx_core::handle::ObjRef)>>
38	ELSE	/usr/lib/x86_64-linux-gnu/ld-linux-x86-64.so.2	./elf/./elf/dl-reloc.c	_dl_relocate_object
38	ELSE	/usr/lib/x86_64-linux-gnu/ld-linux-x86-64.so.2	./elf/../elf/dl-tls.c	allocate_dtv
38	ELSE	/usr/lib/x86_64-linux-gnu/libc.so.6	./libio/./libio/genops.c	_IO_enable_locks
38	ELSE	/usr/lib/x86_64-linux-gnu/libc.so.6	/build/reproducible-path/glibc-2.43/setjmp/../sysdeps/x86_64/setjmp.S	__sigsetjmp
38	GC	/home/moritz/dev/repos/ooRexx-rust-rewrite/rust/target/release/rexx-run	/home/moritz/.rustup/toolchains/stable-x86_64-unknown-linux-gnu/lib/rustlib/src/rust/library/core/src/ptr/mod.rs	core::ptr::drop_glue::<alloc::collections::vec_deque::VecDeque<rexx_exec::activation::DeferredReply>>
37	ELSE	/usr/lib/x86_64-linux-gnu/libc.so.6	./misc/../sysdeps/unix/sysv/linux/clone-internal.c	__clone_internal
36	LIBC	/usr/lib/x86_64-linux-gnu/libc.so.6	/build/reproducible-path/glibc-2.43/string/../sysdeps/x86_64/multiarch/strchr-avx2.S	__strchrnul_avx2
36	ELSE	/usr/lib/x86_64-linux-gnu/libc.so.6	./stdlib/./stdlib/cxa_atexit.c	__internal_atexit
36	ELSE	/usr/lib/x86_64-linux-gnu/libc.so.6	./wcsmbs/../sysdeps/x86_64/multiarch/ifunc-wmemset.h	wmemset
36	ELSE	/usr/lib/x86_64-linux-gnu/libc.so.6	./io/../sysdeps/unix/sysv/linux/read.c	read
36	ELSE	/home/moritz/dev/repos/ooRexx-rust-rewrite/rust/target/release/rexx-run	/home/moritz/dev/repos/ooRexx-rust-rewrite/rust/crates/rexx-exec/src/dispatch/context.rs	<rexx_exec::Interp>::context_frame
36	GC	/home/moritz/dev/repos/ooRexx-rust-rewrite/rust/target/release/rexx-run	/home/moritz/.rustup/toolchains/stable-x86_64-unknown-linux-gnu/lib/rustlib/src/rust/library/core/src/ptr/mod.rs	core::ptr::drop_glue::<std::collections::hash::map::HashMap<rexx_exec::plan::ProgramId, std::collections::hash::map::HashMap<alloc::boxed::Box<[u8]>, rexx_exec::InstalledRoutine>>>
35	ELSE	/usr/lib/x86_64-linux-gnu/ld-linux-x86-64.so.2	./elf/../sysdeps/x86/get-isa-level.h	_dl_hwcaps_subdirs_active
35	ELSE	/usr/lib/x86_64-linux-gnu/ld-linux-x86-64.so.2	./elf/../elf/dl-tls.c	_dl_tls_static_surplus_init
35	ELSE	/home/moritz/dev/repos/ooRexx-rust-rewrite/rust/target/release/rexx-run	/home/moritz/dev/repos/ooRexx-rust-rewrite/rust/crates/rexx-exec/src/dispatch.rs	rexx_exec::dispatch::native_package_add_class
35	ELSE	/home/moritz/dev/repos/ooRexx-rust-rewrite/rust/target/release/rexx-run	/home/moritz/.cargo/registry/src/index.crates.io-1949cf8c6b5b557f/chrono-0.4.45/src/offset/local/tz_info/timezone.rs	<chrono::offset::local::tz_info::timezone::TimeZone>::from_posix_tz
34	ELSE	/usr/lib/x86_64-linux-gnu/ld-linux-x86-64.so.2	./elf/../sysdeps/unix/sysv/linux/dl-sysdep.c	_dl_sysdep_start
34	ELSE	/usr/lib/x86_64-linux-gnu/libc.so.6	./string/../string/strstr.c	__GI_strstr
34	ELSE	/usr/lib/x86_64-linux-gnu/libc.so.6	./dlfcn/./dlfcn/dlerror.c	_dlerror_run
34	ELSE	/usr/lib/x86_64-linux-gnu/libc.so.6	./nptl/./nptl/futex-internal.c	__futex_abstimed_wait_common
34	ELSE	/home/moritz/dev/repos/ooRexx-rust-rewrite/rust/target/release/rexx-run	/rustc/48a229ceaefd4985c50990b14116b6d856af0985/library/std/src/io/stdio.rs	<std::io::stdio::Stdout as std::io::Write>::flush
33	ELSE	/usr/lib/x86_64-linux-gnu/libc.so.6	./libio/./libio/fileops.c	_IO_file_open
33	ELSE	/home/moritz/dev/repos/ooRexx-rust-rewrite/rust/target/release/rexx-run	/home/moritz/.rustup/toolchains/stable-x86_64-unknown-linux-gnu/lib/rustlib/src/rust/library/core/src/slice/mod.rs	<rexx_exec::options::ConditionSyntax>::disable_for
33	ELSE	/home/moritz/dev/repos/ooRexx-rust-rewrite/rust/target/release/rexx-run	/rustc/48a229ceaefd4985c50990b14116b6d856af0985/library/std/src/sys/thread_local/key/racy.rs	<std::sys::thread_local::key::racy::LazyKey>::lazy_init
32	ELSE	/usr/lib/x86_64-linux-gnu/ld-linux-x86-64.so.2	./elf/./elf/dl-load.c	expand_dynamic_string_token
32	ELSE	/usr/lib/x86_64-linux-gnu/libc.so.6	./ctype/./ctype/ctype-info.c	__ctype_init
32	ELSE	/usr/lib/x86_64-linux-gnu/libc.so.6	./dlfcn/./dlfcn/dlsym.c	dlsym@@GLIBC_2.34
32	ELSE	/usr/lib/x86_64-linux-gnu/libc.so.6	./libio/./libio/vsnprintf.c	__vsnprintf_internal
32	ELSE	/home/moritz/dev/repos/ooRexx-rust-rewrite/rust/target/release/rexx-run	/home/moritz/dev/repos/ooRexx-rust-rewrite/rust/crates/rexx-exec/src/eval.rs	<rexx_exec::Interp>::eval_cold
31	ELSE	/usr/lib/x86_64-linux-gnu/ld-linux-x86-64.so.2	/build/reproducible-path/glibc-2.43/string/../sysdeps/x86_64/multiarch/../multiarch/strcmp-sse2.S	strncmp
31	ELSE	/usr/lib/x86_64-linux-gnu/libc.so.6	./nptl/./nptl/pthread_attr_destroy.c	pthread_attr_destroy
31	ELSE	/usr/lib/x86_64-linux-gnu/libc.so.6	./nptl/./nptl/pthread_setname.c	pthread_setname_np@@GLIBC_2.34
31	ELSE	/usr/lib/x86_64-linux-gnu/libc.so.6	./signal/../sysdeps/posix/signal.c	signal
30	ELSE	/usr/lib/x86_64-linux-gnu/ld-linux-x86-64.so.2	./elf/./elf/dl-tunables.c	__GI___tunable_set_val
30	ELSE	/usr/lib/x86_64-linux-gnu/libc.so.6	/build/reproducible-path/glibc-2.43/signal/../sysdeps/unix/syscall-template.S	sigaltstack
30	ELSE	/usr/lib/x86_64-linux-gnu/libc.so.6	./nptl/./nptl/pthread_attr_extension.c	__pthread_attr_extension
30	ELSE	/usr/lib/x86_64-linux-gnu/libc.so.6	./io/../sysdeps/unix/sysv/linux/read_nocancel.c	__read_nocancel
30	ELSE	/usr/lib/x86_64-linux-gnu/libc.so.6	./misc/../sysdeps/unix/sysv/linux/getpagesize.c	getpagesize
30	ELSE	/home/moritz/dev/repos/ooRexx-rust-rewrite/rust/target/release/rexx-run	/home/moritz/.rustup/toolchains/stable-x86_64-unknown-linux-gnu/lib/rustlib/src/rust/library/std/src/sync/once.rs	<std::sync::once::Once>::call_once_force::<<std::sync::once_lock::OnceLock<std::collections::hash::set::HashSet<&str>>>::initialize<<std::sync::once_lock::OnceLock<std::collections::hash::set::HashSet<&str>>>::get_or_init<rexx_exec::builtin::wholly_excluded::{closure#0}>::{closure#0}, !>::{closure#0}>::{closure#0}
30	ELSE	/home/moritz/dev/repos/ooRexx-rust-rewrite/rust/target/release/rexx-run	/home/moritz/.rustup/toolchains/stable-x86_64-unknown-linux-gnu/lib/rustlib/src/rust/library/std/src/sync/once.rs	<std::sync::once::Once>::call_once_force::<<std::sync::once_lock::OnceLock<std::collections::hash::set::HashSet<&str>>>::initialize<<std::sync::once_lock::OnceLock<std::collections::hash::set::HashSet<&str>>>::get_or_init<rexx_exec::builtin::in_scope::{closure#0}>::{closure#0}, !>::{closure#0}>::{closure#0}
30	GC	/home/moritz/dev/repos/ooRexx-rust-rewrite/rust/target/release/rexx-run	/home/moritz/.rustup/toolchains/stable-x86_64-unknown-linux-gnu/lib/rustlib/src/rust/library/core/src/ptr/mod.rs	core::ptr::drop_glue::<core::option::Option<core::result::Result<rexx_exec::Outcome, alloc::boxed::Box<dyn core::any::Any + core::marker::Send>>>>
30	ELSE	/usr/lib/x86_64-linux-gnu/libgcc_s.so.1	/build/reproducible-path/gcc-16-16.2.0/build/x86_64-linux-gnu/libgcc/../../../src/libgcc/unwind-dw2-btree.h	btree_destroy
29	ELSE	/usr/lib/x86_64-linux-gnu/ld-linux-x86-64.so.2	./elf/./elf/dl-debug.c	_dl_debug_post_relocate
29	ELSE	/usr/lib/x86_64-linux-gnu/libc.so.6	./string/../sysdeps/x86/cacheinfo.h	__x86_cacheinfo
29	GC	/home/moritz/dev/repos/ooRexx-rust-rewrite/rust/target/release/rexx-run	/home/moritz/.rustup/toolchains/stable-x86_64-unknown-linux-gnu/lib/rustlib/src/rust/library/core/src/ptr/mod.rs	core::ptr::drop_glue::<rexx_exec::activation::BuiltinTraps>
28	ELSE	/usr/lib/x86_64-linux-gnu/ld-linux-x86-64.so.2	./elf/./elf/rtld.c	do_preload
28	LIBC	/usr/lib/x86_64-linux-gnu/libc.so.6	/build/reproducible-path/glibc-2.43/string/../sysdeps/x86_64/multiarch/memmove-vec-unaligned-erms.S	__memcpy_chk_avx_unaligned_erms
28	LIBC	/usr/lib/x86_64-linux-gnu/libc.so.6	/build/reproducible-path/glibc-2.43/string/../sysdeps/x86_64/multiarch/memmove-vec-unaligned-erms.S	__mempcpy_avx_unaligned_erms
28	ELSE	/home/moritz/dev/repos/ooRexx-rust-rewrite/rust/target/release/rexx-run	/rustc/48a229ceaefd4985c50990b14116b6d856af0985/library/alloc/src/ffi/c_str.rs	<alloc::ffi::c_str::CString>::_from_vec_unchecked
28	ELSE	/home/moritz/dev/repos/ooRexx-rust-rewrite/rust/target/release/rexx-run	/rustc/48a229ceaefd4985c50990b14116b6d856af0985/library/std/src/sys/thread_local/native/eager.rs	std::sys::thread_local::native::eager::destroy::<core::cell::Cell<std::thread::spawnhook::SpawnHooks>>
27	ELSE	/usr/lib/x86_64-linux-gnu/ld-linux-x86-64.so.2	./misc/../sysdeps/unix/sysv/linux/setvmaname.c	__is_decorate_maps_enabled
27	ELSE	/usr/lib/x86_64-linux-gnu/libc.so.6	./stdlib/./stdlib/cxa_atexit.c	__new_exitfn
27	GC	/home/moritz/dev/repos/ooRexx-rust-rewrite/rust/target/release/rexx-run	/rustc/48a229ceaefd4985c50990b14116b6d856af0985/library/alloc/src/raw_vec/mod.rs	<alloc::raw_vec::RawVec<alloc::vec::Vec<u8>>>::grow_one
27	ELSE	/home/moritz/dev/repos/ooRexx-rust-rewrite/rust/target/release/rexx-run	/home/moritz/dev/repos/ooRexx-rust-rewrite/rust/crates/rexx-core/src/body.rs	<rexx_core::body::NativeObject>::set_rendered
26	ELSE	/usr/lib/x86_64-linux-gnu/ld-linux-x86-64.so.2	./misc/../sysdeps/unix/sysv/linux/setvmaname.c	__set_vma_name
26	ELSE	/home/moritz/dev/repos/ooRexx-rust-rewrite/rust/target/release/rexx-run	/home/moritz/dev/repos/ooRexx-rust-rewrite/rust/crates/rexx-exec/src/activation.rs	<rexx_exec::activation::Builtin>::of
26	ELSE	/home/moritz/dev/repos/ooRexx-rust-rewrite/rust/target/release/rexx-run	/home/moritz/.rustup/toolchains/stable-x86_64-unknown-linux-gnu/lib/rustlib/src/rust/library/std/src/sys/thread_local/native/lazy.rs	std::sys::thread_local::native::lazy::destroy::<core::cell::RefCell<core::option::Option<chrono::offset::local::inner::Cache>>>
26	GC	/home/moritz/dev/repos/ooRexx-rust-rewrite/rust/target/release/rexx-run	/home/moritz/.rustup/toolchains/stable-x86_64-unknown-linux-gnu/lib/rustlib/src/rust/library/core/src/ptr/mod.rs	core::ptr::drop_glue::<rexx_exec::invocation::Sinks>
25	ELSE	/usr/lib/x86_64-linux-gnu/ld-linux-x86-64.so.2	./io/../sysdeps/unix/sysv/linux/fstatat64.c	fstatat
25	ELSE	/usr/lib/x86_64-linux-gnu/ld-linux-x86-64.so.2	/build/reproducible-path/glibc-2.43/misc/../sysdeps/unix/syscall-template.S	mprotect
25	ELSE	/usr/lib/x86_64-linux-gnu/libc.so.6	./csu/../sysdeps/nptl/libc_start_call_main.h	(below main)
25	ELSE	/usr/lib/x86_64-linux-gnu/libc.so.6	./nptl/./nptl/pthread_mutex_conf.c	__pthread_tunables_init
25	ELSE	/usr/lib/x86_64-linux-gnu/libc.so.6	/build/reproducible-path/glibc-2.43/misc/../sysdeps/unix/sysv/linux/x86_64/clone.S	clone
24	ELSE	/usr/lib/x86_64-linux-gnu/ld-linux-x86-64.so.2	./elf/./elf/dl-hwcaps_split.c	_dl_hwcaps_contains
24	ELSE	/usr/lib/x86_64-linux-gnu/ld-linux-x86-64.so.2	./elf/./elf/dl-debug.c	_dl_debug_update
24	ELSE	/usr/lib/x86_64-linux-gnu/libc.so.6	./misc/./misc/init-misc.c	__init_misc
24	ELSE	/usr/lib/x86_64-linux-gnu/libc.so.6	./wcsmbs/../sysdeps/x86_64/multiarch/ifunc-memcmp.h	wmemcmp
24	ELSE	/usr/lib/x86_64-linux-gnu/libc.so.6	./wcsmbs/../sysdeps/x86_64/multiarch/ifunc-avx2.h	wcscmp
24	ELSE	/usr/lib/x86_64-linux-gnu/libc.so.6	./string/../sysdeps/x86_64/multiarch/ifunc-avx2.h	strchrnul
24	ELSE	/usr/lib/x86_64-linux-gnu/libc.so.6	./string/../sysdeps/x86_64/multiarch/ifunc-avx2.h	rindex
24	ELSE	/usr/lib/x86_64-linux-gnu/libc.so.6	./string/../sysdeps/x86_64/multiarch/ifunc-avx2.h	memrchr
24	ELSE	/home/moritz/dev/repos/ooRexx-rust-rewrite/rust/target/release/rexx-run	/rustc/48a229ceaefd4985c50990b14116b6d856af0985/library/std/src/sync/once.rs	<std::sync::once::Once>::call_once_force::<<std::sync::once_lock::OnceLock<std::sync::reentrant_lock::ReentrantLock<core::cell::RefCell<std::io::buffered::linewriter::LineWriter<std::io::stdio::StdoutRaw>>>>>::initialize<<std::sync::once_lock::OnceLock<std::sync::reentrant_lock::ReentrantLock<core::cell::RefCell<std::io::buffered::linewriter::LineWriter<std::io::stdio::StdoutRaw>>>>>::get_or_init<std::io::stdio::stdout::{closure#0}>::{closure#0}, !>::{closure#0}>::{closure#0}
24	ELSE	/home/moritz/dev/repos/ooRexx-rust-rewrite/rust/target/release/rexx-run	/rustc/48a229ceaefd4985c50990b14116b6d856af0985/library/std/src/sync/once.rs	<std::sync::once::Once>::call_once_force::<<std::sync::once_lock::OnceLock<std::sync::poison::mutex::Mutex<std::io::buffered::bufreader::BufReader<std::io::stdio::StdinRaw>>>>::initialize<<std::sync::once_lock::OnceLock<std::sync::poison::mutex::Mutex<std::io::buffered::bufreader::BufReader<std::io::stdio::StdinRaw>>>>::get_or_init<std::io::stdio::stdin::{closure#0}>::{closure#0}, !>::{closure#0}>::{closure#0}
24	GC	/home/moritz/dev/repos/ooRexx-rust-rewrite/rust/target/release/rexx-run	/home/moritz/.rustup/toolchains/stable-x86_64-unknown-linux-gnu/lib/rustlib/src/rust/library/alloc/src/raw_vec/mod.rs	<alloc::raw_vec::RawVec<rexx_exec::ir::drive::Frame>>::grow_one
24	GC	/home/moritz/dev/repos/ooRexx-rust-rewrite/rust/target/release/rexx-run	/home/moritz/.rustup/toolchains/stable-x86_64-unknown-linux-gnu/lib/rustlib/src/rust/library/alloc/src/raw_vec/mod.rs	<alloc::raw_vec::RawVec<rexx_core::body::MethodId>>::grow_one
24	ELSE	/home/moritz/dev/repos/ooRexx-rust-rewrite/rust/target/release/rexx-run	/home/moritz/dev/repos/ooRexx-rust-rewrite/rust/crates/rexx-exec/src/dispatch.rs	rexx_exec::dispatch::native_file_separator
24	ELSE	/home/moritz/dev/repos/ooRexx-rust-rewrite/rust/target/release/rexx-run	/home/moritz/dev/repos/ooRexx-rust-rewrite/rust/crates/rexx-exec/src/dispatch.rs	rexx_exec::dispatch::native_file_path_separator
24	ELSE	/home/moritz/dev/repos/ooRexx-rust-rewrite/rust/target/release/rexx-run	/home/moritz/.rustup/toolchains/stable-x86_64-unknown-linux-gnu/lib/rustlib/src/rust/library/std/src/sys/backtrace.rs	std::sys::backtrace::__rust_begin_short_backtrace::<rexx_exec::run_program::{closure#0}, rexx_exec::Outcome>
24	GC	/home/moritz/dev/repos/ooRexx-rust-rewrite/rust/target/release/rexx-run	/home/moritz/.rustup/toolchains/stable-x86_64-unknown-linux-gnu/lib/rustlib/src/rust/library/alloc/src/rc.rs	<alloc::rc::Rc<rexx_exec::activation::BuiltinTraps>>::make_mut
23	ELSE	/usr/lib/x86_64-linux-gnu/ld-linux-x86-64.so.2	./elf/./elf/dl-call-libc-early-init.c	_dl_call_libc_early_init
23	ELSE	/usr/lib/x86_64-linux-gnu/libc.so.6	./nptl/./nptl/pthread_setspecific.c	pthread_setspecific@@GLIBC_2.34
23	ELSE	/usr/lib/x86_64-linux-gnu/libc.so.6	./stdio-common/./stdio-common/snprintf.c	snprintf
23	ELSE	/home/moritz/dev/repos/ooRexx-rust-rewrite/rust/target/release/rexx-run	/rustc/48a229ceaefd4985c50990b14116b6d856af0985/library/std/src/sys/thread_local/guard/key.rs	std::sys::thread_local::guard::key::enable::run
22	LIBC	/usr/lib/x86_64-linux-gnu/libc.so.6	./debug/../sysdeps/x86_64/multiarch/ifunc-memset.h	__memset_chk
22	ELSE	/usr/lib/x86_64-linux-gnu/libc.so.6	./io/../sysdeps/unix/sysv/linux/close.c	close
22	ELSE	/usr/lib/x86_64-linux-gnu/libc.so.6	./libio/./libio/stdfiles.c	_IO_stdfiles_init
22	ELSE	/home/moritz/dev/repos/ooRexx-rust-rewrite/rust/target/release/rexx-run	/home/moritz/dev/repos/ooRexx-rust-rewrite/rust/crates/rexx-exec/src/lib.rs	<rexx_exec::Interp>::program_display_name
22	ELSE	/home/moritz/dev/repos/ooRexx-rust-rewrite/rust/target/release/rexx-run	/rustc/48a229ceaefd4985c50990b14116b6d856af0985/library/core/src/sync/atomic.rs	<std::sync::once_lock::OnceLock<std::sync::reentrant_lock::ReentrantLock<core::cell::RefCell<std::io::buffered::linewriter::LineWriter<std::io::stdio::StdoutRaw>>>>>::initialize::<<std::sync::once_lock::OnceLock<std::sync::reentrant_lock::ReentrantLock<core::cell::RefCell<std::io::buffered::linewriter::LineWriter<std::io::stdio::StdoutRaw>>>>>::get_or_init<std::io::stdio::stdout::{closure#0}>::{closure#0}, !>
22	ELSE	/home/moritz/dev/repos/ooRexx-rust-rewrite/rust/target/release/rexx-run	/rustc/48a229ceaefd4985c50990b14116b6d856af0985/library/core/src/sync/atomic.rs	<std::sync::once_lock::OnceLock<std::sync::poison::mutex::Mutex<std::io::buffered::bufreader::BufReader<std::io::stdio::StdinRaw>>>>::initialize::<<std::sync::once_lock::OnceLock<std::sync::poison::mutex::Mutex<std::io::buffered::bufreader::BufReader<std::io::stdio::StdinRaw>>>>::get_or_init<std::io::stdio::stdin::{closure#0}>::{closure#0}, !>
22	BIF	/home/moritz/dev/repos/ooRexx-rust-rewrite/rust/target/release/rexx-run	/home/moritz/dev/repos/ooRexx-rust-rewrite/rust/crates/rexx-exec/src/builtin.rs	rexx_exec::builtin::buffer
22	ELSE	/home/moritz/dev/repos/ooRexx-rust-rewrite/rust/target/release/rexx-run	/home/moritz/dev/repos/ooRexx-rust-rewrite/rust/crates/rexx-parse/src/convert.rs	rexx_parse::convert::whole_number
22	GC	/home/moritz/dev/repos/ooRexx-rust-rewrite/rust/target/release/rexx-run	/home/moritz/.rustup/toolchains/stable-x86_64-unknown-linux-gnu/lib/rustlib/src/rust/library/core/src/ptr/mod.rs	core::ptr::drop_glue::<alloc::collections::vec_deque::VecDeque<rexx_exec::PendingTrap>>
22	ELSE	/home/moritz/dev/repos/ooRexx-rust-rewrite/rust/target/release/rexx-run	/rustc/48a229ceaefd4985c50990b14116b6d856af0985/library/alloc/src/sync.rs	<alloc::sync::Arc<std::thread::thread::Inner, std::alloc::System>>::drop_slow
21	ELSE	/usr/lib/x86_64-linux-gnu/ld-linux-x86-64.so.2	./elf/./elf/dl-audit.c	_dl_audit_activity_nsid
21	ELSE	/usr/lib/x86_64-linux-gnu/libc.so.6	./string/../sysdeps/x86_64/multiarch/ifunc-memmove.h	mempcpy
21	ELSE	/usr/lib/x86_64-linux-gnu/libc.so.6	???	__popcountdi2
21	ELSE	/usr/lib/x86_64-linux-gnu/libc.so.6	./string/../sysdeps/x86_64/multiarch/ifunc-strcasecmp.h	strncasecmp_l
21	ELSE	/usr/lib/x86_64-linux-gnu/libc.so.6	./string/../sysdeps/x86_64/multiarch/ifunc-strcasecmp.h	strcasecmp_l
21	ELSE	/usr/lib/x86_64-linux-gnu/libc.so.6	./string/../sysdeps/x86_64/multiarch/ifunc-strcasecmp.h	strcasecmp
21	ELSE	/usr/lib/x86_64-linux-gnu/libc.so.6	./string/../sysdeps/x86_64/multiarch/ifunc-strcasecmp.h	strncasecmp
21	ELSE	/usr/lib/x86_64-linux-gnu/libc.so.6	./string/../sysdeps/x86_64/multiarch/strncmp.c	strncmp
21	LIBC	/usr/lib/x86_64-linux-gnu/libc.so.6	./debug/../sysdeps/x86_64/multiarch/ifunc-memmove.h	__mempcpy_chk
21	LIBC	/usr/lib/x86_64-linux-gnu/libc.so.6	./debug/../sysdeps/x86_64/multiarch/ifunc-memmove.h	__memcpy_chk
21	LIBC	/usr/lib/x86_64-linux-gnu/libc.so.6	./debug/../sysdeps/x86_64/multiarch/ifunc-memmove.h	__memmove_chk
21	LIBC	/usr/lib/x86_64-linux-gnu/libc.so.6	/build/reproducible-path/glibc-2.43/string/../sysdeps/x86_64/multiarch/strrchr-avx2.S	__strrchr_avx2
21	ELSE	/home/moritz/dev/repos/ooRexx-rust-rewrite/rust/target/release/rexx-run	/home/moritz/.rustup/toolchains/stable-x86_64-unknown-linux-gnu/lib/rustlib/src/rust/library/core/src/slice/sort/unstable/quicksort.rs	core::slice::sort::unstable::quicksort::quicksort::<alloc::boxed::Box<[u8]>, <alloc::boxed::Box<[u8]> as core::cmp::PartialOrd>::lt>
21	BIF	/home/moritz/dev/repos/ooRexx-rust-rewrite/rust/target/release/rexx-run	/home/moritz/dev/repos/ooRexx-rust-rewrite/rust/crates/rexx-exec/src/builtin/numeric.rs	rexx_exec::builtin::numeric::padding_width
21	GC	/home/moritz/dev/repos/ooRexx-rust-rewrite/rust/target/release/rexx-run	/home/moritz/.rustup/toolchains/stable-x86_64-unknown-linux-gnu/lib/rustlib/src/rust/library/core/src/ptr/mod.rs	core::ptr::drop_glue::<std::thread::lifecycle::Packet<rexx_exec::Outcome>>
20	ELSE	/usr/lib/x86_64-linux-gnu/ld-linux-x86-64.so.2	./io/../sysdeps/unix/sysv/linux/fstat64.c	fstat
20	ELSE	/usr/lib/x86_64-linux-gnu/ld-linux-x86-64.so.2	./elf/../sysdeps/nptl/dl-tls_init_tp.c	rtld_mutex_dummy
20	ELSE	/usr/lib/x86_64-linux-gnu/ld-linux-x86-64.so.2	./elf/./elf/dl-audit.c	_dl_audit_objclose
20	ELSE	/usr/lib/x86_64-linux-gnu/ld-linux-x86-64.so.2	./elf/./elf/dl-debug.c	_dl_debug_initialize
20	ELSE	/usr/lib/x86_64-linux-gnu/ld-linux-x86-64.so.2	./io/../sysdeps/unix/sysv/linux/close_nocancel.c	__GI___close_nocancel
20	ELSE	/usr/lib/x86_64-linux-gnu/libc.so.6	./string/../sysdeps/x86_64/multiarch/strchr.c	index
20	ELSE	/usr/lib/x86_64-linux-gnu/libc.so.6	./string/./string/strdup.c	strdup
20	ELSE	/usr/lib/x86_64-linux-gnu/libc.so.6	./libio/./libio/genops.c	_IO_doallocbuf
20	ELSE	/usr/lib/x86_64-linux-gnu/libc.so.6	./string/../sysdeps/x86_64/multiarch/ifunc-strncpy.h	strncpy
20	ELSE	/usr/lib/x86_64-linux-gnu/libc.so.6	./string/../sysdeps/x86_64/multiarch/ifunc-strncpy.h	stpncpy
20	LIBC	/usr/lib/x86_64-linux-gnu/libc.so.6	/build/reproducible-path/glibc-2.43/string/../sysdeps/x86_64/multiarch/strchr-avx2.S	__strchr_avx2
20	ELSE	/usr/lib/x86_64-linux-gnu/libc.so.6	./string/../sysdeps/x86_64/multiarch/ifunc-evex.h	memchr
20	ELSE	/usr/lib/x86_64-linux-gnu/libc.so.6	./libio/./libio/fileops.c	_IO_file_read
19	ELSE	/usr/lib/x86_64-linux-gnu/ld-linux-x86-64.so.2	./elf/./elf/dl-catch.c	_dl_receive_error
19	ELSE	/usr/lib/x86_64-linux-gnu/libc.so.6	./misc/../sysdeps/unix/sysv/linux/clone-internal.c	__clone3_internal
19	ELSE	/usr/lib/x86_64-linux-gnu/libc.so.6	./string/../sysdeps/x86_64/multiarch/strcmp.c	strcmp
19	ELSE	/usr/lib/x86_64-linux-gnu/libc.so.6	./wcsmbs/../sysdeps/x86_64/multiarch/ifunc-wcslen.h	wcsnlen
19	ELSE	/usr/lib/x86_64-linux-gnu/libc.so.6	./wcsmbs/../sysdeps/x86_64/multiarch/ifunc-wcslen.h	wcslen
19	ELSE	/home/moritz/dev/repos/ooRexx-rust-rewrite/rust/target/release/rexx-run	/rustc/48a229ceaefd4985c50990b14116b6d856af0985/library/std/src/io/mod.rs	<std::sys::stdio::unix::Stderr as std::io::Write>::write_all
19	MACH	/home/moritz/dev/repos/ooRexx-rust-rewrite/rust/target/release/rexx-run	/home/moritz/.rustup/toolchains/stable-x86_64-unknown-linux-gnu/lib/rustlib/src/rust/library/core/src/sync/atomic.rs	<std::sync::once_lock::OnceLock<bool>>::initialize::<<std::sync::once_lock::OnceLock<bool>>::get_or_init<<rexx_exec::Interp>::flat_loop_start::{closure#0}>::{closure#0}, !>
19	ELSE	/home/moritz/dev/repos/ooRexx-rust-rewrite/rust/target/release/rexx-run	/home/moritz/.rustup/toolchains/stable-x86_64-unknown-linux-gnu/lib/rustlib/src/rust/library/core/src/sync/atomic.rs	<std::sync::once_lock::OnceLock<std::collections::hash::set::HashSet<&str>>>::initialize::<<std::sync::once_lock::OnceLock<std::collections::hash::set::HashSet<&str>>>::get_or_init<rexx_exec::builtin::wholly_excluded::{closure#0}>::{closure#0}, !>
19	ELSE	/home/moritz/dev/repos/ooRexx-rust-rewrite/rust/target/release/rexx-run	/home/moritz/.rustup/toolchains/stable-x86_64-unknown-linux-gnu/lib/rustlib/src/rust/library/core/src/sync/atomic.rs	<std::sync::once_lock::OnceLock<std::collections::hash::map::HashMap<&[u8], u16>>>::initialize::<<std::sync::once_lock::OnceLock<std::collections::hash::map::HashMap<&[u8], u16>>>::get_or_init<rexx_exec::builtin::rows::{closure#0}>::{closure#0}, !>
19	ELSE	/home/moritz/dev/repos/ooRexx-rust-rewrite/rust/target/release/rexx-run	/home/moritz/.rustup/toolchains/stable-x86_64-unknown-linux-gnu/lib/rustlib/src/rust/library/core/src/sync/atomic.rs	<std::sync::once_lock::OnceLock<std::collections::hash::set::HashSet<&str>>>::initialize::<<std::sync::once_lock::OnceLock<std::collections::hash::set::HashSet<&str>>>::get_or_init<rexx_exec::builtin::in_scope::{closure#0}>::{closure#0}, !>
18	LIBC	/usr/lib/x86_64-linux-gnu/ld-linux-x86-64.so.2	/build/reproducible-path/glibc-2.43/string/../sysdeps/x86_64/multiarch/../multiarch/memcmp-sse2.S	bcmp
18	ELSE	/usr/lib/x86_64-linux-gnu/ld-linux-x86-64.so.2	./elf/../elf/dl-tls.c	_dl_assign_tls_modid
18	ELSE	/usr/lib/x86_64-linux-gnu/libc.so.6	./resource/../sysdeps/unix/sysv/linux/getrlimit64.c	getrlimit
18	ELSE	/usr/lib/x86_64-linux-gnu/libc.so.6	./string/../sysdeps/x86_64/multiarch/ifunc-strcpy.h	strcat
18	ELSE	/usr/lib/x86_64-linux-gnu/libc.so.6	./string/../sysdeps/x86_64/multiarch/ifunc-strcpy.h	stpcpy
18	ELSE	/usr/lib/x86_64-linux-gnu/libc.so.6	./string/../sysdeps/x86_64/multiarch/ifunc-strcpy.h	strcpy
18	ELSE	/usr/lib/x86_64-linux-gnu/libc.so.6	./io/../sysdeps/unix/sysv/linux/readlink.c	readlink
18	ELSE	/home/moritz/dev/repos/ooRexx-rust-rewrite/rust/target/release/rexx-run	/home/moritz/.rustup/toolchains/stable-x86_64-unknown-linux-gnu/lib/rustlib/src/rust/library/std/src/sync/once.rs	<std::sync::once::Once>::call_once_force::<<std::sync::once_lock::OnceLock<std::collections::hash::map::HashMap<&[u8], u16>>>::initialize<<std::sync::once_lock::OnceLock<std::collections::hash::map::HashMap<&[u8], u16>>>::get_or_init<rexx_exec::builtin::rows::{closure#0}>::{closure#0}, !>::{closure#0}>::{closure#0}
18	GC	/home/moritz/dev/repos/ooRexx-rust-rewrite/rust/target/release/rexx-run	/rustc/48a229ceaefd4985c50990b14116b6d856af0985/library/core/src/ptr/mod.rs	core::ptr::drop_glue::<[alloc::boxed::Box<dyn core::ops::function::FnOnce<(), Output = ()> + core::marker::Send>]>
18	GC	/home/moritz/dev/repos/ooRexx-rust-rewrite/rust/target/release/rexx-run	/home/moritz/.rustup/toolchains/stable-x86_64-unknown-linux-gnu/lib/rustlib/src/rust/library/core/src/ptr/mod.rs	core::ptr::drop_glue::<rexx_exec::libraries::Libraries>
18	GC	/home/moritz/dev/repos/ooRexx-rust-rewrite/rust/target/release/rexx-run	/home/moritz/.rustup/toolchains/stable-x86_64-unknown-linux-gnu/lib/rustlib/src/rust/library/core/src/ptr/mod.rs	core::ptr::drop_glue::<std::collections::hash::map::HashMap<rexx_core::body::MethodId, rexx_exec::LibraryBinding>>
18	GC	/home/moritz/dev/repos/ooRexx-rust-rewrite/rust/target/release/rexx-run	/home/moritz/.rustup/toolchains/stable-x86_64-unknown-linux-gnu/lib/rustlib/src/rust/library/core/src/ptr/mod.rs	core::ptr::drop_glue::<std::collections::hash::map::HashMap<rexx_exec::plan::ProgramId, std::collections::hash::map::HashMap<alloc::boxed::Box<[u8]>, rexx_exec::plan::Package>>>
18	GC	/home/moritz/dev/repos/ooRexx-rust-rewrite/rust/target/release/rexx-run	/home/moritz/.rustup/toolchains/stable-x86_64-unknown-linux-gnu/lib/rustlib/src/rust/library/core/src/ptr/mod.rs	core::ptr::drop_glue::<std::collections::hash::map::HashMap<rexx_exec::plan::ProgramId, std::collections::hash::map::HashMap<alloc::boxed::Box<[u8]>, rexx_exec::MergedRoutine>>>
18	GC	/home/moritz/dev/repos/ooRexx-rust-rewrite/rust/target/release/rexx-run	/home/moritz/.rustup/toolchains/stable-x86_64-unknown-linux-gnu/lib/rustlib/src/rust/library/core/src/ptr/mod.rs	core::ptr::drop_glue::<std::collections::hash::map::HashMap<rexx_exec::LibraryCodeKey, usize>>
17	ELSE	/usr/lib/x86_64-linux-gnu/libc.so.6	./stdio-common/./stdio-common/Xprintf_buffer_done.c	__printf_buffer_done
17	ELSE	/usr/lib/x86_64-linux-gnu/libc.so.6	./wcsmbs/../sysdeps/x86_64/multiarch/ifunc-wcs.h	wcpncpy
17	ELSE	/usr/lib/x86_64-linux-gnu/libc.so.6	./wcsmbs/../sysdeps/x86_64/multiarch/ifunc-wcs.h	wcscat
17	ELSE	/usr/lib/x86_64-linux-gnu/libc.so.6	./wcsmbs/../sysdeps/x86_64/multiarch/ifunc-wcs.h	wcsncpy
17	ELSE	/home/moritz/dev/repos/ooRexx-rust-rewrite/rust/target/release/rexx-run	/home/moritz/dev/repos/ooRexx-rust-rewrite/rust/crates/rexx-num/src/digits.rs	<rexx_num::digits::Digits>::zeros
17	GC	/home/moritz/dev/repos/ooRexx-rust-rewrite/rust/target/release/rexx-run	/home/moritz/.rustup/toolchains/stable-x86_64-unknown-linux-gnu/lib/rustlib/src/rust/library/core/src/ptr/mod.rs	core::ptr::drop_glue::<core::option::Option<rexx_exec::ActiveCondition>>
16	ELSE	/usr/lib/x86_64-linux-gnu/ld-linux-x86-64.so.2	./elf/../sysdeps/nptl/dl-tls_init_tp.c	__tls_pre_init_tp
16	ELSE	/usr/lib/x86_64-linux-gnu/ld-linux-x86-64.so.2	./elf/./elf/dl-debug.c	_dl_debug_change_state
16	ELSE	/usr/lib/x86_64-linux-gnu/libc.so.6	./misc/../sysdeps/unix/sysv/linux/brk_call.h	brk
16	ELSE	/usr/lib/x86_64-linux-gnu/libc.so.6	./resolv/./resolv/resolv_context.c	__resolv_context_freeres
16	ELSE	/usr/lib/x86_64-linux-gnu/libc.so.6	./csu/./csu/init-first.c	_init_first
16	ELSE	/usr/lib/x86_64-linux-gnu/libc.so.6	./wcsmbs/../sysdeps/x86_64/multiarch/wcscpy.c	wcscpy
16	ELSE	/usr/lib/x86_64-linux-gnu/libc.so.6	./malloc/./malloc/morecore.c	__glibc_morecore
16	ELSE	/usr/lib/x86_64-linux-gnu/libc.so.6	./nptl/./nptl/pthread_attr_getstack.c	pthread_attr_getstack@@GLIBC_2.34
15	ELSE	/usr/lib/x86_64-linux-gnu/ld-linux-x86-64.so.2	???	0x000000000001dd80
15	ELSE	/usr/lib/x86_64-linux-gnu/ld-linux-x86-64.so.2	./io/../sysdeps/unix/sysv/linux/read_nocancel.c	__read_nocancel
15	ELSE	/usr/lib/x86_64-linux-gnu/ld-linux-x86-64.so.2	./io/../sysdeps/unix/sysv/linux/stat64.c	stat
15	ELSE	/usr/lib/x86_64-linux-gnu/libc.so.6	/build/reproducible-path/glibc-2.43/misc/../sysdeps/unix/syscall-template.S	madvise
15	ELSE	/usr/lib/x86_64-linux-gnu/libc.so.6	./nptl/./nptl/pthread_key_delete.c	pthread_key_delete@@GLIBC_2.34
15	ELSE	/usr/lib/x86_64-linux-gnu/libc.so.6	./stdlib/../sysdeps/unix/sysv/linux/getrandom.c	__getrandom_early_init
15	ELSE	/usr/lib/x86_64-linux-gnu/libc.so.6	./libio/./libio/genops.c	_IO_default_finish
15	ELSE	/usr/lib/x86_64-linux-gnu/libc.so.6	/build/reproducible-path/glibc-2.43/misc/../sysdeps/unix/sysv/linux/x86_64/clone3.S	__clone3
15	ELSE	/usr/lib/x86_64-linux-gnu/libc.so.6	./csu/./csu/errno-loc.c	__errno_location
15	ELSE	/home/moritz/dev/repos/ooRexx-rust-rewrite/rust/target/release/rexx-run	/home/moritz/.rustup/toolchains/stable-x86_64-unknown-linux-gnu/lib/rustlib/src/rust/library/std/src/sys/thread_local/native/lazy.rs	<std::sys::thread_local::native::lazy::Storage<core::cell::RefCell<core::option::Option<chrono::offset::local::inner::Cache>>, ()>>::get_or_init_slow::<chrono::offset::local::inner::TZ_INFO::__rust_std_internal_init_fn>
15	ELSE	/home/moritz/dev/repos/ooRexx-rust-rewrite/rust/target/release/rexx-run	/home/moritz/.rustup/toolchains/stable-x86_64-unknown-linux-gnu/lib/rustlib/src/rust/library/alloc/src/sync.rs	<alloc::sync::Arc<std::thread::lifecycle::Packet<rexx_exec::Outcome>>>::drop_slow
14	ELSE	/usr/lib/x86_64-linux-gnu/ld-linux-x86-64.so.2	./elf/./elf/rtld.c	map_doit
14	CALLOC	/usr/lib/x86_64-linux-gnu/libc.so.6	./malloc/./malloc/malloc.c	tcache_free_init
14	ELSE	/home/moritz/dev/repos/ooRexx-rust-rewrite/rust/target/release/rexx-run	???	0x00000000000d30b0
14	ELSE	???	???	0x0000000004c043d0
13	ELSE	/usr/libexec/valgrind/vgpreload_core-amd64-linux.so	???	0x00000000000010c0
13	CALLOC	/usr/lib/x86_64-linux-gnu/libc.so.6	./malloc/./malloc/arena.c	new_heap
13	BIF	/home/moritz/dev/repos/ooRexx-rust-rewrite/rust/target/release/rexx-run	/home/moritz/dev/repos/ooRexx-rust-rewrite/rust/crates/rexx-exec/src/builtin.rs	rexx_exec::builtin::fresh_buffer
13	ELSE	/usr/lib/x86_64-linux-gnu/libgcc_s.so.1	???	0x0000000000005940
12	ELSE	/usr/lib/x86_64-linux-gnu/ld-linux-x86-64.so.2	./elf/./elf/dl-cache.c	_dl_cache_libcmp'2
12	ELSE	/usr/lib/x86_64-linux-gnu/ld-linux-x86-64.so.2	./elf/./elf/dl-execstack-tunable.c	_dl_handle_execstack_tunable
12	ELSE	/usr/lib/x86_64-linux-gnu/ld-linux-x86-64.so.2	./elf/./elf/dl-audit.c	_dl_audit_objopen
12	ELSE	/usr/lib/x86_64-linux-gnu/ld-linux-x86-64.so.2	./io/../sysdeps/unix/sysv/linux/pread64_nocancel.c	__pread64_nocancel
12	ELSE	/usr/libexec/valgrind/vgpreload_core-amd64-linux.so	???	0x0000000000001100
12	ELSE	/usr/lib/x86_64-linux-gnu/libc.so.6	./nptl/./nptl/pthread_mutex_unlock.c	pthread_mutex_unlock@@GLIBC_2.2.5
12	ELSE	/home/moritz/dev/repos/ooRexx-rust-rewrite/rust/target/release/rexx-run	???	0x00000000000d30f0
12	ELSE	/home/moritz/dev/repos/ooRexx-rust-rewrite/rust/target/release/rexx-run	/home/moritz/.rustup/toolchains/stable-x86_64-unknown-linux-gnu/lib/rustlib/src/rust/library/core/src/fmt/mod.rs	<&&str as core::fmt::Display>::fmt
12	ELSE	/usr/lib/x86_64-linux-gnu/libgcc_s.so.1	???	0x0000000000005980
11	ELSE	/usr/lib/x86_64-linux-gnu/ld-linux-x86-64.so.2	./elf/./elf/dl-cache.c	_dl_unload_cache
11	ELSE	/usr/lib/x86_64-linux-gnu/ld-linux-x86-64.so.2	./elf/./elf/dl-sort-maps.c	_dl_sort_maps_init
11	ELSE	/usr/lib/x86_64-linux-gnu/libc.so.6	./nptl/./nptl-stack.h	__pthread_get_minstack
11	ELSE	/usr/lib/x86_64-linux-gnu/libc.so.6	./nptl/./nptl/nptl-stack.c	__nptl_stack_list_add
11	ELSE	/usr/lib/x86_64-linux-gnu/libc.so.6	./libio/./libio/vtables.c	check_stdfiles_vtables
11	ELSE	/home/moritz/dev/repos/ooRexx-rust-rewrite/rust/target/release/rexx-run	???	(below main)
11	GC	/home/moritz/dev/repos/ooRexx-rust-rewrite/rust/target/release/rexx-run	/home/moritz/.rustup/toolchains/stable-x86_64-unknown-linux-gnu/lib/rustlib/src/rust/library/alloc/src/rc.rs	<alloc::rc::Rc<rexx_exec::activation::BuiltinTraps>>::drop_slow
10	ELSE	/usr/lib/x86_64-linux-gnu/ld-linux-x86-64.so.2	./elf/../misc/sbrk.c	sbrk
10	ELSE	/usr/lib/x86_64-linux-gnu/ld-linux-x86-64.so.2	./elf/./elf/rtld.c	version_check_doit
10	ELSE	/usr/lib/x86_64-linux-gnu/libc.so.6	./setjmp/./setjmp/sigjmp.c	__sigjmp_save
10	ELSE	/usr/lib/x86_64-linux-gnu/libc.so.6	./io/../sysdeps/unix/sysv/linux/lseek64.c	lseek
10	ELSE	/home/moritz/dev/repos/ooRexx-rust-rewrite/rust/target/release/rexx-run	/home/moritz/.rustup/toolchains/stable-x86_64-unknown-linux-gnu/lib/rustlib/src/rust/library/alloc/src/string.rs	<alloc::string::String as core::fmt::Display>::fmt
9	ELSE	/usr/lib/x86_64-linux-gnu/ld-linux-x86-64.so.2	./elf/./elf/dl-minimal.c	__rtld_malloc_init_stubs
9	ELSE	/usr/lib/x86_64-linux-gnu/libc.so.6	./resolv/./resolv/res-close.c	__res_thread_freeres
9	ELSE	/usr/lib/x86_64-linux-gnu/libc.so.6	./io/../sysdeps/unix/sysv/linux/write.c	write
9	ELSE	/usr/lib/x86_64-linux-gnu/libc.so.6	./dlfcn/./dlfcn/dlsym.c	dlsym_doit
9	ELSE	/usr/lib/x86_64-linux-gnu/libc.so.6	./io/../sysdeps/unix/sysv/linux/poll.c	poll
9	ELSE	/home/moritz/dev/repos/ooRexx-rust-rewrite/rust/target/release/rexx-run	/home/moritz/dev/repos/ooRexx-rust-rewrite/rust/crates/rexx-parse/src/instruction.rs	<rexx_parse::instruction::Inst>::required_end
9	GC	/home/moritz/dev/repos/ooRexx-rust-rewrite/rust/target/release/rexx-run	/home/moritz/.rustup/toolchains/stable-x86_64-unknown-linux-gnu/lib/rustlib/src/rust/library/core/src/ptr/mod.rs	core::ptr::drop_glue::<core::option::Option<alloc::boxed::Box<rexx_parse::ast::AddressIo>>>
9	ELSE	/usr/lib/x86_64-linux-gnu/libgcc_s.so.1	/build/reproducible-path/gcc-16-16.2.0/build/x86_64-linux-gnu/libgcc/../../../src/libgcc/unwind-dw2-fde.c	release_registered_frames
8	ELSE	/usr/lib/x86_64-linux-gnu/ld-linux-x86-64.so.2	./io/../sysdeps/unix/sysv/linux/access.c	access
8	ELSE	/usr/lib/x86_64-linux-gnu/ld-linux-x86-64.so.2	./elf/../elf/dl-tls.c	_dl_allocate_tls
8	ELSE	/usr/lib/x86_64-linux-gnu/libc.so.6	./nptl/./nptl/nptl_free_tcb.c	__nptl_free_tcb
8	ELSE	/usr/lib/x86_64-linux-gnu/libc.so.6	./libio/./libio/fileops.c	_IO_new_file_init_internal
7	ELSE	/usr/lib/x86_64-linux-gnu/ld-linux-x86-64.so.2	./elf/../sysdeps/unix/sysv/linux/brk_call.h	brk
7	ELSE	/usr/lib/x86_64-linux-gnu/libc.so.6	./malloc/./malloc/thread-freeres.c	__libc_thread_freeres
7	ELSE	/usr/lib/x86_64-linux-gnu/libc.so.6	./string/../sysdeps/unix/sysv/linux/tls-internal.c	__glibc_tls_internal_free
7	ELSE	/usr/lib/x86_64-linux-gnu/libc.so.6	./sunrpc/./sunrpc/rpc_thread.c	__rpc_thread_destroy
7	ELSE	/usr/lib/x86_64-linux-gnu/libc.so.6	./stdlib/./stdlib/exit.c	exit
6	ELSE	/usr/lib/x86_64-linux-gnu/libc.so.6	/build/reproducible-path/glibc-2.43/misc/../sysdeps/unix/syscall-template.S	gettid
6	ELSE	/usr/lib/x86_64-linux-gnu/libc.so.6	/build/reproducible-path/glibc-2.43/misc/../sysdeps/unix/syscall-template.S	prctl
6	ELSE	/usr/lib/x86_64-linux-gnu/libc.so.6	./string/../sysdeps/x86_64/multiarch/ifunc-sse4_2.h	strspn
6	ELSE	/usr/lib/x86_64-linux-gnu/libc.so.6	./string/../sysdeps/x86_64/multiarch/ifunc-sse4_2.h	strpbrk
6	ELSE	/usr/lib/x86_64-linux-gnu/libc.so.6	./string/../sysdeps/x86_64/multiarch/ifunc-sse4_2.h	strcspn
6	ELSE	/usr/lib/x86_64-linux-gnu/libc.so.6	./libio/./libio/genops.c	_IO_un_link
6	ELSE	/usr/lib/x86_64-linux-gnu/libc.so.6	./nptl/./nptl/pthread_self.c	pthread_self
6	ELSE	/usr/lib/x86_64-linux-gnu/libc.so.6	./nptl/./nptl/pthread_testcancel.c	pthread_testcancel@@GLIBC_2.34
6	ELSE	/usr/lib/x86_64-linux-gnu/libc.so.6	./nptl/./nptl/pthread_attr_setstacksize.c	pthread_attr_setstacksize@@GLIBC_2.34
6	ELSE	???	???	0x0000000004b9c000
6	ELSE	???	???	0x0000000004bb2000
6	ELSE	???	???	0x000000000433b7cc
5	ELSE	/usr/lib/x86_64-linux-gnu/ld-linux-x86-64.so.2	/build/reproducible-path/glibc-2.43/misc/../sysdeps/unix/syscall-template.S	munmap
5	ELSE	/usr/lib/x86_64-linux-gnu/ld-linux-x86-64.so.2	./elf/../elf/dl-tls.c	_dl_count_modids
5	ELSE	/usr/libexec/valgrind/vgpreload_core-amd64-linux.so	???	0x0000000000001050
5	ELSE	/usr/lib/x86_64-linux-gnu/ld-linux-x86-64.so.2	./elf/../sysdeps/x86/dl-get-cpu-features.c	__x86_cpu_features
5	ELSE	/usr/lib/x86_64-linux-gnu/libc.so.6	./io/../sysdeps/unix/sysv/linux/close_nocancel.c	__close_nocancel
5	ELSE	/usr/lib/x86_64-linux-gnu/libc.so.6	./io/../sysdeps/unix/sysv/linux/fstat64.c	fstat
5	ELSE	/usr/lib/x86_64-linux-gnu/libc.so.6	./libio/./libio/genops.c	_IO_unsave_markers
5	ELSE	/usr/lib/x86_64-linux-gnu/libc.so.6	./dlfcn/./dlfcn/libc_dlerror_result.c	__libc_dlerror_result_free
5	ELSE	/home/moritz/dev/repos/ooRexx-rust-rewrite/rust/target/release/rexx-run	???	0x00000000000d3040
5	ELSE	/usr/lib/x86_64-linux-gnu/libgcc_s.so.1	???	0x00000000000058d0
4	ELSE	/usr/lib/x86_64-linux-gnu/ld-linux-x86-64.so.2	./elf/./elf/dl-minimal-malloc.c	__minimal_free
4	ELSE	/usr/lib/x86_64-linux-gnu/ld-linux-x86-64.so.2	./elf/./elf/dl-audit.c	_dl_audit_preinit
4	ELSE	/usr/lib/x86_64-linux-gnu/ld-linux-x86-64.so.2	./elf/./elf/dl-audit.c	_dl_audit_activity_map
4	ELSE	/usr/lib/x86_64-linux-gnu/ld-linux-x86-64.so.2	./elf/../sysdeps/x86/dl-get-cpu-features.c	_dl_x86_init_cpu_features
4	ELSE	/usr/lib/x86_64-linux-gnu/libc.so.6	./nptl/./nptl/pthread_join.c	pthread_join@@GLIBC_2.34
4	ELSE	/usr/lib/x86_64-linux-gnu/libc.so.6	./nptl/./nptl/pthread_attr_getguardsize.c	pthread_attr_getguardsize@@GLIBC_2.34
4	ELSE	/usr/lib/x86_64-linux-gnu/libc.so.6	/build/reproducible-path/glibc-2.43/setjmp/../sysdeps/x86_64/bsd-_setjmp.S	_setjmp
4	ELSE	/usr/lib/x86_64-linux-gnu/libc.so.6	./libio/./libio/fileops.c	_IO_file_seek
4	ELSE	/usr/lib/x86_64-linux-gnu/libc.so.6	./libio/./libio/fileops.c	_IO_file_finish@@GLIBC_2.2.5
4	ELSE	/home/moritz/dev/repos/ooRexx-rust-rewrite/rust/target/release/rexx-run	/rustc/48a229ceaefd4985c50990b14116b6d856af0985/library/std/src/sys/args/unix.rs	std::sys::args::unix::imp::ARGV_INIT_ARRAY::init_wrapper
4	ELSE	/home/moritz/dev/repos/ooRexx-rust-rewrite/rust/target/release/rexx-run	/home/moritz/.rustup/toolchains/stable-x86_64-unknown-linux-gnu/lib/rustlib/src/rust/library/std/src/sys/backtrace.rs	std::sys::backtrace::__rust_begin_short_backtrace::<fn() -> std::process::ExitCode, std::process::ExitCode>
4	ELSE	/home/moritz/dev/repos/ooRexx-rust-rewrite/rust/target/release/rexx-run	/home/moritz/.rustup/toolchains/stable-x86_64-unknown-linux-gnu/lib/rustlib/src/rust/library/std/src/sys/backtrace.rs	std::sys::backtrace::__rust_begin_short_backtrace::<std::thread::lifecycle::spawn_unchecked<rexx_exec::command::spawn::{closure#6}::{closure#0}, ()>::{closure#1}::{closure#0}::{closure#0}, ()>
4	ELSE	???	???	0x0000000004c043d8
3	ELSE	/usr/lib/x86_64-linux-gnu/libc.so.6	./elf/./elf/dl-sym.c	_dl_sym
3	ELSE	/usr/lib/x86_64-linux-gnu/libc.so.6	./io/../sysdeps/unix/sysv/linux/close_nocancel_nostatus.c	__close_nocancel_nostatus
3	ELSE	/usr/lib/x86_64-linux-gnu/libc.so.6	./stdlib/../sysdeps/unix/sysv/linux/getrandom.c	__getrandom_vdso_release
3	ELSE	???	???	0x000000000433b7e4
3	ELSE	???	???	0x0000000004b9c284
3	ELSE	???	???	0x0000000004bd51d8
2	ELSE	/usr/lib/x86_64-linux-gnu/ld-linux-x86-64.so.2	./elf/./elf/dl-debug_state.c	_dl_debug_state
2	ELSE	/usr/lib/x86_64-linux-gnu/libc.so.6	./posix/../sysdeps/unix/sysv/linux/_exit.c	_Exit
2	ELSE	/usr/lib/x86_64-linux-gnu/libc.so.6	./stdlib/../sysdeps/unix/sysv/linux/getrandom.c	getrandom
2	ELSE	/usr/lib/x86_64-linux-gnu/libc.so.6	./nptl/./nptl/futex-internal.c	__futex_abstimed_wait_cancelable64
2	ELSE	/usr/lib/x86_64-linux-gnu/libc.so.6	./stdlib/./stdlib/cxa_atexit.c	__cxa_atexit
2	ELSE	/usr/lib/x86_64-linux-gnu/libc.so.6	./libio/./libio/iofopen.c	fopen@@GLIBC_2.2.5
2	ELSE	/usr/lib/x86_64-linux-gnu/libc.so.6	./libio/./libio/fileops.c	_IO_file_close
2	ELSE	/usr/lib/x86_64-linux-gnu/libc.so.6	./libio/./libio/fileops.c	_IO_file_stat
1	ELSE	/usr/lib/x86_64-linux-gnu/ld-linux-x86-64.so.2	./elf/../sysdeps/unix/sysv/linux/dl-sysdep.c	_dl_sysdep_start_cleanup
1	ELSE	???	???	0x0000000004bb23b0
1	ELSE	???	???	0x0000000004b9c030
